2026-09-04 20:06:31,341 [Worker-4: Loading available Gradle versions] INFO  o.e.b.c.i.u.g.PublishedGradleVersions - Gradle version information cache is not available. Remote download required.
2026-09-04 20:07:06,846 [Worker-15: Importing Maven projects] INFO  o.e.m.c.i.l.LifecycleMappingFactory - Using org.eclipse.m2e.jdt.JarLifecycleMapping lifecycle mapping for MavenProject: com.roshan:user-service:0.0.1-SNAPSHOT @ C:\Users\Abdul Rahman\OneDrive\Desktop\roshan\Payment Gateway Integration\User-Service\user-service\pom.xml.
2026-09-04 20:07:15,578 [Worker-15: Importing Maven projects] WARN  Sisu - Error injecting: org.apache.maven.plugins.jar.JarMojo
com.google.inject.ProvisionException: Unable to provision, see the following errors:

1) [Guice/ErrorInCustomProvider]: OutOfScopeException: Cannot access Key[type=MavenProject, annotation=[none]] outside of a scoping block
  at MojoExecutionScopeModule.configure(MojoExecutionScopeModule.java:47)
      \_ installed by: WireModule -> MojoExecutionScopeModule
  at JarMojo.<init>(JarMojo.java:72)
      \_ for 1st parameter
  while locating JarMojo

Learn more:
  https://github.com/google/guice/wiki/ERROR_IN_CUSTOM_PROVIDER

1 error

======================
Full classname legend:
======================
JarMojo:                  "org.apache.maven.plugins.jar.JarMojo"
MavenProject:             "org.apache.maven.project.MavenProject"
MojoExecutionScopeModule: "org.apache.maven.execution.scope.internal.MojoExecutionScopeModule"
OutOfScopeException:      "com.google.inject.OutOfScopeException"
WireModule:               "org.eclipse.sisu.wire.WireModule"
========================
End of classname legend:
========================

	at com.google.inject.internal.InternalProvisionException.toProvisionException(InternalProvisionException.java:251)
	at com.google.inject.internal.InjectorImpl$1.get(InjectorImpl.java:1104)
	at com.google.inject.internal.InjectorImpl.getInstance(InjectorImpl.java:1139)
	at org.eclipse.sisu.space.AbstractDeferredClass.get(AbstractDeferredClass.java:50)
	at com.google.inject.internal.ProviderInternalFactory.provision(ProviderInternalFactory.java:86)
	at com.google.inject.internal.InternalFactoryToInitializableAdapter.provision(InternalFactoryToInitializableAdapter.java:57)
	at com.google.inject.internal.ProviderInternalFactory$1.call(ProviderInternalFactory.java:67)
	at com.google.inject.internal.ProvisionListenerStackCallback$Provision.provision(ProvisionListenerStackCallback.java:109)
	at com.google.inject.internal.ProvisionListenerStackCallback$Provision.provision(ProvisionListenerStackCallback.java:124)
	at com.google.inject.internal.ProvisionListenerStackCallback.provision(ProvisionListenerStackCallback.java:66)
	at com.google.inject.internal.ProviderInternalFactory.circularGet(ProviderInternalFactory.java:62)
	at com.google.inject.internal.InternalFactoryToInitializableAdapter.get(InternalFactoryToInitializableAdapter.java:47)
	at com.google.inject.internal.InjectorImpl$1.get(InjectorImpl.java:1101)
	at org.eclipse.sisu.inject.Guice4$2.get(Guice4.java:235)
	at org.eclipse.sisu.inject.LazyBeanEntry.getValue(LazyBeanEntry.java:83)
	at org.eclipse.sisu.plexus.LazyPlexusBean.getValue(LazyPlexusBean.java:53)
	at org.codehaus.plexus.DefaultPlexusContainer.lookup(DefaultPlexusContainer.java:265)
	at org.codehaus.plexus.DefaultPlexusContainer.lookup(DefaultPlexusContainer.java:257)
	at org.apache.maven.plugin.internal.DefaultMavenPluginManager.getConfiguredMojo(DefaultMavenPluginManager.java:491)
	at org.eclipse.m2e.core.internal.embedder.MavenImpl.getConfiguredMojo(MavenImpl.java:206)
	at org.eclipse.m2e.mavenarchiver.internal.AbstractMavenArchiverConfigurator.reflectManifestGeneration(AbstractMavenArchiverConfigurator.java:439)
	at org.eclipse.m2e.mavenarchiver.internal.AbstractMavenArchiverConfigurator.lambda$3(AbstractMavenArchiverConfigurator.java:398)
	at org.eclipse.m2e.core.internal.embedder.MavenExecutionContext.executeBare(MavenExecutionContext.java:458)
	at org.eclipse.m2e.core.internal.embedder.MavenExecutionContext.execute(MavenExecutionContext.java:339)
	at org.eclipse.m2e.core.internal.embedder.MavenExecutionContext.execute(MavenExecutionContext.java:278)
	at org.eclipse.m2e.mavenarchiver.internal.AbstractMavenArchiverConfigurator.generateManifest(AbstractMavenArchiverConfigurator.java:371)
	at org.eclipse.m2e.mavenarchiver.internal.AbstractMavenArchiverConfigurator.mavenProjectChanged(AbstractMavenArchiverConfigurator.java:228)
	at org.eclipse.m2e.mavenarchiver.internal.AbstractMavenArchiverConfigurator.mavenProjectChanged(AbstractMavenArchiverConfigurator.java:220)
	at org.eclipse.m2e.core.internal.project.ProjectConfigurationManager.mavenProjectChanged(ProjectConfigurationManager.java:885)
	at org.eclipse.m2e.core.internal.project.registry.ProjectRegistryManager.notifyProjectChangeListeners(ProjectRegistryManager.java:892)
	at org.eclipse.m2e.core.internal.project.registry.ProjectRegistryManager.applyMutableProjectRegistry(ProjectRegistryManager.java:1042)
	at org.eclipse.m2e.core.internal.project.registry.ProjectRegistryManager.refresh(ProjectRegistryManager.java:324)
	at org.eclipse.m2e.core.internal.project.ProjectConfigurationManager.configureNewMavenProjects(ProjectConfigurationManager.java:256)
	at org.eclipse.m2e.core.internal.project.ProjectConfigurationManager.lambda$1(ProjectConfigurationManager.java:166)
	at org.eclipse.m2e.core.internal.embedder.MavenExecutionContext.executeBare(MavenExecutionContext.java:458)
	at org.eclipse.m2e.core.internal.embedder.MavenExecutionContext.execute(MavenExecutionContext.java:339)
	at org.eclipse.m2e.core.internal.embedder.MavenExecutionContext.execute(MavenExecutionContext.java:278)
	at org.eclipse.m2e.core.internal.project.ProjectConfigurationManager.importProjects(ProjectConfigurationManager.java:139)
	at org.eclipse.m2e.core.ui.internal.wizards.ImportMavenProjectsJob$1.doCreateMavenProjects(ImportMavenProjectsJob.java:71)
	at org.eclipse.m2e.core.ui.internal.wizards.AbstractCreateMavenProjectsOperation.run(AbstractCreateMavenProjectsOperation.java:56)
	at org.eclipse.m2e.core.ui.internal.wizards.ImportMavenProjectsJob.runInWorkspace(ImportMavenProjectsJob.java:80)
	at org.eclipse.core.internal.resources.InternalWorkspaceJob.run(InternalWorkspaceJob.java:43)
	at org.eclipse.core.internal.jobs.Worker.run(Worker.java:63)
Caused by: com.google.inject.OutOfScopeException: Cannot access Key[type=org.apache.maven.project.MavenProject, annotation=[none]] outside of a scoping block
	at org.apache.maven.execution.scope.internal.MojoExecutionScope$2.get(MojoExecutionScope.java:99)
	at com.google.inject.internal.InternalFactoryToProviderAdapter.get(InternalFactoryToProviderAdapter.java:45)
	at com.google.inject.internal.SingleParameterInjector.inject(SingleParameterInjector.java:40)
	at com.google.inject.internal.SingleParameterInjector.getAll(SingleParameterInjector.java:60)
	at com.google.inject.internal.ConstructorInjector.provision(ConstructorInjector.java:113)
	at com.google.inject.internal.ConstructorInjector.access$000(ConstructorInjector.java:33)
	at com.google.inject.internal.ConstructorInjector$1.call(ConstructorInjector.java:98)
	at com.google.inject.internal.ProvisionListenerStackCallback$Provision.provision(ProvisionListenerStackCallback.java:109)
	at com.google.inject.internal.ProvisionListenerStackCallback$Provision.provision(ProvisionListenerStackCallback.java:124)
	at com.google.inject.internal.ProvisionListenerStackCallback.provision(ProvisionListenerStackCallback.java:66)
	at com.google.inject.internal.ConstructorInjector.construct(ConstructorInjector.java:93)
	at com.google.inject.internal.ConstructorBindingImpl$Factory.get(ConstructorBindingImpl.java:300)
	at com.google.inject.internal.InjectorImpl$1.get(InjectorImpl.java:1101)
	... 41 common frames omitted
2026-09-04 20:07:17,788 [Worker-14: Updating Maven Project] INFO  o.e.m.c.i.p.ProjectConfigurationManager - Update started
2026-09-04 20:07:18,863 [Worker-14: Updating Maven Project] INFO  o.e.m.c.i.l.LifecycleMappingFactory - Using org.eclipse.m2e.jdt.JarLifecycleMapping lifecycle mapping for MavenProject: com.roshan:user-service:0.0.1-SNAPSHOT @ C:\Users\Abdul Rahman\OneDrive\Desktop\roshan\Payment Gateway Integration\User-Service\user-service\pom.xml.
2026-09-04 20:07:20,472 [Worker-14: Updating Maven Project] WARN  Sisu - Error injecting: org.apache.maven.plugins.jar.JarMojo
com.google.inject.ProvisionException: Unable to provision, see the following errors:

1) [Guice/ErrorInCustomProvider]: OutOfScopeException: Cannot access Key[type=MavenProject, annotation=[none]] outside of a scoping block
  at MojoExecutionScopeModule.configure(MojoExecutionScopeModule.java:47)
      \_ installed by: WireModule -> MojoExecutionScopeModule
  at JarMojo.<init>(JarMojo.java:72)
      \_ for 1st parameter
  while locating JarMojo

Learn more:
  https://github.com/google/guice/wiki/ERROR_IN_CUSTOM_PROVIDER

1 error

======================
Full classname legend:
======================
JarMojo:                  "org.apache.maven.plugins.jar.JarMojo"
MavenProject:             "org.apache.maven.project.MavenProject"
MojoExecutionScopeModule: "org.apache.maven.execution.scope.internal.MojoExecutionScopeModule"
OutOfScopeException:      "com.google.inject.OutOfScopeException"
WireModule:               "org.eclipse.sisu.wire.WireModule"
========================
End of classname legend:
========================

	at com.google.inject.internal.InternalProvisionException.toProvisionException(InternalProvisionException.java:251)
	at com.google.inject.internal.InjectorImpl$1.get(InjectorImpl.java:1104)
	at com.google.inject.internal.InjectorImpl.getInstance(InjectorImpl.java:1139)
	at org.eclipse.sisu.space.AbstractDeferredClass.get(AbstractDeferredClass.java:50)
	at com.google.inject.internal.ProviderInternalFactory.provision(ProviderInternalFactory.java:86)
	at com.google.inject.internal.InternalFactoryToInitializableAdapter.provision(InternalFactoryToInitializableAdapter.java:57)
	at com.google.inject.internal.ProviderInternalFactory$1.call(ProviderInternalFactory.java:67)
	at com.google.inject.internal.ProvisionListenerStackCallback$Provision.provision(ProvisionListenerStackCallback.java:109)
	at com.google.inject.internal.ProvisionListenerStackCallback$Provision.provision(ProvisionListenerStackCallback.java:124)
	at com.google.inject.internal.ProvisionListenerStackCallback.provision(ProvisionListenerStackCallback.java:66)
	at com.google.inject.internal.ProviderInternalFactory.circularGet(ProviderInternalFactory.java:62)
	at com.google.inject.internal.InternalFactoryToInitializableAdapter.get(InternalFactoryToInitializableAdapter.java:47)
	at com.google.inject.internal.InjectorImpl$1.get(InjectorImpl.java:1101)
	at org.eclipse.sisu.inject.Guice4$2.get(Guice4.java:235)
	at org.eclipse.sisu.inject.LazyBeanEntry.getValue(LazyBeanEntry.java:83)
	at org.eclipse.sisu.plexus.LazyPlexusBean.getValue(LazyPlexusBean.java:53)
	at org.codehaus.plexus.DefaultPlexusContainer.lookup(DefaultPlexusContainer.java:265)
	at org.codehaus.plexus.DefaultPlexusContainer.lookup(DefaultPlexusContainer.java:257)
	at org.apache.maven.plugin.internal.DefaultMavenPluginManager.getConfiguredMojo(DefaultMavenPluginManager.java:491)
	at org.eclipse.m2e.core.internal.embedder.MavenImpl.getConfiguredMojo(MavenImpl.java:206)
	at org.eclipse.m2e.mavenarchiver.internal.AbstractMavenArchiverConfigurator.reflectManifestGeneration(AbstractMavenArchiverConfigurator.java:439)
	at org.eclipse.m2e.mavenarchiver.internal.AbstractMavenArchiverConfigurator.lambda$3(AbstractMavenArchiverConfigurator.java:398)
	at org.eclipse.m2e.core.internal.embedder.MavenExecutionContext.executeBare(MavenExecutionContext.java:458)
	at org.eclipse.m2e.core.internal.embedder.MavenExecutionContext.execute(MavenExecutionContext.java:339)
	at org.eclipse.m2e.core.internal.embedder.MavenExecutionContext.execute(MavenExecutionContext.java:278)
	at org.eclipse.m2e.mavenarchiver.internal.AbstractMavenArchiverConfigurator.generateManifest(AbstractMavenArchiverConfigurator.java:371)
	at org.eclipse.m2e.mavenarchiver.internal.AbstractMavenArchiverConfigurator.mavenProjectChanged(AbstractMavenArchiverConfigurator.java:228)
	at org.eclipse.m2e.mavenarchiver.internal.AbstractMavenArchiverConfigurator.mavenProjectChanged(AbstractMavenArchiverConfigurator.java:220)
	at org.eclipse.m2e.core.internal.project.ProjectConfigurationManager.mavenProjectChanged(ProjectConfigurationManager.java:885)
	at org.eclipse.m2e.core.internal.project.registry.ProjectRegistryManager.notifyProjectChangeListeners(ProjectRegistryManager.java:892)
	at org.eclipse.m2e.core.internal.project.registry.ProjectRegistryManager.applyMutableProjectRegistry(ProjectRegistryManager.java:1042)
	at org.eclipse.m2e.core.internal.project.registry.ProjectRegistryManager.refresh(ProjectRegistryManager.java:324)
	at org.eclipse.m2e.core.internal.project.ProjectConfigurationManager.updateProjectConfiguration0(ProjectConfigurationManager.java:388)
	at org.eclipse.m2e.core.internal.project.ProjectConfigurationManager.lambda$3(ProjectConfigurationManager.java:340)
	at org.eclipse.m2e.core.internal.embedder.MavenExecutionContext.executeBare(MavenExecutionContext.java:458)
	at org.eclipse.m2e.core.internal.embedder.MavenExecutionContext.execute(MavenExecutionContext.java:339)
	at org.eclipse.m2e.core.internal.embedder.MavenExecutionContext.execute(MavenExecutionContext.java:278)
	at org.eclipse.m2e.core.internal.embedder.MavenImpl.execute(MavenImpl.java:1053)
	at org.eclipse.m2e.core.internal.project.ProjectConfigurationManager.updateProjectConfiguration(ProjectConfigurationManager.java:339)
	at org.eclipse.m2e.core.ui.internal.UpdateMavenProjectJob.runInWorkspace(UpdateMavenProjectJob.java:80)
	at org.eclipse.core.internal.resources.InternalWorkspaceJob.run(InternalWorkspaceJob.java:43)
	at org.eclipse.core.internal.jobs.Worker.run(Worker.java:63)
Caused by: com.google.inject.OutOfScopeException: Cannot access Key[type=org.apache.maven.project.MavenProject, annotation=[none]] outside of a scoping block
	at org.apache.maven.execution.scope.internal.MojoExecutionScope$2.get(MojoExecutionScope.java:99)
	at com.google.inject.internal.InternalFactoryToProviderAdapter.get(InternalFactoryToProviderAdapter.java:45)
	at com.google.inject.internal.SingleParameterInjector.inject(SingleParameterInjector.java:40)
	at com.google.inject.internal.SingleParameterInjector.getAll(SingleParameterInjector.java:60)
	at com.google.inject.internal.ConstructorInjector.provision(ConstructorInjector.java:113)
	at com.google.inject.internal.ConstructorInjector.access$000(ConstructorInjector.java:33)
	at com.google.inject.internal.ConstructorInjector$1.call(ConstructorInjector.java:98)
	at com.google.inject.internal.ProvisionListenerStackCallback$Provision.provision(ProvisionListenerStackCallback.java:109)
	at com.google.inject.internal.ProvisionListenerStackCallback$Provision.provision(ProvisionListenerStackCallback.java:124)
	at com.google.inject.internal.ProvisionListenerStackCallback.provision(ProvisionListenerStackCallback.java:66)
	at com.google.inject.internal.ConstructorInjector.construct(ConstructorInjector.java:93)
	at com.google.inject.internal.ConstructorBindingImpl$Factory.get(ConstructorBindingImpl.java:300)
	at com.google.inject.internal.InjectorImpl$1.get(InjectorImpl.java:1101)
	... 40 common frames omitted
2026-09-04 20:07:22,037 [Worker-14: Updating Maven Project] INFO  o.e.m.j.i.AbstractJavaProjectConfigurator - Adding source folder /user-service/src/main/java
2026-09-04 20:07:22,044 [Worker-14: Updating Maven Project] INFO  o.e.m.j.i.AbstractJavaProjectConfigurator - Adding resource folder /user-service/src/main/resources
2026-09-04 20:07:22,057 [Worker-14: Updating Maven Project] INFO  o.e.m.j.i.AbstractJavaProjectConfigurator - Adding resource folder /user-service/src/main/resources
2026-09-04 20:07:22,068 [Worker-14: Updating Maven Project] INFO  o.e.m.j.i.AbstractJavaProjectConfigurator - Adding source folder /user-service/src/test/java
2026-09-04 20:07:22,071 [Worker-14: Updating Maven Project] INFO  o.e.m.j.i.AbstractJavaProjectConfigurator - Adding resource folder /user-service/src/test/resources
2026-09-04 20:07:26,179 [Worker-14: Updating Maven Project] INFO  o.e.m.c.i.p.ProjectConfigurationManager - Update completed for 1 poms: local refresh takes 0.00 sec, refresh facades takes 3.00 sec, update config takes 4.00 sec 
2026-09-04 20:07:28,927 [Worker-16: Building] INFO  o.a.m.s.f.DefaultMavenResourcesFiltering - Copying 1 resource from src\main\resources to target\classes
2026-09-04 20:07:28,964 [Worker-16: Building] INFO  o.a.m.s.f.DefaultMavenResourcesFiltering - Copying 0 resource from src\main\resources to target\classes
2026-09-04 20:07:28,978 [Worker-16: Building] INFO  o.a.m.s.f.DefaultMavenResourcesFiltering - skip non existing resourceDirectory C:\Users\Abdul Rahman\OneDrive\Desktop\roshan\Payment Gateway Integration\User-Service\user-service\src\test\resources
2026-09-04 20:07:30,343 [Worker-16: Building] WARN  Sisu - Error injecting: org.apache.maven.plugins.jar.JarMojo
com.google.inject.ProvisionException: Unable to provision, see the following errors:

1) [Guice/ErrorInCustomProvider]: OutOfScopeException: Cannot access Key[type=MavenProject, annotation=[none]] outside of a scoping block
  at MojoExecutionScopeModule.configure(MojoExecutionScopeModule.java:47)
      \_ installed by: WireModule -> MojoExecutionScopeModule
  at JarMojo.<init>(JarMojo.java:72)
      \_ for 1st parameter
  while locating JarMojo

Learn more:
  https://github.com/google/guice/wiki/ERROR_IN_CUSTOM_PROVIDER

1 error

======================
Full classname legend:
======================
JarMojo:                  "org.apache.maven.plugins.jar.JarMojo"
MavenProject:             "org.apache.maven.project.MavenProject"
MojoExecutionScopeModule: "org.apache.maven.execution.scope.internal.MojoExecutionScopeModule"
OutOfScopeException:      "com.google.inject.OutOfScopeException"
WireModule:               "org.eclipse.sisu.wire.WireModule"
========================
End of classname legend:
========================

	at com.google.inject.internal.InternalProvisionException.toProvisionException(InternalProvisionException.java:251)
	at com.google.inject.internal.InjectorImpl$1.get(InjectorImpl.java:1104)
	at com.google.inject.internal.InjectorImpl.getInstance(InjectorImpl.java:1139)
	at org.eclipse.sisu.space.AbstractDeferredClass.get(AbstractDeferredClass.java:50)
	at com.google.inject.internal.ProviderInternalFactory.provision(ProviderInternalFactory.java:86)
	at com.google.inject.internal.InternalFactoryToInitializableAdapter.provision(InternalFactoryToInitializableAdapter.java:57)
	at com.google.inject.internal.ProviderInternalFactory$1.call(ProviderInternalFactory.java:67)
	at com.google.inject.internal.ProvisionListenerStackCallback$Provision.provision(ProvisionListenerStackCallback.java:109)
	at com.google.inject.internal.ProvisionListenerStackCallback$Provision.provision(ProvisionListenerStackCallback.java:124)
	at com.google.inject.internal.ProvisionListenerStackCallback.provision(ProvisionListenerStackCallback.java:66)
	at com.google.inject.internal.ProviderInternalFactory.circularGet(ProviderInternalFactory.java:62)
	at com.google.inject.internal.InternalFactoryToInitializableAdapter.get(InternalFactoryToInitializableAdapter.java:47)
	at com.google.inject.internal.InjectorImpl$1.get(InjectorImpl.java:1101)
	at org.eclipse.sisu.inject.Guice4$2.get(Guice4.java:235)
	at org.eclipse.sisu.inject.LazyBeanEntry.getValue(LazyBeanEntry.java:83)
	at org.eclipse.sisu.plexus.LazyPlexusBean.getValue(LazyPlexusBean.java:53)
	at org.codehaus.plexus.DefaultPlexusContainer.lookup(DefaultPlexusContainer.java:265)
	at org.codehaus.plexus.DefaultPlexusContainer.lookup(DefaultPlexusContainer.java:257)
	at org.apache.maven.plugin.internal.DefaultMavenPluginManager.getConfiguredMojo(DefaultMavenPluginManager.java:491)
	at org.eclipse.m2e.core.internal.embedder.MavenImpl.getConfiguredMojo(MavenImpl.java:206)
	at org.eclipse.m2e.mavenarchiver.internal.AbstractMavenArchiverConfigurator.reflectManifestGeneration(AbstractMavenArchiverConfigurator.java:439)
	at org.eclipse.m2e.mavenarchiver.internal.AbstractMavenArchiverConfigurator.lambda$3(AbstractMavenArchiverConfigurator.java:398)
	at org.eclipse.m2e.core.internal.embedder.MavenExecutionContext.executeBare(MavenExecutionContext.java:458)
	at org.eclipse.m2e.core.internal.embedder.MavenExecutionContext.execute(MavenExecutionContext.java:339)
	at org.eclipse.m2e.core.internal.embedder.MavenExecutionContext.execute(MavenExecutionContext.java:278)
	at org.eclipse.m2e.mavenarchiver.internal.AbstractMavenArchiverConfigurator.generateManifest(AbstractMavenArchiverConfigurator.java:371)
	at org.eclipse.m2e.mavenarchiver.internal.AbstractMavenArchiverConfigurator.mavenProjectChanged(AbstractMavenArchiverConfigurator.java:228)
	at org.eclipse.m2e.mavenarchiver.internal.AbstractMavenArchiverConfigurator$1.build(AbstractMavenArchiverConfigurator.java:178)
	at org.eclipse.m2e.core.internal.builder.MavenBuilderImpl.lambda$2(MavenBuilderImpl.java:159)
	at java.base/java.util.LinkedHashMap.forEach(LinkedHashMap.java:986)
	at org.eclipse.m2e.core.internal.builder.MavenBuilderImpl.build(MavenBuilderImpl.java:139)
	at org.eclipse.m2e.core.internal.builder.MavenBuilder$1.method(MavenBuilder.java:164)
	at org.eclipse.m2e.core.internal.builder.MavenBuilder$1.method(MavenBuilder.java:1)
	at org.eclipse.m2e.core.internal.builder.MavenBuilder$BuildMethod.lambda$1(MavenBuilder.java:109)
	at org.eclipse.m2e.core.internal.embedder.MavenExecutionContext.executeBare(MavenExecutionContext.java:458)
	at org.eclipse.m2e.core.internal.embedder.MavenExecutionContext.execute(MavenExecutionContext.java:292)
	at org.eclipse.m2e.core.internal.builder.MavenBuilder$BuildMethod.lambda$0(MavenBuilder.java:100)
	at org.eclipse.m2e.core.internal.embedder.MavenExecutionContext.executeBare(MavenExecutionContext.java:458)
	at org.eclipse.m2e.core.internal.embedder.MavenExecutionContext.execute(MavenExecutionContext.java:339)
	at org.eclipse.m2e.core.internal.embedder.MavenExecutionContext.execute(MavenExecutionContext.java:278)
	at org.eclipse.m2e.core.internal.builder.MavenBuilder$BuildMethod.execute(MavenBuilder.java:83)
	at org.eclipse.m2e.core.internal.builder.MavenBuilder.build(MavenBuilder.java:192)
	at org.eclipse.core.internal.events.BuildManager$2.run(BuildManager.java:1077)
	at org.eclipse.core.runtime.SafeRunner.run(SafeRunner.java:47)
	at org.eclipse.core.internal.events.BuildManager.basicBuild(BuildManager.java:296)
	at org.eclipse.core.internal.events.BuildManager.basicBuild(BuildManager.java:352)
	at org.eclipse.core.internal.events.BuildManager$1.run(BuildManager.java:441)
	at org.eclipse.core.runtime.SafeRunner.run(SafeRunner.java:47)
	at org.eclipse.core.internal.events.BuildManager.basicBuild(BuildManager.java:444)
	at org.eclipse.core.internal.events.BuildManager.basicBuildLoop(BuildManager.java:555)
	at org.eclipse.core.internal.events.BuildManager.basicBuildLoop(BuildManager.java:503)
	at org.eclipse.core.internal.events.BuildManager.build(BuildManager.java:585)
	at org.eclipse.core.internal.events.AutoBuildJob.doBuild(AutoBuildJob.java:207)
	at org.eclipse.core.internal.events.AutoBuildJob.run(AutoBuildJob.java:300)
	at org.eclipse.core.internal.jobs.Worker.run(Worker.java:63)
Caused by: com.google.inject.OutOfScopeException: Cannot access Key[type=org.apache.maven.project.MavenProject, annotation=[none]] outside of a scoping block
	at org.apache.maven.execution.scope.internal.MojoExecutionScope$2.get(MojoExecutionScope.java:99)
	at com.google.inject.internal.InternalFactoryToProviderAdapter.get(InternalFactoryToProviderAdapter.java:45)
	at com.google.inject.internal.SingleParameterInjector.inject(SingleParameterInjector.java:40)
	at com.google.inject.internal.SingleParameterInjector.getAll(SingleParameterInjector.java:60)
	at com.google.inject.internal.ConstructorInjector.provision(ConstructorInjector.java:113)
	at com.google.inject.internal.ConstructorInjector.access$000(ConstructorInjector.java:33)
	at com.google.inject.internal.ConstructorInjector$1.call(ConstructorInjector.java:98)
	at com.google.inject.internal.ProvisionListenerStackCallback$Provision.provision(ProvisionListenerStackCallback.java:109)
	at com.google.inject.internal.ProvisionListenerStackCallback$Provision.provision(ProvisionListenerStackCallback.java:124)
	at com.google.inject.internal.ProvisionListenerStackCallback.provision(ProvisionListenerStackCallback.java:66)
	at com.google.inject.internal.ConstructorInjector.construct(ConstructorInjector.java:93)
	at com.google.inject.internal.ConstructorBindingImpl$Factory.get(ConstructorBindingImpl.java:300)
	at com.google.inject.internal.InjectorImpl$1.get(InjectorImpl.java:1101)
	... 53 common frames omitted
2026-09-04 20:11:18,327 [Worker-21: Building] INFO  o.a.m.s.f.DefaultMavenResourcesFiltering - Copying 1 resource from src\main\resources to target\classes
2026-09-04 20:11:18,341 [Worker-21: Building] INFO  o.a.m.s.f.DefaultMavenResourcesFiltering - Copying 0 resource from src\main\resources to target\classes
2026-09-04 20:11:18,353 [Worker-21: Building] INFO  o.a.m.s.f.DefaultMavenResourcesFiltering - skip non existing resourceDirectory C:\Users\Abdul Rahman\OneDrive\Desktop\roshan\Payment Gateway Integration\User-Service\user-service\src\test\resources
2026-09-04 20:11:18,381 [Worker-21: Building] WARN  Sisu - Error injecting: org.apache.maven.plugins.jar.JarMojo
com.google.inject.ProvisionException: Unable to provision, see the following errors:

1) [Guice/ErrorInCustomProvider]: OutOfScopeException: Cannot access Key[type=MavenProject, annotation=[none]] outside of a scoping block
  at MojoExecutionScopeModule.configure(MojoExecutionScopeModule.java:47)
      \_ installed by: WireModule -> MojoExecutionScopeModule
  at JarMojo.<init>(JarMojo.java:72)
      \_ for 1st parameter
  while locating JarMojo

Learn more:
  https://github.com/google/guice/wiki/ERROR_IN_CUSTOM_PROVIDER

1 error

======================
Full classname legend:
======================
JarMojo:                  "org.apache.maven.plugins.jar.JarMojo"
MavenProject:             "org.apache.maven.project.MavenProject"
MojoExecutionScopeModule: "org.apache.maven.execution.scope.internal.MojoExecutionScopeModule"
OutOfScopeException:      "com.google.inject.OutOfScopeException"
WireModule:               "org.eclipse.sisu.wire.WireModule"
========================
End of classname legend:
========================

	at com.google.inject.internal.InternalProvisionException.toProvisionException(InternalProvisionException.java:251)
	at com.google.inject.internal.InjectorImpl$1.get(InjectorImpl.java:1104)
	at com.google.inject.internal.InjectorImpl.getInstance(InjectorImpl.java:1139)
	at org.eclipse.sisu.space.AbstractDeferredClass.get(AbstractDeferredClass.java:50)
	at com.google.inject.internal.ProviderInternalFactory.provision(ProviderInternalFactory.java:86)
	at com.google.inject.internal.InternalFactoryToInitializableAdapter.provision(InternalFactoryToInitializableAdapter.java:57)
	at com.google.inject.internal.ProviderInternalFactory$1.call(ProviderInternalFactory.java:67)
	at com.google.inject.internal.ProvisionListenerStackCallback$Provision.provision(ProvisionListenerStackCallback.java:109)
	at com.google.inject.internal.ProvisionListenerStackCallback$Provision.provision(ProvisionListenerStackCallback.java:124)
	at com.google.inject.internal.ProvisionListenerStackCallback.provision(ProvisionListenerStackCallback.java:66)
	at com.google.inject.internal.ProviderInternalFactory.circularGet(ProviderInternalFactory.java:62)
	at com.google.inject.internal.InternalFactoryToInitializableAdapter.get(InternalFactoryToInitializableAdapter.java:47)
	at com.google.inject.internal.InjectorImpl$1.get(InjectorImpl.java:1101)
	at org.eclipse.sisu.inject.Guice4$2.get(Guice4.java:235)
	at org.eclipse.sisu.inject.LazyBeanEntry.getValue(LazyBeanEntry.java:83)
	at org.eclipse.sisu.plexus.LazyPlexusBean.getValue(LazyPlexusBean.java:53)
	at org.codehaus.plexus.DefaultPlexusContainer.lookup(DefaultPlexusContainer.java:265)
	at org.codehaus.plexus.DefaultPlexusContainer.lookup(DefaultPlexusContainer.java:257)
	at org.apache.maven.plugin.internal.DefaultMavenPluginManager.getConfiguredMojo(DefaultMavenPluginManager.java:491)
	at org.eclipse.m2e.core.internal.embedder.MavenImpl.getConfiguredMojo(MavenImpl.java:206)
	at org.eclipse.m2e.mavenarchiver.internal.AbstractMavenArchiverConfigurator.reflectManifestGeneration(AbstractMavenArchiverConfigurator.java:439)
	at org.eclipse.m2e.mavenarchiver.internal.AbstractMavenArchiverConfigurator.lambda$3(AbstractMavenArchiverConfigurator.java:398)
	at org.eclipse.m2e.core.internal.embedder.MavenExecutionContext.executeBare(MavenExecutionContext.java:458)
	at org.eclipse.m2e.core.internal.embedder.MavenExecutionContext.execute(MavenExecutionContext.java:339)
	at org.eclipse.m2e.core.internal.embedder.MavenExecutionContext.execute(MavenExecutionContext.java:278)
	at org.eclipse.m2e.mavenarchiver.internal.AbstractMavenArchiverConfigurator.generateManifest(AbstractMavenArchiverConfigurator.java:371)
	at org.eclipse.m2e.mavenarchiver.internal.AbstractMavenArchiverConfigurator.mavenProjectChanged(AbstractMavenArchiverConfigurator.java:228)
	at org.eclipse.m2e.mavenarchiver.internal.AbstractMavenArchiverConfigurator$1.build(AbstractMavenArchiverConfigurator.java:178)
	at org.eclipse.m2e.core.internal.builder.MavenBuilderImpl.lambda$2(MavenBuilderImpl.java:159)
	at java.base/java.util.LinkedHashMap.forEach(LinkedHashMap.java:986)
	at org.eclipse.m2e.core.internal.builder.MavenBuilderImpl.build(MavenBuilderImpl.java:139)
	at org.eclipse.m2e.core.internal.builder.MavenBuilder$1.method(MavenBuilder.java:164)
	at org.eclipse.m2e.core.internal.builder.MavenBuilder$1.method(MavenBuilder.java:1)
	at org.eclipse.m2e.core.internal.builder.MavenBuilder$BuildMethod.lambda$1(MavenBuilder.java:109)
	at org.eclipse.m2e.core.internal.embedder.MavenExecutionContext.executeBare(MavenExecutionContext.java:458)
	at org.eclipse.m2e.core.internal.embedder.MavenExecutionContext.execute(MavenExecutionContext.java:292)
	at org.eclipse.m2e.core.internal.builder.MavenBuilder$BuildMethod.lambda$0(MavenBuilder.java:100)
	at org.eclipse.m2e.core.internal.embedder.MavenExecutionContext.executeBare(MavenExecutionContext.java:458)
	at org.eclipse.m2e.core.internal.embedder.MavenExecutionContext.execute(MavenExecutionContext.java:339)
	at org.eclipse.m2e.core.internal.embedder.MavenExecutionContext.execute(MavenExecutionContext.java:278)
	at org.eclipse.m2e.core.internal.builder.MavenBuilder$BuildMethod.execute(MavenBuilder.java:83)
	at org.eclipse.m2e.core.internal.builder.MavenBuilder.build(MavenBuilder.java:192)
	at org.eclipse.core.internal.events.BuildManager$2.run(BuildManager.java:1077)
	at org.eclipse.core.runtime.SafeRunner.run(SafeRunner.java:47)
	at org.eclipse.core.internal.events.BuildManager.basicBuild(BuildManager.java:296)
	at org.eclipse.core.internal.events.BuildManager.basicBuild(BuildManager.java:352)
	at org.eclipse.core.internal.events.BuildManager$1.run(BuildManager.java:441)
	at org.eclipse.core.runtime.SafeRunner.run(SafeRunner.java:47)
	at org.eclipse.core.internal.events.BuildManager.basicBuild(BuildManager.java:444)
	at org.eclipse.core.internal.events.BuildManager.basicBuildLoop(BuildManager.java:555)
	at org.eclipse.core.internal.events.BuildManager.basicBuildLoop(BuildManager.java:503)
	at org.eclipse.core.internal.events.BuildManager.build(BuildManager.java:585)
	at org.eclipse.core.internal.events.AutoBuildJob.doBuild(AutoBuildJob.java:207)
	at org.eclipse.core.internal.events.AutoBuildJob.run(AutoBuildJob.java:300)
	at org.eclipse.core.internal.jobs.Worker.run(Worker.java:63)
Caused by: com.google.inject.OutOfScopeException: Cannot access Key[type=org.apache.maven.project.MavenProject, annotation=[none]] outside of a scoping block
	at org.apache.maven.execution.scope.internal.MojoExecutionScope$2.get(MojoExecutionScope.java:99)
	at com.google.inject.internal.InternalFactoryToProviderAdapter.get(InternalFactoryToProviderAdapter.java:45)
	at com.google.inject.internal.SingleParameterInjector.inject(SingleParameterInjector.java:40)
	at com.google.inject.internal.SingleParameterInjector.getAll(SingleParameterInjector.java:60)
	at com.google.inject.internal.ConstructorInjector.provision(ConstructorInjector.java:113)
	at com.google.inject.internal.ConstructorInjector.access$000(ConstructorInjector.java:33)
	at com.google.inject.internal.ConstructorInjector$1.call(ConstructorInjector.java:98)
	at com.google.inject.internal.ProvisionListenerStackCallback$Provision.provision(ProvisionListenerStackCallback.java:109)
	at com.google.inject.internal.ProvisionListenerStackCallback$Provision.provision(ProvisionListenerStackCallback.java:124)
	at com.google.inject.internal.ProvisionListenerStackCallback.provision(ProvisionListenerStackCallback.java:66)
	at com.google.inject.internal.ConstructorInjector.construct(ConstructorInjector.java:93)
	at com.google.inject.internal.ConstructorBindingImpl$Factory.get(ConstructorBindingImpl.java:300)
	at com.google.inject.internal.InjectorImpl$1.get(InjectorImpl.java:1101)
	... 53 common frames omitted
2026-09-04 20:13:11,701 [Worker-18: Updating Maven Project] INFO  o.e.m.c.i.p.ProjectConfigurationManager - Update started
2026-09-04 20:13:12,454 [Worker-18: Updating Maven Project] INFO  o.e.m.c.i.l.LifecycleMappingFactory - Using org.eclipse.m2e.jdt.JarLifecycleMapping lifecycle mapping for MavenProject: com.roshan:user-service:0.0.1-SNAPSHOT @ C:\Users\Abdul Rahman\OneDrive\Desktop\roshan\Payment Gateway Integration\User-Service\user-service\pom.xml.
2026-09-04 20:13:13,797 [Worker-18: Updating Maven Project] WARN  Sisu - Error injecting: org.apache.maven.plugins.jar.JarMojo
com.google.inject.ProvisionException: Unable to provision, see the following errors:

1) [Guice/ErrorInCustomProvider]: OutOfScopeException: Cannot access Key[type=MavenProject, annotation=[none]] outside of a scoping block
  at MojoExecutionScopeModule.configure(MojoExecutionScopeModule.java:47)
      \_ installed by: WireModule -> MojoExecutionScopeModule
  at JarMojo.<init>(JarMojo.java:72)
      \_ for 1st parameter
  while locating JarMojo

Learn more:
  https://github.com/google/guice/wiki/ERROR_IN_CUSTOM_PROVIDER

1 error

======================
Full classname legend:
======================
JarMojo:                  "org.apache.maven.plugins.jar.JarMojo"
MavenProject:             "org.apache.maven.project.MavenProject"
MojoExecutionScopeModule: "org.apache.maven.execution.scope.internal.MojoExecutionScopeModule"
OutOfScopeException:      "com.google.inject.OutOfScopeException"
WireModule:               "org.eclipse.sisu.wire.WireModule"
========================
End of classname legend:
========================

	at com.google.inject.internal.InternalProvisionException.toProvisionException(InternalProvisionException.java:251)
	at com.google.inject.internal.InjectorImpl$1.get(InjectorImpl.java:1104)
	at com.google.inject.internal.InjectorImpl.getInstance(InjectorImpl.java:1139)
	at org.eclipse.sisu.space.AbstractDeferredClass.get(AbstractDeferredClass.java:50)
	at com.google.inject.internal.ProviderInternalFactory.provision(ProviderInternalFactory.java:86)
	at com.google.inject.internal.InternalFactoryToInitializableAdapter.provision(InternalFactoryToInitializableAdapter.java:57)
	at com.google.inject.internal.ProviderInternalFactory$1.call(ProviderInternalFactory.java:67)
	at com.google.inject.internal.ProvisionListenerStackCallback$Provision.provision(ProvisionListenerStackCallback.java:109)
	at com.google.inject.internal.ProvisionListenerStackCallback$Provision.provision(ProvisionListenerStackCallback.java:124)
	at com.google.inject.internal.ProvisionListenerStackCallback.provision(ProvisionListenerStackCallback.java:66)
	at com.google.inject.internal.ProviderInternalFactory.circularGet(ProviderInternalFactory.java:62)
	at com.google.inject.internal.InternalFactoryToInitializableAdapter.get(InternalFactoryToInitializableAdapter.java:47)
	at com.google.inject.internal.InjectorImpl$1.get(InjectorImpl.java:1101)
	at org.eclipse.sisu.inject.Guice4$2.get(Guice4.java:235)
	at org.eclipse.sisu.inject.LazyBeanEntry.getValue(LazyBeanEntry.java:83)
	at org.eclipse.sisu.plexus.LazyPlexusBean.getValue(LazyPlexusBean.java:53)
	at org.codehaus.plexus.DefaultPlexusContainer.lookup(DefaultPlexusContainer.java:265)
	at org.codehaus.plexus.DefaultPlexusContainer.lookup(DefaultPlexusContainer.java:257)
	at org.apache.maven.plugin.internal.DefaultMavenPluginManager.getConfiguredMojo(DefaultMavenPluginManager.java:491)
	at org.eclipse.m2e.core.internal.embedder.MavenImpl.getConfiguredMojo(MavenImpl.java:206)
	at org.eclipse.m2e.mavenarchiver.internal.AbstractMavenArchiverConfigurator.reflectManifestGeneration(AbstractMavenArchiverConfigurator.java:439)
	at org.eclipse.m2e.mavenarchiver.internal.AbstractMavenArchiverConfigurator.lambda$3(AbstractMavenArchiverConfigurator.java:398)
	at org.eclipse.m2e.core.internal.embedder.MavenExecutionContext.executeBare(MavenExecutionContext.java:458)
	at org.eclipse.m2e.core.internal.embedder.MavenExecutionContext.execute(MavenExecutionContext.java:339)
	at org.eclipse.m2e.core.internal.embedder.MavenExecutionContext.execute(MavenExecutionContext.java:278)
	at org.eclipse.m2e.mavenarchiver.internal.AbstractMavenArchiverConfigurator.generateManifest(AbstractMavenArchiverConfigurator.java:371)
	at org.eclipse.m2e.mavenarchiver.internal.AbstractMavenArchiverConfigurator.mavenProjectChanged(AbstractMavenArchiverConfigurator.java:228)
	at org.eclipse.m2e.mavenarchiver.internal.AbstractMavenArchiverConfigurator.mavenProjectChanged(AbstractMavenArchiverConfigurator.java:220)
	at org.eclipse.m2e.core.internal.project.ProjectConfigurationManager.mavenProjectChanged(ProjectConfigurationManager.java:885)
	at org.eclipse.m2e.core.internal.project.registry.ProjectRegistryManager.notifyProjectChangeListeners(ProjectRegistryManager.java:892)
	at org.eclipse.m2e.core.internal.project.registry.ProjectRegistryManager.applyMutableProjectRegistry(ProjectRegistryManager.java:1042)
	at org.eclipse.m2e.core.internal.project.registry.ProjectRegistryManager.refresh(ProjectRegistryManager.java:324)
	at org.eclipse.m2e.core.internal.project.ProjectConfigurationManager.updateProjectConfiguration0(ProjectConfigurationManager.java:388)
	at org.eclipse.m2e.core.internal.project.ProjectConfigurationManager.lambda$3(ProjectConfigurationManager.java:340)
	at org.eclipse.m2e.core.internal.embedder.MavenExecutionContext.executeBare(MavenExecutionContext.java:458)
	at org.eclipse.m2e.core.internal.embedder.MavenExecutionContext.execute(MavenExecutionContext.java:339)
	at org.eclipse.m2e.core.internal.embedder.MavenExecutionContext.execute(MavenExecutionContext.java:278)
	at org.eclipse.m2e.core.internal.embedder.MavenImpl.execute(MavenImpl.java:1053)
	at org.eclipse.m2e.core.internal.project.ProjectConfigurationManager.updateProjectConfiguration(ProjectConfigurationManager.java:339)
	at org.eclipse.m2e.core.ui.internal.UpdateMavenProjectJob.runInWorkspace(UpdateMavenProjectJob.java:80)
	at org.eclipse.core.internal.resources.InternalWorkspaceJob.run(InternalWorkspaceJob.java:43)
	at org.eclipse.core.internal.jobs.Worker.run(Worker.java:63)
Caused by: com.google.inject.OutOfScopeException: Cannot access Key[type=org.apache.maven.project.MavenProject, annotation=[none]] outside of a scoping block
	at org.apache.maven.execution.scope.internal.MojoExecutionScope$2.get(MojoExecutionScope.java:99)
	at com.google.inject.internal.InternalFactoryToProviderAdapter.get(InternalFactoryToProviderAdapter.java:45)
	at com.google.inject.internal.SingleParameterInjector.inject(SingleParameterInjector.java:40)
	at com.google.inject.internal.SingleParameterInjector.getAll(SingleParameterInjector.java:60)
	at com.google.inject.internal.ConstructorInjector.provision(ConstructorInjector.java:113)
	at com.google.inject.internal.ConstructorInjector.access$000(ConstructorInjector.java:33)
	at com.google.inject.internal.ConstructorInjector$1.call(ConstructorInjector.java:98)
	at com.google.inject.internal.ProvisionListenerStackCallback$Provision.provision(ProvisionListenerStackCallback.java:109)
	at com.google.inject.internal.ProvisionListenerStackCallback$Provision.provision(ProvisionListenerStackCallback.java:124)
	at com.google.inject.internal.ProvisionListenerStackCallback.provision(ProvisionListenerStackCallback.java:66)
	at com.google.inject.internal.ConstructorInjector.construct(ConstructorInjector.java:93)
	at com.google.inject.internal.ConstructorBindingImpl$Factory.get(ConstructorBindingImpl.java:300)
	at com.google.inject.internal.InjectorImpl$1.get(InjectorImpl.java:1101)
	... 40 common frames omitted
2026-09-04 20:13:14,494 [Worker-18: Updating Maven Project] INFO  o.e.m.j.i.AbstractJavaProjectConfigurator - Adding source folder /user-service/src/main/java
2026-09-04 20:13:14,496 [Worker-18: Updating Maven Project] INFO  o.e.m.j.i.AbstractJavaProjectConfigurator - Adding resource folder /user-service/src/main/resources
2026-09-04 20:13:14,499 [Worker-18: Updating Maven Project] INFO  o.e.m.j.i.AbstractJavaProjectConfigurator - Adding resource folder /user-service/src/main/resources
2026-09-04 20:13:14,499 [Worker-18: Updating Maven Project] INFO  o.e.m.j.i.AbstractJavaProjectConfigurator - Adding source folder /user-service/src/test/java
2026-09-04 20:13:14,502 [Worker-18: Updating Maven Project] INFO  o.e.m.j.i.AbstractJavaProjectConfigurator - Adding resource folder /user-service/src/test/resources
2026-09-04 20:13:15,262 [Worker-18: Updating Maven Project] INFO  o.e.m.c.i.p.ProjectConfigurationManager - Update completed for 1 poms: local refresh takes 0.00 sec, refresh facades takes 2.00 sec, update config takes 0.00 sec 
2026-09-04 20:13:15,859 [Worker-11: Building] INFO  o.a.m.s.f.DefaultMavenResourcesFiltering - Copying 1 resource from src\main\resources to target\classes
2026-09-04 20:13:15,891 [Worker-11: Building] INFO  o.a.m.s.f.DefaultMavenResourcesFiltering - Copying 0 resource from src\main\resources to target\classes
2026-09-04 20:13:15,902 [Worker-11: Building] INFO  o.a.m.s.f.DefaultMavenResourcesFiltering - skip non existing resourceDirectory C:\Users\Abdul Rahman\OneDrive\Desktop\roshan\Payment Gateway Integration\User-Service\user-service\src\test\resources
2026-09-04 20:13:15,922 [Worker-11: Building] WARN  Sisu - Error injecting: org.apache.maven.plugins.jar.JarMojo
com.google.inject.ProvisionException: Unable to provision, see the following errors:

1) [Guice/ErrorInCustomProvider]: OutOfScopeException: Cannot access Key[type=MavenProject, annotation=[none]] outside of a scoping block
  at MojoExecutionScopeModule.configure(MojoExecutionScopeModule.java:47)
      \_ installed by: WireModule -> MojoExecutionScopeModule
  at JarMojo.<init>(JarMojo.java:72)
      \_ for 1st parameter
  while locating JarMojo

Learn more:
  https://github.com/google/guice/wiki/ERROR_IN_CUSTOM_PROVIDER

1 error

======================
Full classname legend:
======================
JarMojo:                  "org.apache.maven.plugins.jar.JarMojo"
MavenProject:             "org.apache.maven.project.MavenProject"
MojoExecutionScopeModule: "org.apache.maven.execution.scope.internal.MojoExecutionScopeModule"
OutOfScopeException:      "com.google.inject.OutOfScopeException"
WireModule:               "org.eclipse.sisu.wire.WireModule"
========================
End of classname legend:
========================

	at com.google.inject.internal.InternalProvisionException.toProvisionException(InternalProvisionException.java:251)
	at com.google.inject.internal.InjectorImpl$1.get(InjectorImpl.java:1104)
	at com.google.inject.internal.InjectorImpl.getInstance(InjectorImpl.java:1139)
	at org.eclipse.sisu.space.AbstractDeferredClass.get(AbstractDeferredClass.java:50)
	at com.google.inject.internal.ProviderInternalFactory.provision(ProviderInternalFactory.java:86)
	at com.google.inject.internal.InternalFactoryToInitializableAdapter.provision(InternalFactoryToInitializableAdapter.java:57)
	at com.google.inject.internal.ProviderInternalFactory$1.call(ProviderInternalFactory.java:67)
	at com.google.inject.internal.ProvisionListenerStackCallback$Provision.provision(ProvisionListenerStackCallback.java:109)
	at com.google.inject.internal.ProvisionListenerStackCallback$Provision.provision(ProvisionListenerStackCallback.java:124)
	at com.google.inject.internal.ProvisionListenerStackCallback.provision(ProvisionListenerStackCallback.java:66)
	at com.google.inject.internal.ProviderInternalFactory.circularGet(ProviderInternalFactory.java:62)
	at com.google.inject.internal.InternalFactoryToInitializableAdapter.get(InternalFactoryToInitializableAdapter.java:47)
	at com.google.inject.internal.InjectorImpl$1.get(InjectorImpl.java:1101)
	at org.eclipse.sisu.inject.Guice4$2.get(Guice4.java:235)
	at org.eclipse.sisu.inject.LazyBeanEntry.getValue(LazyBeanEntry.java:83)
	at org.eclipse.sisu.plexus.LazyPlexusBean.getValue(LazyPlexusBean.java:53)
	at org.codehaus.plexus.DefaultPlexusContainer.lookup(DefaultPlexusContainer.java:265)
	at org.codehaus.plexus.DefaultPlexusContainer.lookup(DefaultPlexusContainer.java:257)
	at org.apache.maven.plugin.internal.DefaultMavenPluginManager.getConfiguredMojo(DefaultMavenPluginManager.java:491)
	at org.eclipse.m2e.core.internal.embedder.MavenImpl.getConfiguredMojo(MavenImpl.java:206)
	at org.eclipse.m2e.mavenarchiver.internal.AbstractMavenArchiverConfigurator.reflectManifestGeneration(AbstractMavenArchiverConfigurator.java:439)
	at org.eclipse.m2e.mavenarchiver.internal.AbstractMavenArchiverConfigurator.lambda$3(AbstractMavenArchiverConfigurator.java:398)
	at org.eclipse.m2e.core.internal.embedder.MavenExecutionContext.executeBare(MavenExecutionContext.java:458)
	at org.eclipse.m2e.core.internal.embedder.MavenExecutionContext.execute(MavenExecutionContext.java:339)
	at org.eclipse.m2e.core.internal.embedder.MavenExecutionContext.execute(MavenExecutionContext.java:278)
	at org.eclipse.m2e.mavenarchiver.internal.AbstractMavenArchiverConfigurator.generateManifest(AbstractMavenArchiverConfigurator.java:371)
	at org.eclipse.m2e.mavenarchiver.internal.AbstractMavenArchiverConfigurator.mavenProjectChanged(AbstractMavenArchiverConfigurator.java:228)
	at org.eclipse.m2e.mavenarchiver.internal.AbstractMavenArchiverConfigurator$1.build(AbstractMavenArchiverConfigurator.java:178)
	at org.eclipse.m2e.core.internal.builder.MavenBuilderImpl.lambda$2(MavenBuilderImpl.java:159)
	at java.base/java.util.LinkedHashMap.forEach(LinkedHashMap.java:986)
	at org.eclipse.m2e.core.internal.builder.MavenBuilderImpl.build(MavenBuilderImpl.java:139)
	at org.eclipse.m2e.core.internal.builder.MavenBuilder$1.method(MavenBuilder.java:164)
	at org.eclipse.m2e.core.internal.builder.MavenBuilder$1.method(MavenBuilder.java:1)
	at org.eclipse.m2e.core.internal.builder.MavenBuilder$BuildMethod.lambda$1(MavenBuilder.java:109)
	at org.eclipse.m2e.core.internal.embedder.MavenExecutionContext.executeBare(MavenExecutionContext.java:458)
	at org.eclipse.m2e.core.internal.embedder.MavenExecutionContext.execute(MavenExecutionContext.java:292)
	at org.eclipse.m2e.core.internal.builder.MavenBuilder$BuildMethod.lambda$0(MavenBuilder.java:100)
	at org.eclipse.m2e.core.internal.embedder.MavenExecutionContext.executeBare(MavenExecutionContext.java:458)
	at org.eclipse.m2e.core.internal.embedder.MavenExecutionContext.execute(MavenExecutionContext.java:339)
	at org.eclipse.m2e.core.internal.embedder.MavenExecutionContext.execute(MavenExecutionContext.java:278)
	at org.eclipse.m2e.core.internal.builder.MavenBuilder$BuildMethod.execute(MavenBuilder.java:83)
	at org.eclipse.m2e.core.internal.builder.MavenBuilder.build(MavenBuilder.java:192)
	at org.eclipse.core.internal.events.BuildManager$2.run(BuildManager.java:1077)
	at org.eclipse.core.runtime.SafeRunner.run(SafeRunner.java:47)
	at org.eclipse.core.internal.events.BuildManager.basicBuild(BuildManager.java:296)
	at org.eclipse.core.internal.events.BuildManager.basicBuild(BuildManager.java:352)
	at org.eclipse.core.internal.events.BuildManager$1.run(BuildManager.java:441)
	at org.eclipse.core.runtime.SafeRunner.run(SafeRunner.java:47)
	at org.eclipse.core.internal.events.BuildManager.basicBuild(BuildManager.java:444)
	at org.eclipse.core.internal.events.BuildManager.basicBuildLoop(BuildManager.java:555)
	at org.eclipse.core.internal.events.BuildManager.basicBuildLoop(BuildManager.java:503)
	at org.eclipse.core.internal.events.BuildManager.build(BuildManager.java:585)
	at org.eclipse.core.internal.events.AutoBuildJob.doBuild(AutoBuildJob.java:207)
	at org.eclipse.core.internal.events.AutoBuildJob.run(AutoBuildJob.java:300)
	at org.eclipse.core.internal.jobs.Worker.run(Worker.java:63)
Caused by: com.google.inject.OutOfScopeException: Cannot access Key[type=org.apache.maven.project.MavenProject, annotation=[none]] outside of a scoping block
	at org.apache.maven.execution.scope.internal.MojoExecutionScope$2.get(MojoExecutionScope.java:99)
	at com.google.inject.internal.InternalFactoryToProviderAdapter.get(InternalFactoryToProviderAdapter.java:45)
	at com.google.inject.internal.SingleParameterInjector.inject(SingleParameterInjector.java:40)
	at com.google.inject.internal.SingleParameterInjector.getAll(SingleParameterInjector.java:60)
	at com.google.inject.internal.ConstructorInjector.provision(ConstructorInjector.java:113)
	at com.google.inject.internal.ConstructorInjector.access$000(ConstructorInjector.java:33)
	at com.google.inject.internal.ConstructorInjector$1.call(ConstructorInjector.java:98)
	at com.google.inject.internal.ProvisionListenerStackCallback$Provision.provision(ProvisionListenerStackCallback.java:109)
	at com.google.inject.internal.ProvisionListenerStackCallback$Provision.provision(ProvisionListenerStackCallback.java:124)
	at com.google.inject.internal.ProvisionListenerStackCallback.provision(ProvisionListenerStackCallback.java:66)
	at com.google.inject.internal.ConstructorInjector.construct(ConstructorInjector.java:93)
	at com.google.inject.internal.ConstructorBindingImpl$Factory.get(ConstructorBindingImpl.java:300)
	at com.google.inject.internal.InjectorImpl$1.get(InjectorImpl.java:1101)
	... 53 common frames omitted
2026-09-04 20:17:01,359 [Worker-11: Building] INFO  o.a.m.s.f.DefaultMavenResourcesFiltering - Copying 0 resource from src\main\resources to target\classes
2026-09-04 20:17:01,386 [Worker-11: Building] INFO  o.a.m.s.f.DefaultMavenResourcesFiltering - Copying 0 resource from src\main\resources to target\classes
2026-09-04 20:17:01,399 [Worker-11: Building] INFO  o.a.m.s.f.DefaultMavenResourcesFiltering - skip non existing resourceDirectory C:\Users\Abdul Rahman\OneDrive\Desktop\roshan\Payment Gateway Integration\User-Service\user-service\src\test\resources
2026-09-04 20:17:01,428 [Worker-11: Building] WARN  Sisu - Error injecting: org.apache.maven.plugins.jar.JarMojo
com.google.inject.ProvisionException: Unable to provision, see the following errors:

1) [Guice/ErrorInCustomProvider]: OutOfScopeException: Cannot access Key[type=MavenProject, annotation=[none]] outside of a scoping block
  at MojoExecutionScopeModule.configure(MojoExecutionScopeModule.java:47)
      \_ installed by: WireModule -> MojoExecutionScopeModule
  at JarMojo.<init>(JarMojo.java:72)
      \_ for 1st parameter
  while locating JarMojo

Learn more:
  https://github.com/google/guice/wiki/ERROR_IN_CUSTOM_PROVIDER

1 error

======================
Full classname legend:
======================
JarMojo:                  "org.apache.maven.plugins.jar.JarMojo"
MavenProject:             "org.apache.maven.project.MavenProject"
MojoExecutionScopeModule: "org.apache.maven.execution.scope.internal.MojoExecutionScopeModule"
OutOfScopeException:      "com.google.inject.OutOfScopeException"
WireModule:               "org.eclipse.sisu.wire.WireModule"
========================
End of classname legend:
========================

	at com.google.inject.internal.InternalProvisionException.toProvisionException(InternalProvisionException.java:251)
	at com.google.inject.internal.InjectorImpl$1.get(InjectorImpl.java:1104)
	at com.google.inject.internal.InjectorImpl.getInstance(InjectorImpl.java:1139)
	at org.eclipse.sisu.space.AbstractDeferredClass.get(AbstractDeferredClass.java:50)
	at com.google.inject.internal.ProviderInternalFactory.provision(ProviderInternalFactory.java:86)
	at com.google.inject.internal.InternalFactoryToInitializableAdapter.provision(InternalFactoryToInitializableAdapter.java:57)
	at com.google.inject.internal.ProviderInternalFactory$1.call(ProviderInternalFactory.java:67)
	at com.google.inject.internal.ProvisionListenerStackCallback$Provision.provision(ProvisionListenerStackCallback.java:109)
	at com.google.inject.internal.ProvisionListenerStackCallback$Provision.provision(ProvisionListenerStackCallback.java:124)
	at com.google.inject.internal.ProvisionListenerStackCallback.provision(ProvisionListenerStackCallback.java:66)
	at com.google.inject.internal.ProviderInternalFactory.circularGet(ProviderInternalFactory.java:62)
	at com.google.inject.internal.InternalFactoryToInitializableAdapter.get(InternalFactoryToInitializableAdapter.java:47)
	at com.google.inject.internal.InjectorImpl$1.get(InjectorImpl.java:1101)
	at org.eclipse.sisu.inject.Guice4$2.get(Guice4.java:235)
	at org.eclipse.sisu.inject.LazyBeanEntry.getValue(LazyBeanEntry.java:83)
	at org.eclipse.sisu.plexus.LazyPlexusBean.getValue(LazyPlexusBean.java:53)
	at org.codehaus.plexus.DefaultPlexusContainer.lookup(DefaultPlexusContainer.java:265)
	at org.codehaus.plexus.DefaultPlexusContainer.lookup(DefaultPlexusContainer.java:257)
	at org.apache.maven.plugin.internal.DefaultMavenPluginManager.getConfiguredMojo(DefaultMavenPluginManager.java:491)
	at org.eclipse.m2e.core.internal.embedder.MavenImpl.getConfiguredMojo(MavenImpl.java:206)
	at org.eclipse.m2e.mavenarchiver.internal.AbstractMavenArchiverConfigurator.reflectManifestGeneration(AbstractMavenArchiverConfigurator.java:439)
	at org.eclipse.m2e.mavenarchiver.internal.AbstractMavenArchiverConfigurator.lambda$3(AbstractMavenArchiverConfigurator.java:398)
	at org.eclipse.m2e.core.internal.embedder.MavenExecutionContext.executeBare(MavenExecutionContext.java:458)
	at org.eclipse.m2e.core.internal.embedder.MavenExecutionContext.execute(MavenExecutionContext.java:339)
	at org.eclipse.m2e.core.internal.embedder.MavenExecutionContext.execute(MavenExecutionContext.java:278)
	at org.eclipse.m2e.mavenarchiver.internal.AbstractMavenArchiverConfigurator.generateManifest(AbstractMavenArchiverConfigurator.java:371)
	at org.eclipse.m2e.mavenarchiver.internal.AbstractMavenArchiverConfigurator.mavenProjectChanged(AbstractMavenArchiverConfigurator.java:228)
	at org.eclipse.m2e.mavenarchiver.internal.AbstractMavenArchiverConfigurator$1.build(AbstractMavenArchiverConfigurator.java:178)
	at org.eclipse.m2e.core.internal.builder.MavenBuilderImpl.lambda$2(MavenBuilderImpl.java:159)
	at java.base/java.util.LinkedHashMap.forEach(LinkedHashMap.java:986)
	at org.eclipse.m2e.core.internal.builder.MavenBuilderImpl.build(MavenBuilderImpl.java:139)
	at org.eclipse.m2e.core.internal.builder.MavenBuilder$1.method(MavenBuilder.java:164)
	at org.eclipse.m2e.core.internal.builder.MavenBuilder$1.method(MavenBuilder.java:1)
	at org.eclipse.m2e.core.internal.builder.MavenBuilder$BuildMethod.lambda$1(MavenBuilder.java:109)
	at org.eclipse.m2e.core.internal.embedder.MavenExecutionContext.executeBare(MavenExecutionContext.java:458)
	at org.eclipse.m2e.core.internal.embedder.MavenExecutionContext.execute(MavenExecutionContext.java:292)
	at org.eclipse.m2e.core.internal.builder.MavenBuilder$BuildMethod.lambda$0(MavenBuilder.java:100)
	at org.eclipse.m2e.core.internal.embedder.MavenExecutionContext.executeBare(MavenExecutionContext.java:458)
	at org.eclipse.m2e.core.internal.embedder.MavenExecutionContext.execute(MavenExecutionContext.java:339)
	at org.eclipse.m2e.core.internal.embedder.MavenExecutionContext.execute(MavenExecutionContext.java:278)
	at org.eclipse.m2e.core.internal.builder.MavenBuilder$BuildMethod.execute(MavenBuilder.java:83)
	at org.eclipse.m2e.core.internal.builder.MavenBuilder.build(MavenBuilder.java:192)
	at org.eclipse.core.internal.events.BuildManager$2.run(BuildManager.java:1077)
	at org.eclipse.core.runtime.SafeRunner.run(SafeRunner.java:47)
	at org.eclipse.core.internal.events.BuildManager.basicBuild(BuildManager.java:296)
	at org.eclipse.core.internal.events.BuildManager.basicBuild(BuildManager.java:352)
	at org.eclipse.core.internal.events.BuildManager$1.run(BuildManager.java:441)
	at org.eclipse.core.runtime.SafeRunner.run(SafeRunner.java:47)
	at org.eclipse.core.internal.events.BuildManager.basicBuild(BuildManager.java:444)
	at org.eclipse.core.internal.events.BuildManager.basicBuildLoop(BuildManager.java:555)
	at org.eclipse.core.internal.events.BuildManager.basicBuildLoop(BuildManager.java:503)
	at org.eclipse.core.internal.events.BuildManager.build(BuildManager.java:585)
	at org.eclipse.core.internal.events.AutoBuildJob.doBuild(AutoBuildJob.java:207)
	at org.eclipse.core.internal.events.AutoBuildJob.run(AutoBuildJob.java:300)
	at org.eclipse.core.internal.jobs.Worker.run(Worker.java:63)
Caused by: com.google.inject.OutOfScopeException: Cannot access Key[type=org.apache.maven.project.MavenProject, annotation=[none]] outside of a scoping block
	at org.apache.maven.execution.scope.internal.MojoExecutionScope$2.get(MojoExecutionScope.java:99)
	at com.google.inject.internal.InternalFactoryToProviderAdapter.get(InternalFactoryToProviderAdapter.java:45)
	at com.google.inject.internal.SingleParameterInjector.inject(SingleParameterInjector.java:40)
	at com.google.inject.internal.SingleParameterInjector.getAll(SingleParameterInjector.java:60)
	at com.google.inject.internal.ConstructorInjector.provision(ConstructorInjector.java:113)
	at com.google.inject.internal.ConstructorInjector.access$000(ConstructorInjector.java:33)
	at com.google.inject.internal.ConstructorInjector$1.call(ConstructorInjector.java:98)
	at com.google.inject.internal.ProvisionListenerStackCallback$Provision.provision(ProvisionListenerStackCallback.java:109)
	at com.google.inject.internal.ProvisionListenerStackCallback$Provision.provision(ProvisionListenerStackCallback.java:124)
	at com.google.inject.internal.ProvisionListenerStackCallback.provision(ProvisionListenerStackCallback.java:66)
	at com.google.inject.internal.ConstructorInjector.construct(ConstructorInjector.java:93)
	at com.google.inject.internal.ConstructorBindingImpl$Factory.get(ConstructorBindingImpl.java:300)
	at com.google.inject.internal.InjectorImpl$1.get(InjectorImpl.java:1101)
	... 53 common frames omitted
2026-09-04 20:17:07,675 [Worker-8: Updating Maven Project] INFO  o.e.m.c.i.p.ProjectConfigurationManager - Update started
2026-09-04 20:17:08,608 [Worker-8: Updating Maven Project] INFO  o.e.m.c.i.l.LifecycleMappingFactory - Using org.eclipse.m2e.jdt.JarLifecycleMapping lifecycle mapping for MavenProject: com.roshan:user-service:0.0.1-SNAPSHOT @ C:\Users\Abdul Rahman\OneDrive\Desktop\roshan\Payment Gateway Integration\User-Service\user-service\pom.xml.
2026-09-04 20:17:10,514 [Worker-8: Updating Maven Project] WARN  Sisu - Error injecting: org.apache.maven.plugins.jar.JarMojo
com.google.inject.ProvisionException: Unable to provision, see the following errors:

1) [Guice/ErrorInCustomProvider]: OutOfScopeException: Cannot access Key[type=MavenProject, annotation=[none]] outside of a scoping block
  at MojoExecutionScopeModule.configure(MojoExecutionScopeModule.java:47)
      \_ installed by: WireModule -> MojoExecutionScopeModule
  at JarMojo.<init>(JarMojo.java:72)
      \_ for 1st parameter
  while locating JarMojo

Learn more:
  https://github.com/google/guice/wiki/ERROR_IN_CUSTOM_PROVIDER

1 error

======================
Full classname legend:
======================
JarMojo:                  "org.apache.maven.plugins.jar.JarMojo"
MavenProject:             "org.apache.maven.project.MavenProject"
MojoExecutionScopeModule: "org.apache.maven.execution.scope.internal.MojoExecutionScopeModule"
OutOfScopeException:      "com.google.inject.OutOfScopeException"
WireModule:               "org.eclipse.sisu.wire.WireModule"
========================
End of classname legend:
========================

	at com.google.inject.internal.InternalProvisionException.toProvisionException(InternalProvisionException.java:251)
	at com.google.inject.internal.InjectorImpl$1.get(InjectorImpl.java:1104)
	at com.google.inject.internal.InjectorImpl.getInstance(InjectorImpl.java:1139)
	at org.eclipse.sisu.space.AbstractDeferredClass.get(AbstractDeferredClass.java:50)
	at com.google.inject.internal.ProviderInternalFactory.provision(ProviderInternalFactory.java:86)
	at com.google.inject.internal.InternalFactoryToInitializableAdapter.provision(InternalFactoryToInitializableAdapter.java:57)
	at com.google.inject.internal.ProviderInternalFactory$1.call(ProviderInternalFactory.java:67)
	at com.google.inject.internal.ProvisionListenerStackCallback$Provision.provision(ProvisionListenerStackCallback.java:109)
	at com.google.inject.internal.ProvisionListenerStackCallback$Provision.provision(ProvisionListenerStackCallback.java:124)
	at com.google.inject.internal.ProvisionListenerStackCallback.provision(ProvisionListenerStackCallback.java:66)
	at com.google.inject.internal.ProviderInternalFactory.circularGet(ProviderInternalFactory.java:62)
	at com.google.inject.internal.InternalFactoryToInitializableAdapter.get(InternalFactoryToInitializableAdapter.java:47)
	at com.google.inject.internal.InjectorImpl$1.get(InjectorImpl.java:1101)
	at org.eclipse.sisu.inject.Guice4$2.get(Guice4.java:235)
	at org.eclipse.sisu.inject.LazyBeanEntry.getValue(LazyBeanEntry.java:83)
	at org.eclipse.sisu.plexus.LazyPlexusBean.getValue(LazyPlexusBean.java:53)
	at org.codehaus.plexus.DefaultPlexusContainer.lookup(DefaultPlexusContainer.java:265)
	at org.codehaus.plexus.DefaultPlexusContainer.lookup(DefaultPlexusContainer.java:257)
	at org.apache.maven.plugin.internal.DefaultMavenPluginManager.getConfiguredMojo(DefaultMavenPluginManager.java:491)
	at org.eclipse.m2e.core.internal.embedder.MavenImpl.getConfiguredMojo(MavenImpl.java:206)
	at org.eclipse.m2e.mavenarchiver.internal.AbstractMavenArchiverConfigurator.reflectManifestGeneration(AbstractMavenArchiverConfigurator.java:439)
	at org.eclipse.m2e.mavenarchiver.internal.AbstractMavenArchiverConfigurator.lambda$3(AbstractMavenArchiverConfigurator.java:398)
	at org.eclipse.m2e.core.internal.embedder.MavenExecutionContext.executeBare(MavenExecutionContext.java:458)
	at org.eclipse.m2e.core.internal.embedder.MavenExecutionContext.execute(MavenExecutionContext.java:339)
	at org.eclipse.m2e.core.internal.embedder.MavenExecutionContext.execute(MavenExecutionContext.java:278)
	at org.eclipse.m2e.mavenarchiver.internal.AbstractMavenArchiverConfigurator.generateManifest(AbstractMavenArchiverConfigurator.java:371)
	at org.eclipse.m2e.mavenarchiver.internal.AbstractMavenArchiverConfigurator.mavenProjectChanged(AbstractMavenArchiverConfigurator.java:228)
	at org.eclipse.m2e.mavenarchiver.internal.AbstractMavenArchiverConfigurator.mavenProjectChanged(AbstractMavenArchiverConfigurator.java:220)
	at org.eclipse.m2e.core.internal.project.ProjectConfigurationManager.mavenProjectChanged(ProjectConfigurationManager.java:885)
	at org.eclipse.m2e.core.internal.project.registry.ProjectRegistryManager.notifyProjectChangeListeners(ProjectRegistryManager.java:892)
	at org.eclipse.m2e.core.internal.project.registry.ProjectRegistryManager.applyMutableProjectRegistry(ProjectRegistryManager.java:1042)
	at org.eclipse.m2e.core.internal.project.registry.ProjectRegistryManager.refresh(ProjectRegistryManager.java:324)
	at org.eclipse.m2e.core.internal.project.ProjectConfigurationManager.updateProjectConfiguration0(ProjectConfigurationManager.java:388)
	at org.eclipse.m2e.core.internal.project.ProjectConfigurationManager.lambda$3(ProjectConfigurationManager.java:340)
	at org.eclipse.m2e.core.internal.embedder.MavenExecutionContext.executeBare(MavenExecutionContext.java:458)
	at org.eclipse.m2e.core.internal.embedder.MavenExecutionContext.execute(MavenExecutionContext.java:339)
	at org.eclipse.m2e.core.internal.embedder.MavenExecutionContext.execute(MavenExecutionContext.java:278)
	at org.eclipse.m2e.core.internal.embedder.MavenImpl.execute(MavenImpl.java:1053)
	at org.eclipse.m2e.core.internal.project.ProjectConfigurationManager.updateProjectConfiguration(ProjectConfigurationManager.java:339)
	at org.eclipse.m2e.core.ui.internal.UpdateMavenProjectJob.runInWorkspace(UpdateMavenProjectJob.java:80)
	at org.eclipse.core.internal.resources.InternalWorkspaceJob.run(InternalWorkspaceJob.java:43)
	at org.eclipse.core.internal.jobs.Worker.run(Worker.java:63)
Caused by: com.google.inject.OutOfScopeException: Cannot access Key[type=org.apache.maven.project.MavenProject, annotation=[none]] outside of a scoping block
	at org.apache.maven.execution.scope.internal.MojoExecutionScope$2.get(MojoExecutionScope.java:99)
	at com.google.inject.internal.InternalFactoryToProviderAdapter.get(InternalFactoryToProviderAdapter.java:45)
	at com.google.inject.internal.SingleParameterInjector.inject(SingleParameterInjector.java:40)
	at com.google.inject.internal.SingleParameterInjector.getAll(SingleParameterInjector.java:60)
	at com.google.inject.internal.ConstructorInjector.provision(ConstructorInjector.java:113)
	at com.google.inject.internal.ConstructorInjector.access$000(ConstructorInjector.java:33)
	at com.google.inject.internal.ConstructorInjector$1.call(ConstructorInjector.java:98)
	at com.google.inject.internal.ProvisionListenerStackCallback$Provision.provision(ProvisionListenerStackCallback.java:109)
	at com.google.inject.internal.ProvisionListenerStackCallback$Provision.provision(ProvisionListenerStackCallback.java:124)
	at com.google.inject.internal.ProvisionListenerStackCallback.provision(ProvisionListenerStackCallback.java:66)
	at com.google.inject.internal.ConstructorInjector.construct(ConstructorInjector.java:93)
	at com.google.inject.internal.ConstructorBindingImpl$Factory.get(ConstructorBindingImpl.java:300)
	at com.google.inject.internal.InjectorImpl$1.get(InjectorImpl.java:1101)
	... 40 common frames omitted
2026-09-04 20:17:11,646 [Worker-8: Updating Maven Project] INFO  o.e.m.j.i.AbstractJavaProjectConfigurator - Adding source folder /user-service/src/main/java
2026-09-04 20:17:11,648 [Worker-8: Updating Maven Project] INFO  o.e.m.j.i.AbstractJavaProjectConfigurator - Adding resource folder /user-service/src/main/resources
2026-09-04 20:17:11,649 [Worker-8: Updating Maven Project] INFO  o.e.m.j.i.AbstractJavaProjectConfigurator - Adding resource folder /user-service/src/main/resources
2026-09-04 20:17:11,650 [Worker-8: Updating Maven Project] INFO  o.e.m.j.i.AbstractJavaProjectConfigurator - Adding source folder /user-service/src/test/java
2026-09-04 20:17:11,652 [Worker-8: Updating Maven Project] INFO  o.e.m.j.i.AbstractJavaProjectConfigurator - Adding resource folder /user-service/src/test/resources
2026-09-04 20:17:12,685 [Worker-8: Updating Maven Project] INFO  o.e.m.c.i.p.ProjectConfigurationManager - Update completed for 1 poms: local refresh takes 0.00 sec, refresh facades takes 3.00 sec, update config takes 0.00 sec 
2026-09-04 20:17:13,383 [Worker-27: Building] INFO  o.a.m.s.f.DefaultMavenResourcesFiltering - Copying 1 resource from src\main\resources to target\classes
2026-09-04 20:17:13,440 [Worker-27: Building] INFO  o.a.m.s.f.DefaultMavenResourcesFiltering - Copying 0 resource from src\main\resources to target\classes
2026-09-04 20:17:13,458 [Worker-27: Building] INFO  o.a.m.s.f.DefaultMavenResourcesFiltering - skip non existing resourceDirectory C:\Users\Abdul Rahman\OneDrive\Desktop\roshan\Payment Gateway Integration\User-Service\user-service\src\test\resources
2026-09-04 20:17:13,484 [Worker-27: Building] WARN  Sisu - Error injecting: org.apache.maven.plugins.jar.JarMojo
com.google.inject.ProvisionException: Unable to provision, see the following errors:

1) [Guice/ErrorInCustomProvider]: OutOfScopeException: Cannot access Key[type=MavenProject, annotation=[none]] outside of a scoping block
  at MojoExecutionScopeModule.configure(MojoExecutionScopeModule.java:47)
      \_ installed by: WireModule -> MojoExecutionScopeModule
  at JarMojo.<init>(JarMojo.java:72)
      \_ for 1st parameter
  while locating JarMojo

Learn more:
  https://github.com/google/guice/wiki/ERROR_IN_CUSTOM_PROVIDER

1 error

======================
Full classname legend:
======================
JarMojo:                  "org.apache.maven.plugins.jar.JarMojo"
MavenProject:             "org.apache.maven.project.MavenProject"
MojoExecutionScopeModule: "org.apache.maven.execution.scope.internal.MojoExecutionScopeModule"
OutOfScopeException:      "com.google.inject.OutOfScopeException"
WireModule:               "org.eclipse.sisu.wire.WireModule"
========================
End of classname legend:
========================

	at com.google.inject.internal.InternalProvisionException.toProvisionException(InternalProvisionException.java:251)
	at com.google.inject.internal.InjectorImpl$1.get(InjectorImpl.java:1104)
	at com.google.inject.internal.InjectorImpl.getInstance(InjectorImpl.java:1139)
	at org.eclipse.sisu.space.AbstractDeferredClass.get(AbstractDeferredClass.java:50)
	at com.google.inject.internal.ProviderInternalFactory.provision(ProviderInternalFactory.java:86)
	at com.google.inject.internal.InternalFactoryToInitializableAdapter.provision(InternalFactoryToInitializableAdapter.java:57)
	at com.google.inject.internal.ProviderInternalFactory$1.call(ProviderInternalFactory.java:67)
	at com.google.inject.internal.ProvisionListenerStackCallback$Provision.provision(ProvisionListenerStackCallback.java:109)
	at com.google.inject.internal.ProvisionListenerStackCallback$Provision.provision(ProvisionListenerStackCallback.java:124)
	at com.google.inject.internal.ProvisionListenerStackCallback.provision(ProvisionListenerStackCallback.java:66)
	at com.google.inject.internal.ProviderInternalFactory.circularGet(ProviderInternalFactory.java:62)
	at com.google.inject.internal.InternalFactoryToInitializableAdapter.get(InternalFactoryToInitializableAdapter.java:47)
	at com.google.inject.internal.InjectorImpl$1.get(InjectorImpl.java:1101)
	at org.eclipse.sisu.inject.Guice4$2.get(Guice4.java:235)
	at org.eclipse.sisu.inject.LazyBeanEntry.getValue(LazyBeanEntry.java:83)
	at org.eclipse.sisu.plexus.LazyPlexusBean.getValue(LazyPlexusBean.java:53)
	at org.codehaus.plexus.DefaultPlexusContainer.lookup(DefaultPlexusContainer.java:265)
	at org.codehaus.plexus.DefaultPlexusContainer.lookup(DefaultPlexusContainer.java:257)
	at org.apache.maven.plugin.internal.DefaultMavenPluginManager.getConfiguredMojo(DefaultMavenPluginManager.java:491)
	at org.eclipse.m2e.core.internal.embedder.MavenImpl.getConfiguredMojo(MavenImpl.java:206)
	at org.eclipse.m2e.mavenarchiver.internal.AbstractMavenArchiverConfigurator.reflectManifestGeneration(AbstractMavenArchiverConfigurator.java:439)
	at org.eclipse.m2e.mavenarchiver.internal.AbstractMavenArchiverConfigurator.lambda$3(AbstractMavenArchiverConfigurator.java:398)
	at org.eclipse.m2e.core.internal.embedder.MavenExecutionContext.executeBare(MavenExecutionContext.java:458)
	at org.eclipse.m2e.core.internal.embedder.MavenExecutionContext.execute(MavenExecutionContext.java:339)
	at org.eclipse.m2e.core.internal.embedder.MavenExecutionContext.execute(MavenExecutionContext.java:278)
	at org.eclipse.m2e.mavenarchiver.internal.AbstractMavenArchiverConfigurator.generateManifest(AbstractMavenArchiverConfigurator.java:371)
	at org.eclipse.m2e.mavenarchiver.internal.AbstractMavenArchiverConfigurator.mavenProjectChanged(AbstractMavenArchiverConfigurator.java:228)
	at org.eclipse.m2e.mavenarchiver.internal.AbstractMavenArchiverConfigurator$1.build(AbstractMavenArchiverConfigurator.java:178)
	at org.eclipse.m2e.core.internal.builder.MavenBuilderImpl.lambda$2(MavenBuilderImpl.java:159)
	at java.base/java.util.LinkedHashMap.forEach(LinkedHashMap.java:986)
	at org.eclipse.m2e.core.internal.builder.MavenBuilderImpl.build(MavenBuilderImpl.java:139)
	at org.eclipse.m2e.core.internal.builder.MavenBuilder$1.method(MavenBuilder.java:164)
	at org.eclipse.m2e.core.internal.builder.MavenBuilder$1.method(MavenBuilder.java:1)
	at org.eclipse.m2e.core.internal.builder.MavenBuilder$BuildMethod.lambda$1(MavenBuilder.java:109)
	at org.eclipse.m2e.core.internal.embedder.MavenExecutionContext.executeBare(MavenExecutionContext.java:458)
	at org.eclipse.m2e.core.internal.embedder.MavenExecutionContext.execute(MavenExecutionContext.java:292)
	at org.eclipse.m2e.core.internal.builder.MavenBuilder$BuildMethod.lambda$0(MavenBuilder.java:100)
	at org.eclipse.m2e.core.internal.embedder.MavenExecutionContext.executeBare(MavenExecutionContext.java:458)
	at org.eclipse.m2e.core.internal.embedder.MavenExecutionContext.execute(MavenExecutionContext.java:339)
	at org.eclipse.m2e.core.internal.embedder.MavenExecutionContext.execute(MavenExecutionContext.java:278)
	at org.eclipse.m2e.core.internal.builder.MavenBuilder$BuildMethod.execute(MavenBuilder.java:83)
	at org.eclipse.m2e.core.internal.builder.MavenBuilder.build(MavenBuilder.java:192)
	at org.eclipse.core.internal.events.BuildManager$2.run(BuildManager.java:1077)
	at org.eclipse.core.runtime.SafeRunner.run(SafeRunner.java:47)
	at org.eclipse.core.internal.events.BuildManager.basicBuild(BuildManager.java:296)
	at org.eclipse.core.internal.events.BuildManager.basicBuild(BuildManager.java:352)
	at org.eclipse.core.internal.events.BuildManager$1.run(BuildManager.java:441)
	at org.eclipse.core.runtime.SafeRunner.run(SafeRunner.java:47)
	at org.eclipse.core.internal.events.BuildManager.basicBuild(BuildManager.java:444)
	at org.eclipse.core.internal.events.BuildManager.basicBuildLoop(BuildManager.java:555)
	at org.eclipse.core.internal.events.BuildManager.basicBuildLoop(BuildManager.java:503)
	at org.eclipse.core.internal.events.BuildManager.build(BuildManager.java:585)
	at org.eclipse.core.internal.events.AutoBuildJob.doBuild(AutoBuildJob.java:207)
	at org.eclipse.core.internal.events.AutoBuildJob.run(AutoBuildJob.java:300)
	at org.eclipse.core.internal.jobs.Worker.run(Worker.java:63)
Caused by: com.google.inject.OutOfScopeException: Cannot access Key[type=org.apache.maven.project.MavenProject, annotation=[none]] outside of a scoping block
	at org.apache.maven.execution.scope.internal.MojoExecutionScope$2.get(MojoExecutionScope.java:99)
	at com.google.inject.internal.InternalFactoryToProviderAdapter.get(InternalFactoryToProviderAdapter.java:45)
	at com.google.inject.internal.SingleParameterInjector.inject(SingleParameterInjector.java:40)
	at com.google.inject.internal.SingleParameterInjector.getAll(SingleParameterInjector.java:60)
	at com.google.inject.internal.ConstructorInjector.provision(ConstructorInjector.java:113)
	at com.google.inject.internal.ConstructorInjector.access$000(ConstructorInjector.java:33)
	at com.google.inject.internal.ConstructorInjector$1.call(ConstructorInjector.java:98)
	at com.google.inject.internal.ProvisionListenerStackCallback$Provision.provision(ProvisionListenerStackCallback.java:109)
	at com.google.inject.internal.ProvisionListenerStackCallback$Provision.provision(ProvisionListenerStackCallback.java:124)
	at com.google.inject.internal.ProvisionListenerStackCallback.provision(ProvisionListenerStackCallback.java:66)
	at com.google.inject.internal.ConstructorInjector.construct(ConstructorInjector.java:93)
	at com.google.inject.internal.ConstructorBindingImpl$Factory.get(ConstructorBindingImpl.java:300)
	at com.google.inject.internal.InjectorImpl$1.get(InjectorImpl.java:1101)
	... 53 common frames omitted
2026-09-04 20:25:28,184 [Worker-32: Building] INFO  o.a.m.s.f.DefaultMavenResourcesFiltering - Copying 1 resource from src\main\resources to target\classes
2026-09-04 20:25:28,188 [Worker-32: Building] INFO  o.a.m.s.f.DefaultMavenResourcesFiltering - Copying 0 resource from src\main\resources to target\classes
2026-09-04 20:25:28,193 [Worker-32: Building] INFO  o.a.m.s.f.DefaultMavenResourcesFiltering - skip non existing resourceDirectory C:\Users\Abdul Rahman\OneDrive\Desktop\roshan\Payment Gateway Integration\User-Service\user-service\src\test\resources
2026-09-04 20:25:28,207 [Worker-32: Building] WARN  Sisu - Error injecting: org.apache.maven.plugins.jar.JarMojo
com.google.inject.ProvisionException: Unable to provision, see the following errors:

1) [Guice/ErrorInCustomProvider]: OutOfScopeException: Cannot access Key[type=MavenProject, annotation=[none]] outside of a scoping block
  at MojoExecutionScopeModule.configure(MojoExecutionScopeModule.java:47)
      \_ installed by: WireModule -> MojoExecutionScopeModule
  at JarMojo.<init>(JarMojo.java:72)
      \_ for 1st parameter
  while locating JarMojo

Learn more:
  https://github.com/google/guice/wiki/ERROR_IN_CUSTOM_PROVIDER

1 error

======================
Full classname legend:
======================
JarMojo:                  "org.apache.maven.plugins.jar.JarMojo"
MavenProject:             "org.apache.maven.project.MavenProject"
MojoExecutionScopeModule: "org.apache.maven.execution.scope.internal.MojoExecutionScopeModule"
OutOfScopeException:      "com.google.inject.OutOfScopeException"
WireModule:               "org.eclipse.sisu.wire.WireModule"
========================
End of classname legend:
========================

	at com.google.inject.internal.InternalProvisionException.toProvisionException(InternalProvisionException.java:251)
	at com.google.inject.internal.InjectorImpl$1.get(InjectorImpl.java:1104)
	at com.google.inject.internal.InjectorImpl.getInstance(InjectorImpl.java:1139)
	at org.eclipse.sisu.space.AbstractDeferredClass.get(AbstractDeferredClass.java:50)
	at com.google.inject.internal.ProviderInternalFactory.provision(ProviderInternalFactory.java:86)
	at com.google.inject.internal.InternalFactoryToInitializableAdapter.provision(InternalFactoryToInitializableAdapter.java:57)
	at com.google.inject.internal.ProviderInternalFactory$1.call(ProviderInternalFactory.java:67)
	at com.google.inject.internal.ProvisionListenerStackCallback$Provision.provision(ProvisionListenerStackCallback.java:109)
	at com.google.inject.internal.ProvisionListenerStackCallback$Provision.provision(ProvisionListenerStackCallback.java:124)
	at com.google.inject.internal.ProvisionListenerStackCallback.provision(ProvisionListenerStackCallback.java:66)
	at com.google.inject.internal.ProviderInternalFactory.circularGet(ProviderInternalFactory.java:62)
	at com.google.inject.internal.InternalFactoryToInitializableAdapter.get(InternalFactoryToInitializableAdapter.java:47)
	at com.google.inject.internal.InjectorImpl$1.get(InjectorImpl.java:1101)
	at org.eclipse.sisu.inject.Guice4$2.get(Guice4.java:235)
	at org.eclipse.sisu.inject.LazyBeanEntry.getValue(LazyBeanEntry.java:83)
	at org.eclipse.sisu.plexus.LazyPlexusBean.getValue(LazyPlexusBean.java:53)
	at org.codehaus.plexus.DefaultPlexusContainer.lookup(DefaultPlexusContainer.java:265)
	at org.codehaus.plexus.DefaultPlexusContainer.lookup(DefaultPlexusContainer.java:257)
	at org.apache.maven.plugin.internal.DefaultMavenPluginManager.getConfiguredMojo(DefaultMavenPluginManager.java:491)
	at org.eclipse.m2e.core.internal.embedder.MavenImpl.getConfiguredMojo(MavenImpl.java:206)
	at org.eclipse.m2e.mavenarchiver.internal.AbstractMavenArchiverConfigurator.reflectManifestGeneration(AbstractMavenArchiverConfigurator.java:439)
	at org.eclipse.m2e.mavenarchiver.internal.AbstractMavenArchiverConfigurator.lambda$3(AbstractMavenArchiverConfigurator.java:398)
	at org.eclipse.m2e.core.internal.embedder.MavenExecutionContext.executeBare(MavenExecutionContext.java:458)
	at org.eclipse.m2e.core.internal.embedder.MavenExecutionContext.execute(MavenExecutionContext.java:339)
	at org.eclipse.m2e.core.internal.embedder.MavenExecutionContext.execute(MavenExecutionContext.java:278)
	at org.eclipse.m2e.mavenarchiver.internal.AbstractMavenArchiverConfigurator.generateManifest(AbstractMavenArchiverConfigurator.java:371)
	at org.eclipse.m2e.mavenarchiver.internal.AbstractMavenArchiverConfigurator.mavenProjectChanged(AbstractMavenArchiverConfigurator.java:228)
	at org.eclipse.m2e.mavenarchiver.internal.AbstractMavenArchiverConfigurator$1.build(AbstractMavenArchiverConfigurator.java:178)
	at org.eclipse.m2e.core.internal.builder.MavenBuilderImpl.lambda$2(MavenBuilderImpl.java:159)
	at java.base/java.util.LinkedHashMap.forEach(LinkedHashMap.java:986)
	at org.eclipse.m2e.core.internal.builder.MavenBuilderImpl.build(MavenBuilderImpl.java:139)
	at org.eclipse.m2e.core.internal.builder.MavenBuilder$1.method(MavenBuilder.java:164)
	at org.eclipse.m2e.core.internal.builder.MavenBuilder$1.method(MavenBuilder.java:1)
	at org.eclipse.m2e.core.internal.builder.MavenBuilder$BuildMethod.lambda$1(MavenBuilder.java:109)
	at org.eclipse.m2e.core.internal.embedder.MavenExecutionContext.executeBare(MavenExecutionContext.java:458)
	at org.eclipse.m2e.core.internal.embedder.MavenExecutionContext.execute(MavenExecutionContext.java:292)
	at org.eclipse.m2e.core.internal.builder.MavenBuilder$BuildMethod.lambda$0(MavenBuilder.java:100)
	at org.eclipse.m2e.core.internal.embedder.MavenExecutionContext.executeBare(MavenExecutionContext.java:458)
	at org.eclipse.m2e.core.internal.embedder.MavenExecutionContext.execute(MavenExecutionContext.java:339)
	at org.eclipse.m2e.core.internal.embedder.MavenExecutionContext.execute(MavenExecutionContext.java:278)
	at org.eclipse.m2e.core.internal.builder.MavenBuilder$BuildMethod.execute(MavenBuilder.java:83)
	at org.eclipse.m2e.core.internal.builder.MavenBuilder.build(MavenBuilder.java:192)
	at org.eclipse.core.internal.events.BuildManager$2.run(BuildManager.java:1077)
	at org.eclipse.core.runtime.SafeRunner.run(SafeRunner.java:47)
	at org.eclipse.core.internal.events.BuildManager.basicBuild(BuildManager.java:296)
	at org.eclipse.core.internal.events.BuildManager.basicBuild(BuildManager.java:352)
	at org.eclipse.core.internal.events.BuildManager$1.run(BuildManager.java:441)
	at org.eclipse.core.runtime.SafeRunner.run(SafeRunner.java:47)
	at org.eclipse.core.internal.events.BuildManager.basicBuild(BuildManager.java:444)
	at org.eclipse.core.internal.events.BuildManager.basicBuildLoop(BuildManager.java:555)
	at org.eclipse.core.internal.events.BuildManager.basicBuildLoop(BuildManager.java:503)
	at org.eclipse.core.internal.events.BuildManager.build(BuildManager.java:585)
	at org.eclipse.core.internal.events.AutoBuildJob.doBuild(AutoBuildJob.java:207)
	at org.eclipse.core.internal.events.AutoBuildJob.run(AutoBuildJob.java:300)
	at org.eclipse.core.internal.jobs.Worker.run(Worker.java:63)
Caused by: com.google.inject.OutOfScopeException: Cannot access Key[type=org.apache.maven.project.MavenProject, annotation=[none]] outside of a scoping block
	at org.apache.maven.execution.scope.internal.MojoExecutionScope$2.get(MojoExecutionScope.java:99)
	at com.google.inject.internal.InternalFactoryToProviderAdapter.get(InternalFactoryToProviderAdapter.java:45)
	at com.google.inject.internal.SingleParameterInjector.inject(SingleParameterInjector.java:40)
	at com.google.inject.internal.SingleParameterInjector.getAll(SingleParameterInjector.java:60)
	at com.google.inject.internal.ConstructorInjector.provision(ConstructorInjector.java:113)
	at com.google.inject.internal.ConstructorInjector.access$000(ConstructorInjector.java:33)
	at com.google.inject.internal.ConstructorInjector$1.call(ConstructorInjector.java:98)
	at com.google.inject.internal.ProvisionListenerStackCallback$Provision.provision(ProvisionListenerStackCallback.java:109)
	at com.google.inject.internal.ProvisionListenerStackCallback$Provision.provision(ProvisionListenerStackCallback.java:124)
	at com.google.inject.internal.ProvisionListenerStackCallback.provision(ProvisionListenerStackCallback.java:66)
	at com.google.inject.internal.ConstructorInjector.construct(ConstructorInjector.java:93)
	at com.google.inject.internal.ConstructorBindingImpl$Factory.get(ConstructorBindingImpl.java:300)
	at com.google.inject.internal.InjectorImpl$1.get(InjectorImpl.java:1101)
	... 53 common frames omitted
2026-09-04 20:25:48,680 [Worker-25: Updating Maven Project] INFO  o.e.m.c.i.p.ProjectConfigurationManager - Update started
2026-09-04 20:25:49,478 [Worker-25: Updating Maven Project] INFO  o.e.m.c.i.l.LifecycleMappingFactory - Using org.eclipse.m2e.jdt.JarLifecycleMapping lifecycle mapping for MavenProject: com.roshan:user-service:0.0.1-SNAPSHOT @ C:\Users\Abdul Rahman\OneDrive\Desktop\roshan\Payment Gateway Integration\User-Service\user-service\pom.xml.
2026-09-04 20:25:51,107 [Worker-25: Updating Maven Project] WARN  Sisu - Error injecting: org.apache.maven.plugins.jar.JarMojo
com.google.inject.ProvisionException: Unable to provision, see the following errors:

1) [Guice/ErrorInCustomProvider]: OutOfScopeException: Cannot access Key[type=MavenProject, annotation=[none]] outside of a scoping block
  at MojoExecutionScopeModule.configure(MojoExecutionScopeModule.java:47)
      \_ installed by: WireModule -> MojoExecutionScopeModule
  at JarMojo.<init>(JarMojo.java:72)
      \_ for 1st parameter
  while locating JarMojo

Learn more:
  https://github.com/google/guice/wiki/ERROR_IN_CUSTOM_PROVIDER

1 error

======================
Full classname legend:
======================
JarMojo:                  "org.apache.maven.plugins.jar.JarMojo"
MavenProject:             "org.apache.maven.project.MavenProject"
MojoExecutionScopeModule: "org.apache.maven.execution.scope.internal.MojoExecutionScopeModule"
OutOfScopeException:      "com.google.inject.OutOfScopeException"
WireModule:               "org.eclipse.sisu.wire.WireModule"
========================
End of classname legend:
========================

	at com.google.inject.internal.InternalProvisionException.toProvisionException(InternalProvisionException.java:251)
	at com.google.inject.internal.InjectorImpl$1.get(InjectorImpl.java:1104)
	at com.google.inject.internal.InjectorImpl.getInstance(InjectorImpl.java:1139)
	at org.eclipse.sisu.space.AbstractDeferredClass.get(AbstractDeferredClass.java:50)
	at com.google.inject.internal.ProviderInternalFactory.provision(ProviderInternalFactory.java:86)
	at com.google.inject.internal.InternalFactoryToInitializableAdapter.provision(InternalFactoryToInitializableAdapter.java:57)
	at com.google.inject.internal.ProviderInternalFactory$1.call(ProviderInternalFactory.java:67)
	at com.google.inject.internal.ProvisionListenerStackCallback$Provision.provision(ProvisionListenerStackCallback.java:109)
	at com.google.inject.internal.ProvisionListenerStackCallback$Provision.provision(ProvisionListenerStackCallback.java:124)
	at com.google.inject.internal.ProvisionListenerStackCallback.provision(ProvisionListenerStackCallback.java:66)
	at com.google.inject.internal.ProviderInternalFactory.circularGet(ProviderInternalFactory.java:62)
	at com.google.inject.internal.InternalFactoryToInitializableAdapter.get(InternalFactoryToInitializableAdapter.java:47)
	at com.google.inject.internal.InjectorImpl$1.get(InjectorImpl.java:1101)
	at org.eclipse.sisu.inject.Guice4$2.get(Guice4.java:235)
	at org.eclipse.sisu.inject.LazyBeanEntry.getValue(LazyBeanEntry.java:83)
	at org.eclipse.sisu.plexus.LazyPlexusBean.getValue(LazyPlexusBean.java:53)
	at org.codehaus.plexus.DefaultPlexusContainer.lookup(DefaultPlexusContainer.java:265)
	at org.codehaus.plexus.DefaultPlexusContainer.lookup(DefaultPlexusContainer.java:257)
	at org.apache.maven.plugin.internal.DefaultMavenPluginManager.getConfiguredMojo(DefaultMavenPluginManager.java:491)
	at org.eclipse.m2e.core.internal.embedder.MavenImpl.getConfiguredMojo(MavenImpl.java:206)
	at org.eclipse.m2e.mavenarchiver.internal.AbstractMavenArchiverConfigurator.reflectManifestGeneration(AbstractMavenArchiverConfigurator.java:439)
	at org.eclipse.m2e.mavenarchiver.internal.AbstractMavenArchiverConfigurator.lambda$3(AbstractMavenArchiverConfigurator.java:398)
	at org.eclipse.m2e.core.internal.embedder.MavenExecutionContext.executeBare(MavenExecutionContext.java:458)
	at org.eclipse.m2e.core.internal.embedder.MavenExecutionContext.execute(MavenExecutionContext.java:339)
	at org.eclipse.m2e.core.internal.embedder.MavenExecutionContext.execute(MavenExecutionContext.java:278)
	at org.eclipse.m2e.mavenarchiver.internal.AbstractMavenArchiverConfigurator.generateManifest(AbstractMavenArchiverConfigurator.java:371)
	at org.eclipse.m2e.mavenarchiver.internal.AbstractMavenArchiverConfigurator.mavenProjectChanged(AbstractMavenArchiverConfigurator.java:228)
	at org.eclipse.m2e.mavenarchiver.internal.AbstractMavenArchiverConfigurator.mavenProjectChanged(AbstractMavenArchiverConfigurator.java:220)
	at org.eclipse.m2e.core.internal.project.ProjectConfigurationManager.mavenProjectChanged(ProjectConfigurationManager.java:885)
	at org.eclipse.m2e.core.internal.project.registry.ProjectRegistryManager.notifyProjectChangeListeners(ProjectRegistryManager.java:892)
	at org.eclipse.m2e.core.internal.project.registry.ProjectRegistryManager.applyMutableProjectRegistry(ProjectRegistryManager.java:1042)
	at org.eclipse.m2e.core.internal.project.registry.ProjectRegistryManager.refresh(ProjectRegistryManager.java:324)
	at org.eclipse.m2e.core.internal.project.ProjectConfigurationManager.updateProjectConfiguration0(ProjectConfigurationManager.java:388)
	at org.eclipse.m2e.core.internal.project.ProjectConfigurationManager.lambda$3(ProjectConfigurationManager.java:340)
	at org.eclipse.m2e.core.internal.embedder.MavenExecutionContext.executeBare(MavenExecutionContext.java:458)
	at org.eclipse.m2e.core.internal.embedder.MavenExecutionContext.execute(MavenExecutionContext.java:339)
	at org.eclipse.m2e.core.internal.embedder.MavenExecutionContext.execute(MavenExecutionContext.java:278)
	at org.eclipse.m2e.core.internal.embedder.MavenImpl.execute(MavenImpl.java:1053)
	at org.eclipse.m2e.core.internal.project.ProjectConfigurationManager.updateProjectConfiguration(ProjectConfigurationManager.java:339)
	at org.eclipse.m2e.core.ui.internal.UpdateMavenProjectJob.runInWorkspace(UpdateMavenProjectJob.java:80)
	at org.eclipse.core.internal.resources.InternalWorkspaceJob.run(InternalWorkspaceJob.java:43)
	at org.eclipse.core.internal.jobs.Worker.run(Worker.java:63)
Caused by: com.google.inject.OutOfScopeException: Cannot access Key[type=org.apache.maven.project.MavenProject, annotation=[none]] outside of a scoping block
	at org.apache.maven.execution.scope.internal.MojoExecutionScope$2.get(MojoExecutionScope.java:99)
	at com.google.inject.internal.InternalFactoryToProviderAdapter.get(InternalFactoryToProviderAdapter.java:45)
	at com.google.inject.internal.SingleParameterInjector.inject(SingleParameterInjector.java:40)
	at com.google.inject.internal.SingleParameterInjector.getAll(SingleParameterInjector.java:60)
	at com.google.inject.internal.ConstructorInjector.provision(ConstructorInjector.java:113)
	at com.google.inject.internal.ConstructorInjector.access$000(ConstructorInjector.java:33)
	at com.google.inject.internal.ConstructorInjector$1.call(ConstructorInjector.java:98)
	at com.google.inject.internal.ProvisionListenerStackCallback$Provision.provision(ProvisionListenerStackCallback.java:109)
	at com.google.inject.internal.ProvisionListenerStackCallback$Provision.provision(ProvisionListenerStackCallback.java:124)
	at com.google.inject.internal.ProvisionListenerStackCallback.provision(ProvisionListenerStackCallback.java:66)
	at com.google.inject.internal.ConstructorInjector.construct(ConstructorInjector.java:93)
	at com.google.inject.internal.ConstructorBindingImpl$Factory.get(ConstructorBindingImpl.java:300)
	at com.google.inject.internal.InjectorImpl$1.get(InjectorImpl.java:1101)
	... 40 common frames omitted
2026-09-04 20:25:53,115 [Worker-25: Updating Maven Project] INFO  o.e.m.j.i.AbstractJavaProjectConfigurator - Adding source folder /user-service/src/main/java
2026-09-04 20:25:53,119 [Worker-25: Updating Maven Project] INFO  o.e.m.j.i.AbstractJavaProjectConfigurator - Adding resource folder /user-service/src/main/resources
2026-09-04 20:25:53,129 [Worker-25: Updating Maven Project] INFO  o.e.m.j.i.AbstractJavaProjectConfigurator - Adding resource folder /user-service/src/main/resources
2026-09-04 20:25:53,131 [Worker-25: Updating Maven Project] INFO  o.e.m.j.i.AbstractJavaProjectConfigurator - Adding source folder /user-service/src/test/java
2026-09-04 20:25:53,135 [Worker-25: Updating Maven Project] INFO  o.e.m.j.i.AbstractJavaProjectConfigurator - Adding resource folder /user-service/src/test/resources
2026-09-04 20:25:54,867 [Worker-25: Updating Maven Project] INFO  o.e.m.c.i.p.ProjectConfigurationManager - Update completed for 1 poms: local refresh takes 0.00 sec, refresh facades takes 4.00 sec, update config takes 1.00 sec 
2026-09-04 20:25:55,575 [Worker-32: Building] INFO  o.a.m.s.f.DefaultMavenResourcesFiltering - Copying 1 resource from src\main\resources to target\classes
2026-09-04 20:25:55,636 [Worker-32: Building] INFO  o.a.m.s.f.DefaultMavenResourcesFiltering - Copying 0 resource from src\main\resources to target\classes
2026-09-04 20:25:55,652 [Worker-32: Building] INFO  o.a.m.s.f.DefaultMavenResourcesFiltering - skip non existing resourceDirectory C:\Users\Abdul Rahman\OneDrive\Desktop\roshan\Payment Gateway Integration\User-Service\user-service\src\test\resources
2026-09-04 20:25:55,671 [Worker-32: Building] WARN  Sisu - Error injecting: org.apache.maven.plugins.jar.JarMojo
com.google.inject.ProvisionException: Unable to provision, see the following errors:

1) [Guice/ErrorInCustomProvider]: OutOfScopeException: Cannot access Key[type=MavenProject, annotation=[none]] outside of a scoping block
  at MojoExecutionScopeModule.configure(MojoExecutionScopeModule.java:47)
      \_ installed by: WireModule -> MojoExecutionScopeModule
  at JarMojo.<init>(JarMojo.java:72)
      \_ for 1st parameter
  while locating JarMojo

Learn more:
  https://github.com/google/guice/wiki/ERROR_IN_CUSTOM_PROVIDER

1 error

======================
Full classname legend:
======================
JarMojo:                  "org.apache.maven.plugins.jar.JarMojo"
MavenProject:             "org.apache.maven.project.MavenProject"
MojoExecutionScopeModule: "org.apache.maven.execution.scope.internal.MojoExecutionScopeModule"
OutOfScopeException:      "com.google.inject.OutOfScopeException"
WireModule:               "org.eclipse.sisu.wire.WireModule"
========================
End of classname legend:
========================

	at com.google.inject.internal.InternalProvisionException.toProvisionException(InternalProvisionException.java:251)
	at com.google.inject.internal.InjectorImpl$1.get(InjectorImpl.java:1104)
	at com.google.inject.internal.InjectorImpl.getInstance(InjectorImpl.java:1139)
	at org.eclipse.sisu.space.AbstractDeferredClass.get(AbstractDeferredClass.java:50)
	at com.google.inject.internal.ProviderInternalFactory.provision(ProviderInternalFactory.java:86)
	at com.google.inject.internal.InternalFactoryToInitializableAdapter.provision(InternalFactoryToInitializableAdapter.java:57)
	at com.google.inject.internal.ProviderInternalFactory$1.call(ProviderInternalFactory.java:67)
	at com.google.inject.internal.ProvisionListenerStackCallback$Provision.provision(ProvisionListenerStackCallback.java:109)
	at com.google.inject.internal.ProvisionListenerStackCallback$Provision.provision(ProvisionListenerStackCallback.java:124)
	at com.google.inject.internal.ProvisionListenerStackCallback.provision(ProvisionListenerStackCallback.java:66)
	at com.google.inject.internal.ProviderInternalFactory.circularGet(ProviderInternalFactory.java:62)
	at com.google.inject.internal.InternalFactoryToInitializableAdapter.get(InternalFactoryToInitializableAdapter.java:47)
	at com.google.inject.internal.InjectorImpl$1.get(InjectorImpl.java:1101)
	at org.eclipse.sisu.inject.Guice4$2.get(Guice4.java:235)
	at org.eclipse.sisu.inject.LazyBeanEntry.getValue(LazyBeanEntry.java:83)
	at org.eclipse.sisu.plexus.LazyPlexusBean.getValue(LazyPlexusBean.java:53)
	at org.codehaus.plexus.DefaultPlexusContainer.lookup(DefaultPlexusContainer.java:265)
	at org.codehaus.plexus.DefaultPlexusContainer.lookup(DefaultPlexusContainer.java:257)
	at org.apache.maven.plugin.internal.DefaultMavenPluginManager.getConfiguredMojo(DefaultMavenPluginManager.java:491)
	at org.eclipse.m2e.core.internal.embedder.MavenImpl.getConfiguredMojo(MavenImpl.java:206)
	at org.eclipse.m2e.mavenarchiver.internal.AbstractMavenArchiverConfigurator.reflectManifestGeneration(AbstractMavenArchiverConfigurator.java:439)
	at org.eclipse.m2e.mavenarchiver.internal.AbstractMavenArchiverConfigurator.lambda$3(AbstractMavenArchiverConfigurator.java:398)
	at org.eclipse.m2e.core.internal.embedder.MavenExecutionContext.executeBare(MavenExecutionContext.java:458)
	at org.eclipse.m2e.core.internal.embedder.MavenExecutionContext.execute(MavenExecutionContext.java:339)
	at org.eclipse.m2e.core.internal.embedder.MavenExecutionContext.execute(MavenExecutionContext.java:278)
	at org.eclipse.m2e.mavenarchiver.internal.AbstractMavenArchiverConfigurator.generateManifest(AbstractMavenArchiverConfigurator.java:371)
	at org.eclipse.m2e.mavenarchiver.internal.AbstractMavenArchiverConfigurator.mavenProjectChanged(AbstractMavenArchiverConfigurator.java:228)
	at org.eclipse.m2e.mavenarchiver.internal.AbstractMavenArchiverConfigurator$1.build(AbstractMavenArchiverConfigurator.java:178)
	at org.eclipse.m2e.core.internal.builder.MavenBuilderImpl.lambda$2(MavenBuilderImpl.java:159)
	at java.base/java.util.LinkedHashMap.forEach(LinkedHashMap.java:986)
	at org.eclipse.m2e.core.internal.builder.MavenBuilderImpl.build(MavenBuilderImpl.java:139)
	at org.eclipse.m2e.core.internal.builder.MavenBuilder$1.method(MavenBuilder.java:164)
	at org.eclipse.m2e.core.internal.builder.MavenBuilder$1.method(MavenBuilder.java:1)
	at org.eclipse.m2e.core.internal.builder.MavenBuilder$BuildMethod.lambda$1(MavenBuilder.java:109)
	at org.eclipse.m2e.core.internal.embedder.MavenExecutionContext.executeBare(MavenExecutionContext.java:458)
	at org.eclipse.m2e.core.internal.embedder.MavenExecutionContext.execute(MavenExecutionContext.java:292)
	at org.eclipse.m2e.core.internal.builder.MavenBuilder$BuildMethod.lambda$0(MavenBuilder.java:100)
	at org.eclipse.m2e.core.internal.embedder.MavenExecutionContext.executeBare(MavenExecutionContext.java:458)
	at org.eclipse.m2e.core.internal.embedder.MavenExecutionContext.execute(MavenExecutionContext.java:339)
	at org.eclipse.m2e.core.internal.embedder.MavenExecutionContext.execute(MavenExecutionContext.java:278)
	at org.eclipse.m2e.core.internal.builder.MavenBuilder$BuildMethod.execute(MavenBuilder.java:83)
	at org.eclipse.m2e.core.internal.builder.MavenBuilder.build(MavenBuilder.java:192)
	at org.eclipse.core.internal.events.BuildManager$2.run(BuildManager.java:1077)
	at org.eclipse.core.runtime.SafeRunner.run(SafeRunner.java:47)
	at org.eclipse.core.internal.events.BuildManager.basicBuild(BuildManager.java:296)
	at org.eclipse.core.internal.events.BuildManager.basicBuild(BuildManager.java:352)
	at org.eclipse.core.internal.events.BuildManager$1.run(BuildManager.java:441)
	at org.eclipse.core.runtime.SafeRunner.run(SafeRunner.java:47)
	at org.eclipse.core.internal.events.BuildManager.basicBuild(BuildManager.java:444)
	at org.eclipse.core.internal.events.BuildManager.basicBuildLoop(BuildManager.java:555)
	at org.eclipse.core.internal.events.BuildManager.basicBuildLoop(BuildManager.java:503)
	at org.eclipse.core.internal.events.BuildManager.build(BuildManager.java:585)
	at org.eclipse.core.internal.events.AutoBuildJob.doBuild(AutoBuildJob.java:207)
	at org.eclipse.core.internal.events.AutoBuildJob.run(AutoBuildJob.java:300)
	at org.eclipse.core.internal.jobs.Worker.run(Worker.java:63)
Caused by: com.google.inject.OutOfScopeException: Cannot access Key[type=org.apache.maven.project.MavenProject, annotation=[none]] outside of a scoping block
	at org.apache.maven.execution.scope.internal.MojoExecutionScope$2.get(MojoExecutionScope.java:99)
	at com.google.inject.internal.InternalFactoryToProviderAdapter.get(InternalFactoryToProviderAdapter.java:45)
	at com.google.inject.internal.SingleParameterInjector.inject(SingleParameterInjector.java:40)
	at com.google.inject.internal.SingleParameterInjector.getAll(SingleParameterInjector.java:60)
	at com.google.inject.internal.ConstructorInjector.provision(ConstructorInjector.java:113)
	at com.google.inject.internal.ConstructorInjector.access$000(ConstructorInjector.java:33)
	at com.google.inject.internal.ConstructorInjector$1.call(ConstructorInjector.java:98)
	at com.google.inject.internal.ProvisionListenerStackCallback$Provision.provision(ProvisionListenerStackCallback.java:109)
	at com.google.inject.internal.ProvisionListenerStackCallback$Provision.provision(ProvisionListenerStackCallback.java:124)
	at com.google.inject.internal.ProvisionListenerStackCallback.provision(ProvisionListenerStackCallback.java:66)
	at com.google.inject.internal.ConstructorInjector.construct(ConstructorInjector.java:93)
	at com.google.inject.internal.ConstructorBindingImpl$Factory.get(ConstructorBindingImpl.java:300)
	at com.google.inject.internal.InjectorImpl$1.get(InjectorImpl.java:1101)
	... 53 common frames omitted
2026-09-04 20:28:08,270 [Worker-25: Building] INFO  o.a.m.s.f.DefaultMavenResourcesFiltering - Copying 1 resource from src\main\resources to target\classes
2026-09-04 20:28:08,280 [Worker-25: Building] INFO  o.a.m.s.f.DefaultMavenResourcesFiltering - Copying 0 resource from src\main\resources to target\classes
2026-09-04 20:28:08,285 [Worker-25: Building] INFO  o.a.m.s.f.DefaultMavenResourcesFiltering - skip non existing resourceDirectory C:\Users\Abdul Rahman\OneDrive\Desktop\roshan\Payment Gateway Integration\User-Service\user-service\src\test\resources
2026-09-04 20:28:08,300 [Worker-25: Building] WARN  Sisu - Error injecting: org.apache.maven.plugins.jar.JarMojo
com.google.inject.ProvisionException: Unable to provision, see the following errors:

1) [Guice/ErrorInCustomProvider]: OutOfScopeException: Cannot access Key[type=MavenProject, annotation=[none]] outside of a scoping block
  at MojoExecutionScopeModule.configure(MojoExecutionScopeModule.java:47)
      \_ installed by: WireModule -> MojoExecutionScopeModule
  at JarMojo.<init>(JarMojo.java:72)
      \_ for 1st parameter
  while locating JarMojo

Learn more:
  https://github.com/google/guice/wiki/ERROR_IN_CUSTOM_PROVIDER

1 error

======================
Full classname legend:
======================
JarMojo:                  "org.apache.maven.plugins.jar.JarMojo"
MavenProject:             "org.apache.maven.project.MavenProject"
MojoExecutionScopeModule: "org.apache.maven.execution.scope.internal.MojoExecutionScopeModule"
OutOfScopeException:      "com.google.inject.OutOfScopeException"
WireModule:               "org.eclipse.sisu.wire.WireModule"
========================
End of classname legend:
========================

	at com.google.inject.internal.InternalProvisionException.toProvisionException(InternalProvisionException.java:251)
	at com.google.inject.internal.InjectorImpl$1.get(InjectorImpl.java:1104)
	at com.google.inject.internal.InjectorImpl.getInstance(InjectorImpl.java:1139)
	at org.eclipse.sisu.space.AbstractDeferredClass.get(AbstractDeferredClass.java:50)
	at com.google.inject.internal.ProviderInternalFactory.provision(ProviderInternalFactory.java:86)
	at com.google.inject.internal.InternalFactoryToInitializableAdapter.provision(InternalFactoryToInitializableAdapter.java:57)
	at com.google.inject.internal.ProviderInternalFactory$1.call(ProviderInternalFactory.java:67)
	at com.google.inject.internal.ProvisionListenerStackCallback$Provision.provision(ProvisionListenerStackCallback.java:109)
	at com.google.inject.internal.ProvisionListenerStackCallback$Provision.provision(ProvisionListenerStackCallback.java:124)
	at com.google.inject.internal.ProvisionListenerStackCallback.provision(ProvisionListenerStackCallback.java:66)
	at com.google.inject.internal.ProviderInternalFactory.circularGet(ProviderInternalFactory.java:62)
	at com.google.inject.internal.InternalFactoryToInitializableAdapter.get(InternalFactoryToInitializableAdapter.java:47)
	at com.google.inject.internal.InjectorImpl$1.get(InjectorImpl.java:1101)
	at org.eclipse.sisu.inject.Guice4$2.get(Guice4.java:235)
	at org.eclipse.sisu.inject.LazyBeanEntry.getValue(LazyBeanEntry.java:83)
	at org.eclipse.sisu.plexus.LazyPlexusBean.getValue(LazyPlexusBean.java:53)
	at org.codehaus.plexus.DefaultPlexusContainer.lookup(DefaultPlexusContainer.java:265)
	at org.codehaus.plexus.DefaultPlexusContainer.lookup(DefaultPlexusContainer.java:257)
	at org.apache.maven.plugin.internal.DefaultMavenPluginManager.getConfiguredMojo(DefaultMavenPluginManager.java:491)
	at org.eclipse.m2e.core.internal.embedder.MavenImpl.getConfiguredMojo(MavenImpl.java:206)
	at org.eclipse.m2e.mavenarchiver.internal.AbstractMavenArchiverConfigurator.reflectManifestGeneration(AbstractMavenArchiverConfigurator.java:439)
	at org.eclipse.m2e.mavenarchiver.internal.AbstractMavenArchiverConfigurator.lambda$3(AbstractMavenArchiverConfigurator.java:398)
	at org.eclipse.m2e.core.internal.embedder.MavenExecutionContext.executeBare(MavenExecutionContext.java:458)
	at org.eclipse.m2e.core.internal.embedder.MavenExecutionContext.execute(MavenExecutionContext.java:339)
	at org.eclipse.m2e.core.internal.embedder.MavenExecutionContext.execute(MavenExecutionContext.java:278)
	at org.eclipse.m2e.mavenarchiver.internal.AbstractMavenArchiverConfigurator.generateManifest(AbstractMavenArchiverConfigurator.java:371)
	at org.eclipse.m2e.mavenarchiver.internal.AbstractMavenArchiverConfigurator.mavenProjectChanged(AbstractMavenArchiverConfigurator.java:228)
	at org.eclipse.m2e.mavenarchiver.internal.AbstractMavenArchiverConfigurator$1.build(AbstractMavenArchiverConfigurator.java:178)
	at org.eclipse.m2e.core.internal.builder.MavenBuilderImpl.lambda$2(MavenBuilderImpl.java:159)
	at java.base/java.util.LinkedHashMap.forEach(LinkedHashMap.java:986)
	at org.eclipse.m2e.core.internal.builder.MavenBuilderImpl.build(MavenBuilderImpl.java:139)
	at org.eclipse.m2e.core.internal.builder.MavenBuilder$1.method(MavenBuilder.java:164)
	at org.eclipse.m2e.core.internal.builder.MavenBuilder$1.method(MavenBuilder.java:1)
	at org.eclipse.m2e.core.internal.builder.MavenBuilder$BuildMethod.lambda$1(MavenBuilder.java:109)
	at org.eclipse.m2e.core.internal.embedder.MavenExecutionContext.executeBare(MavenExecutionContext.java:458)
	at org.eclipse.m2e.core.internal.embedder.MavenExecutionContext.execute(MavenExecutionContext.java:292)
	at org.eclipse.m2e.core.internal.builder.MavenBuilder$BuildMethod.lambda$0(MavenBuilder.java:100)
	at org.eclipse.m2e.core.internal.embedder.MavenExecutionContext.executeBare(MavenExecutionContext.java:458)
	at org.eclipse.m2e.core.internal.embedder.MavenExecutionContext.execute(MavenExecutionContext.java:339)
	at org.eclipse.m2e.core.internal.embedder.MavenExecutionContext.execute(MavenExecutionContext.java:278)
	at org.eclipse.m2e.core.internal.builder.MavenBuilder$BuildMethod.execute(MavenBuilder.java:83)
	at org.eclipse.m2e.core.internal.builder.MavenBuilder.build(MavenBuilder.java:192)
	at org.eclipse.core.internal.events.BuildManager$2.run(BuildManager.java:1077)
	at org.eclipse.core.runtime.SafeRunner.run(SafeRunner.java:47)
	at org.eclipse.core.internal.events.BuildManager.basicBuild(BuildManager.java:296)
	at org.eclipse.core.internal.events.BuildManager.basicBuild(BuildManager.java:352)
	at org.eclipse.core.internal.events.BuildManager$1.run(BuildManager.java:441)
	at org.eclipse.core.runtime.SafeRunner.run(SafeRunner.java:47)
	at org.eclipse.core.internal.events.BuildManager.basicBuild(BuildManager.java:444)
	at org.eclipse.core.internal.events.BuildManager.basicBuildLoop(BuildManager.java:555)
	at org.eclipse.core.internal.events.BuildManager.basicBuildLoop(BuildManager.java:503)
	at org.eclipse.core.internal.events.BuildManager.build(BuildManager.java:585)
	at org.eclipse.core.internal.events.AutoBuildJob.doBuild(AutoBuildJob.java:207)
	at org.eclipse.core.internal.events.AutoBuildJob.run(AutoBuildJob.java:300)
	at org.eclipse.core.internal.jobs.Worker.run(Worker.java:63)
Caused by: com.google.inject.OutOfScopeException: Cannot access Key[type=org.apache.maven.project.MavenProject, annotation=[none]] outside of a scoping block
	at org.apache.maven.execution.scope.internal.MojoExecutionScope$2.get(MojoExecutionScope.java:99)
	at com.google.inject.internal.InternalFactoryToProviderAdapter.get(InternalFactoryToProviderAdapter.java:45)
	at com.google.inject.internal.SingleParameterInjector.inject(SingleParameterInjector.java:40)
	at com.google.inject.internal.SingleParameterInjector.getAll(SingleParameterInjector.java:60)
	at com.google.inject.internal.ConstructorInjector.provision(ConstructorInjector.java:113)
	at com.google.inject.internal.ConstructorInjector.access$000(ConstructorInjector.java:33)
	at com.google.inject.internal.ConstructorInjector$1.call(ConstructorInjector.java:98)
	at com.google.inject.internal.ProvisionListenerStackCallback$Provision.provision(ProvisionListenerStackCallback.java:109)
	at com.google.inject.internal.ProvisionListenerStackCallback$Provision.provision(ProvisionListenerStackCallback.java:124)
	at com.google.inject.internal.ProvisionListenerStackCallback.provision(ProvisionListenerStackCallback.java:66)
	at com.google.inject.internal.ConstructorInjector.construct(ConstructorInjector.java:93)
	at com.google.inject.internal.ConstructorBindingImpl$Factory.get(ConstructorBindingImpl.java:300)
	at com.google.inject.internal.InjectorImpl$1.get(InjectorImpl.java:1101)
	... 53 common frames omitted
2026-09-04 20:28:21,753 [Worker-33: Building] INFO  o.a.m.s.f.DefaultMavenResourcesFiltering - Copying 1 resource from src\main\resources to target\classes
2026-09-04 20:28:21,762 [Worker-33: Building] INFO  o.a.m.s.f.DefaultMavenResourcesFiltering - Copying 0 resource from src\main\resources to target\classes
2026-09-04 20:28:21,768 [Worker-33: Building] INFO  o.a.m.s.f.DefaultMavenResourcesFiltering - skip non existing resourceDirectory C:\Users\Abdul Rahman\OneDrive\Desktop\roshan\Payment Gateway Integration\User-Service\user-service\src\test\resources
2026-09-04 20:28:21,782 [Worker-33: Building] WARN  Sisu - Error injecting: org.apache.maven.plugins.jar.JarMojo
com.google.inject.ProvisionException: Unable to provision, see the following errors:

1) [Guice/ErrorInCustomProvider]: OutOfScopeException: Cannot access Key[type=MavenProject, annotation=[none]] outside of a scoping block
  at MojoExecutionScopeModule.configure(MojoExecutionScopeModule.java:47)
      \_ installed by: WireModule -> MojoExecutionScopeModule
  at JarMojo.<init>(JarMojo.java:72)
      \_ for 1st parameter
  while locating JarMojo

Learn more:
  https://github.com/google/guice/wiki/ERROR_IN_CUSTOM_PROVIDER

1 error

======================
Full classname legend:
======================
JarMojo:                  "org.apache.maven.plugins.jar.JarMojo"
MavenProject:             "org.apache.maven.project.MavenProject"
MojoExecutionScopeModule: "org.apache.maven.execution.scope.internal.MojoExecutionScopeModule"
OutOfScopeException:      "com.google.inject.OutOfScopeException"
WireModule:               "org.eclipse.sisu.wire.WireModule"
========================
End of classname legend:
========================

	at com.google.inject.internal.InternalProvisionException.toProvisionException(InternalProvisionException.java:251)
	at com.google.inject.internal.InjectorImpl$1.get(InjectorImpl.java:1104)
	at com.google.inject.internal.InjectorImpl.getInstance(InjectorImpl.java:1139)
	at org.eclipse.sisu.space.AbstractDeferredClass.get(AbstractDeferredClass.java:50)
	at com.google.inject.internal.ProviderInternalFactory.provision(ProviderInternalFactory.java:86)
	at com.google.inject.internal.InternalFactoryToInitializableAdapter.provision(InternalFactoryToInitializableAdapter.java:57)
	at com.google.inject.internal.ProviderInternalFactory$1.call(ProviderInternalFactory.java:67)
	at com.google.inject.internal.ProvisionListenerStackCallback$Provision.provision(ProvisionListenerStackCallback.java:109)
	at com.google.inject.internal.ProvisionListenerStackCallback$Provision.provision(ProvisionListenerStackCallback.java:124)
	at com.google.inject.internal.ProvisionListenerStackCallback.provision(ProvisionListenerStackCallback.java:66)
	at com.google.inject.internal.ProviderInternalFactory.circularGet(ProviderInternalFactory.java:62)
	at com.google.inject.internal.InternalFactoryToInitializableAdapter.get(InternalFactoryToInitializableAdapter.java:47)
	at com.google.inject.internal.InjectorImpl$1.get(InjectorImpl.java:1101)
	at org.eclipse.sisu.inject.Guice4$2.get(Guice4.java:235)
	at org.eclipse.sisu.inject.LazyBeanEntry.getValue(LazyBeanEntry.java:83)
	at org.eclipse.sisu.plexus.LazyPlexusBean.getValue(LazyPlexusBean.java:53)
	at org.codehaus.plexus.DefaultPlexusContainer.lookup(DefaultPlexusContainer.java:265)
	at org.codehaus.plexus.DefaultPlexusContainer.lookup(DefaultPlexusContainer.java:257)
	at org.apache.maven.plugin.internal.DefaultMavenPluginManager.getConfiguredMojo(DefaultMavenPluginManager.java:491)
	at org.eclipse.m2e.core.internal.embedder.MavenImpl.getConfiguredMojo(MavenImpl.java:206)
	at org.eclipse.m2e.mavenarchiver.internal.AbstractMavenArchiverConfigurator.reflectManifestGeneration(AbstractMavenArchiverConfigurator.java:439)
	at org.eclipse.m2e.mavenarchiver.internal.AbstractMavenArchiverConfigurator.lambda$3(AbstractMavenArchiverConfigurator.java:398)
	at org.eclipse.m2e.core.internal.embedder.MavenExecutionContext.executeBare(MavenExecutionContext.java:458)
	at org.eclipse.m2e.core.internal.embedder.MavenExecutionContext.execute(MavenExecutionContext.java:339)
	at org.eclipse.m2e.core.internal.embedder.MavenExecutionContext.execute(MavenExecutionContext.java:278)
	at org.eclipse.m2e.mavenarchiver.internal.AbstractMavenArchiverConfigurator.generateManifest(AbstractMavenArchiverConfigurator.java:371)
	at org.eclipse.m2e.mavenarchiver.internal.AbstractMavenArchiverConfigurator.mavenProjectChanged(AbstractMavenArchiverConfigurator.java:228)
	at org.eclipse.m2e.mavenarchiver.internal.AbstractMavenArchiverConfigurator$1.build(AbstractMavenArchiverConfigurator.java:178)
	at org.eclipse.m2e.core.internal.builder.MavenBuilderImpl.lambda$2(MavenBuilderImpl.java:159)
	at java.base/java.util.LinkedHashMap.forEach(LinkedHashMap.java:986)
	at org.eclipse.m2e.core.internal.builder.MavenBuilderImpl.build(MavenBuilderImpl.java:139)
	at org.eclipse.m2e.core.internal.builder.MavenBuilder$1.method(MavenBuilder.java:164)
	at org.eclipse.m2e.core.internal.builder.MavenBuilder$1.method(MavenBuilder.java:1)
	at org.eclipse.m2e.core.internal.builder.MavenBuilder$BuildMethod.lambda$1(MavenBuilder.java:109)
	at org.eclipse.m2e.core.internal.embedder.MavenExecutionContext.executeBare(MavenExecutionContext.java:458)
	at org.eclipse.m2e.core.internal.embedder.MavenExecutionContext.execute(MavenExecutionContext.java:292)
	at org.eclipse.m2e.core.internal.builder.MavenBuilder$BuildMethod.lambda$0(MavenBuilder.java:100)
	at org.eclipse.m2e.core.internal.embedder.MavenExecutionContext.executeBare(MavenExecutionContext.java:458)
	at org.eclipse.m2e.core.internal.embedder.MavenExecutionContext.execute(MavenExecutionContext.java:339)
	at org.eclipse.m2e.core.internal.embedder.MavenExecutionContext.execute(MavenExecutionContext.java:278)
	at org.eclipse.m2e.core.internal.builder.MavenBuilder$BuildMethod.execute(MavenBuilder.java:83)
	at org.eclipse.m2e.core.internal.builder.MavenBuilder.build(MavenBuilder.java:192)
	at org.eclipse.core.internal.events.BuildManager$2.run(BuildManager.java:1077)
	at org.eclipse.core.runtime.SafeRunner.run(SafeRunner.java:47)
	at org.eclipse.core.internal.events.BuildManager.basicBuild(BuildManager.java:296)
	at org.eclipse.core.internal.events.BuildManager.basicBuild(BuildManager.java:352)
	at org.eclipse.core.internal.events.BuildManager$1.run(BuildManager.java:441)
	at org.eclipse.core.runtime.SafeRunner.run(SafeRunner.java:47)
	at org.eclipse.core.internal.events.BuildManager.basicBuild(BuildManager.java:444)
	at org.eclipse.core.internal.events.BuildManager.basicBuildLoop(BuildManager.java:555)
	at org.eclipse.core.internal.events.BuildManager.basicBuildLoop(BuildManager.java:503)
	at org.eclipse.core.internal.events.BuildManager.build(BuildManager.java:585)
	at org.eclipse.core.internal.events.AutoBuildJob.doBuild(AutoBuildJob.java:207)
	at org.eclipse.core.internal.events.AutoBuildJob.run(AutoBuildJob.java:300)
	at org.eclipse.core.internal.jobs.Worker.run(Worker.java:63)
Caused by: com.google.inject.OutOfScopeException: Cannot access Key[type=org.apache.maven.project.MavenProject, annotation=[none]] outside of a scoping block
	at org.apache.maven.execution.scope.internal.MojoExecutionScope$2.get(MojoExecutionScope.java:99)
	at com.google.inject.internal.InternalFactoryToProviderAdapter.get(InternalFactoryToProviderAdapter.java:45)
	at com.google.inject.internal.SingleParameterInjector.inject(SingleParameterInjector.java:40)
	at com.google.inject.internal.SingleParameterInjector.getAll(SingleParameterInjector.java:60)
	at com.google.inject.internal.ConstructorInjector.provision(ConstructorInjector.java:113)
	at com.google.inject.internal.ConstructorInjector.access$000(ConstructorInjector.java:33)
	at com.google.inject.internal.ConstructorInjector$1.call(ConstructorInjector.java:98)
	at com.google.inject.internal.ProvisionListenerStackCallback$Provision.provision(ProvisionListenerStackCallback.java:109)
	at com.google.inject.internal.ProvisionListenerStackCallback$Provision.provision(ProvisionListenerStackCallback.java:124)
	at com.google.inject.internal.ProvisionListenerStackCallback.provision(ProvisionListenerStackCallback.java:66)
	at com.google.inject.internal.ConstructorInjector.construct(ConstructorInjector.java:93)
	at com.google.inject.internal.ConstructorBindingImpl$Factory.get(ConstructorBindingImpl.java:300)
	at com.google.inject.internal.InjectorImpl$1.get(InjectorImpl.java:1101)
	... 53 common frames omitted
2026-09-04 20:31:28,913 [Worker-34: Building] INFO  o.a.m.s.f.DefaultMavenResourcesFiltering - Copying 1 resource from src\main\resources to target\classes
2026-09-04 20:31:28,917 [Worker-34: Building] INFO  o.a.m.s.f.DefaultMavenResourcesFiltering - Copying 0 resource from src\main\resources to target\classes
2026-09-04 20:31:28,923 [Worker-34: Building] INFO  o.a.m.s.f.DefaultMavenResourcesFiltering - skip non existing resourceDirectory C:\Users\Abdul Rahman\OneDrive\Desktop\roshan\Payment Gateway Integration\User-Service\user-service\src\test\resources
2026-09-04 20:31:28,936 [Worker-34: Building] WARN  Sisu - Error injecting: org.apache.maven.plugins.jar.JarMojo
com.google.inject.ProvisionException: Unable to provision, see the following errors:

1) [Guice/ErrorInCustomProvider]: OutOfScopeException: Cannot access Key[type=MavenProject, annotation=[none]] outside of a scoping block
  at MojoExecutionScopeModule.configure(MojoExecutionScopeModule.java:47)
      \_ installed by: WireModule -> MojoExecutionScopeModule
  at JarMojo.<init>(JarMojo.java:72)
      \_ for 1st parameter
  while locating JarMojo

Learn more:
  https://github.com/google/guice/wiki/ERROR_IN_CUSTOM_PROVIDER

1 error

======================
Full classname legend:
======================
JarMojo:                  "org.apache.maven.plugins.jar.JarMojo"
MavenProject:             "org.apache.maven.project.MavenProject"
MojoExecutionScopeModule: "org.apache.maven.execution.scope.internal.MojoExecutionScopeModule"
OutOfScopeException:      "com.google.inject.OutOfScopeException"
WireModule:               "org.eclipse.sisu.wire.WireModule"
========================
End of classname legend:
========================

	at com.google.inject.internal.InternalProvisionException.toProvisionException(InternalProvisionException.java:251)
	at com.google.inject.internal.InjectorImpl$1.get(InjectorImpl.java:1104)
	at com.google.inject.internal.InjectorImpl.getInstance(InjectorImpl.java:1139)
	at org.eclipse.sisu.space.AbstractDeferredClass.get(AbstractDeferredClass.java:50)
	at com.google.inject.internal.ProviderInternalFactory.provision(ProviderInternalFactory.java:86)
	at com.google.inject.internal.InternalFactoryToInitializableAdapter.provision(InternalFactoryToInitializableAdapter.java:57)
	at com.google.inject.internal.ProviderInternalFactory$1.call(ProviderInternalFactory.java:67)
	at com.google.inject.internal.ProvisionListenerStackCallback$Provision.provision(ProvisionListenerStackCallback.java:109)
	at com.google.inject.internal.ProvisionListenerStackCallback$Provision.provision(ProvisionListenerStackCallback.java:124)
	at com.google.inject.internal.ProvisionListenerStackCallback.provision(ProvisionListenerStackCallback.java:66)
	at com.google.inject.internal.ProviderInternalFactory.circularGet(ProviderInternalFactory.java:62)
	at com.google.inject.internal.InternalFactoryToInitializableAdapter.get(InternalFactoryToInitializableAdapter.java:47)
	at com.google.inject.internal.InjectorImpl$1.get(InjectorImpl.java:1101)
	at org.eclipse.sisu.inject.Guice4$2.get(Guice4.java:235)
	at org.eclipse.sisu.inject.LazyBeanEntry.getValue(LazyBeanEntry.java:83)
	at org.eclipse.sisu.plexus.LazyPlexusBean.getValue(LazyPlexusBean.java:53)
	at org.codehaus.plexus.DefaultPlexusContainer.lookup(DefaultPlexusContainer.java:265)
	at org.codehaus.plexus.DefaultPlexusContainer.lookup(DefaultPlexusContainer.java:257)
	at org.apache.maven.plugin.internal.DefaultMavenPluginManager.getConfiguredMojo(DefaultMavenPluginManager.java:491)
	at org.eclipse.m2e.core.internal.embedder.MavenImpl.getConfiguredMojo(MavenImpl.java:206)
	at org.eclipse.m2e.mavenarchiver.internal.AbstractMavenArchiverConfigurator.reflectManifestGeneration(AbstractMavenArchiverConfigurator.java:439)
	at org.eclipse.m2e.mavenarchiver.internal.AbstractMavenArchiverConfigurator.lambda$3(AbstractMavenArchiverConfigurator.java:398)
	at org.eclipse.m2e.core.internal.embedder.MavenExecutionContext.executeBare(MavenExecutionContext.java:458)
	at org.eclipse.m2e.core.internal.embedder.MavenExecutionContext.execute(MavenExecutionContext.java:339)
	at org.eclipse.m2e.core.internal.embedder.MavenExecutionContext.execute(MavenExecutionContext.java:278)
	at org.eclipse.m2e.mavenarchiver.internal.AbstractMavenArchiverConfigurator.generateManifest(AbstractMavenArchiverConfigurator.java:371)
	at org.eclipse.m2e.mavenarchiver.internal.AbstractMavenArchiverConfigurator.mavenProjectChanged(AbstractMavenArchiverConfigurator.java:228)
	at org.eclipse.m2e.mavenarchiver.internal.AbstractMavenArchiverConfigurator$1.build(AbstractMavenArchiverConfigurator.java:178)
	at org.eclipse.m2e.core.internal.builder.MavenBuilderImpl.lambda$2(MavenBuilderImpl.java:159)
	at java.base/java.util.LinkedHashMap.forEach(LinkedHashMap.java:986)
	at org.eclipse.m2e.core.internal.builder.MavenBuilderImpl.build(MavenBuilderImpl.java:139)
	at org.eclipse.m2e.core.internal.builder.MavenBuilder$1.method(MavenBuilder.java:164)
	at org.eclipse.m2e.core.internal.builder.MavenBuilder$1.method(MavenBuilder.java:1)
	at org.eclipse.m2e.core.internal.builder.MavenBuilder$BuildMethod.lambda$1(MavenBuilder.java:109)
	at org.eclipse.m2e.core.internal.embedder.MavenExecutionContext.executeBare(MavenExecutionContext.java:458)
	at org.eclipse.m2e.core.internal.embedder.MavenExecutionContext.execute(MavenExecutionContext.java:292)
	at org.eclipse.m2e.core.internal.builder.MavenBuilder$BuildMethod.lambda$0(MavenBuilder.java:100)
	at org.eclipse.m2e.core.internal.embedder.MavenExecutionContext.executeBare(MavenExecutionContext.java:458)
	at org.eclipse.m2e.core.internal.embedder.MavenExecutionContext.execute(MavenExecutionContext.java:339)
	at org.eclipse.m2e.core.internal.embedder.MavenExecutionContext.execute(MavenExecutionContext.java:278)
	at org.eclipse.m2e.core.internal.builder.MavenBuilder$BuildMethod.execute(MavenBuilder.java:83)
	at org.eclipse.m2e.core.internal.builder.MavenBuilder.build(MavenBuilder.java:192)
	at org.eclipse.core.internal.events.BuildManager$2.run(BuildManager.java:1077)
	at org.eclipse.core.runtime.SafeRunner.run(SafeRunner.java:47)
	at org.eclipse.core.internal.events.BuildManager.basicBuild(BuildManager.java:296)
	at org.eclipse.core.internal.events.BuildManager.basicBuild(BuildManager.java:352)
	at org.eclipse.core.internal.events.BuildManager$1.run(BuildManager.java:441)
	at org.eclipse.core.runtime.SafeRunner.run(SafeRunner.java:47)
	at org.eclipse.core.internal.events.BuildManager.basicBuild(BuildManager.java:444)
	at org.eclipse.core.internal.events.BuildManager.basicBuildLoop(BuildManager.java:555)
	at org.eclipse.core.internal.events.BuildManager.basicBuildLoop(BuildManager.java:503)
	at org.eclipse.core.internal.events.BuildManager.build(BuildManager.java:585)
	at org.eclipse.core.internal.events.AutoBuildJob.doBuild(AutoBuildJob.java:207)
	at org.eclipse.core.internal.events.AutoBuildJob.run(AutoBuildJob.java:300)
	at org.eclipse.core.internal.jobs.Worker.run(Worker.java:63)
Caused by: com.google.inject.OutOfScopeException: Cannot access Key[type=org.apache.maven.project.MavenProject, annotation=[none]] outside of a scoping block
	at org.apache.maven.execution.scope.internal.MojoExecutionScope$2.get(MojoExecutionScope.java:99)
	at com.google.inject.internal.InternalFactoryToProviderAdapter.get(InternalFactoryToProviderAdapter.java:45)
	at com.google.inject.internal.SingleParameterInjector.inject(SingleParameterInjector.java:40)
	at com.google.inject.internal.SingleParameterInjector.getAll(SingleParameterInjector.java:60)
	at com.google.inject.internal.ConstructorInjector.provision(ConstructorInjector.java:113)
	at com.google.inject.internal.ConstructorInjector.access$000(ConstructorInjector.java:33)
	at com.google.inject.internal.ConstructorInjector$1.call(ConstructorInjector.java:98)
	at com.google.inject.internal.ProvisionListenerStackCallback$Provision.provision(ProvisionListenerStackCallback.java:109)
	at com.google.inject.internal.ProvisionListenerStackCallback$Provision.provision(ProvisionListenerStackCallback.java:124)
	at com.google.inject.internal.ProvisionListenerStackCallback.provision(ProvisionListenerStackCallback.java:66)
	at com.google.inject.internal.ConstructorInjector.construct(ConstructorInjector.java:93)
	at com.google.inject.internal.ConstructorBindingImpl$Factory.get(ConstructorBindingImpl.java:300)
	at com.google.inject.internal.InjectorImpl$1.get(InjectorImpl.java:1101)
	... 53 common frames omitted
2026-09-04 20:33:00,236 [Worker-29: Building] INFO  o.a.m.s.f.DefaultMavenResourcesFiltering - Copying 1 resource from src\main\resources to target\classes
2026-09-04 20:33:00,245 [Worker-29: Building] INFO  o.a.m.s.f.DefaultMavenResourcesFiltering - Copying 0 resource from src\main\resources to target\classes
2026-09-04 20:33:00,262 [Worker-29: Building] INFO  o.a.m.s.f.DefaultMavenResourcesFiltering - skip non existing resourceDirectory C:\Users\Abdul Rahman\OneDrive\Desktop\roshan\Payment Gateway Integration\User-Service\user-service\src\test\resources
2026-09-04 20:33:00,283 [Worker-29: Building] WARN  Sisu - Error injecting: org.apache.maven.plugins.jar.JarMojo
com.google.inject.ProvisionException: Unable to provision, see the following errors:

1) [Guice/ErrorInCustomProvider]: OutOfScopeException: Cannot access Key[type=MavenProject, annotation=[none]] outside of a scoping block
  at MojoExecutionScopeModule.configure(MojoExecutionScopeModule.java:47)
      \_ installed by: WireModule -> MojoExecutionScopeModule
  at JarMojo.<init>(JarMojo.java:72)
      \_ for 1st parameter
  while locating JarMojo

Learn more:
  https://github.com/google/guice/wiki/ERROR_IN_CUSTOM_PROVIDER

1 error

======================
Full classname legend:
======================
JarMojo:                  "org.apache.maven.plugins.jar.JarMojo"
MavenProject:             "org.apache.maven.project.MavenProject"
MojoExecutionScopeModule: "org.apache.maven.execution.scope.internal.MojoExecutionScopeModule"
OutOfScopeException:      "com.google.inject.OutOfScopeException"
WireModule:               "org.eclipse.sisu.wire.WireModule"
========================
End of classname legend:
========================

	at com.google.inject.internal.InternalProvisionException.toProvisionException(InternalProvisionException.java:251)
	at com.google.inject.internal.InjectorImpl$1.get(InjectorImpl.java:1104)
	at com.google.inject.internal.InjectorImpl.getInstance(InjectorImpl.java:1139)
	at org.eclipse.sisu.space.AbstractDeferredClass.get(AbstractDeferredClass.java:50)
	at com.google.inject.internal.ProviderInternalFactory.provision(ProviderInternalFactory.java:86)
	at com.google.inject.internal.InternalFactoryToInitializableAdapter.provision(InternalFactoryToInitializableAdapter.java:57)
	at com.google.inject.internal.ProviderInternalFactory$1.call(ProviderInternalFactory.java:67)
	at com.google.inject.internal.ProvisionListenerStackCallback$Provision.provision(ProvisionListenerStackCallback.java:109)
	at com.google.inject.internal.ProvisionListenerStackCallback$Provision.provision(ProvisionListenerStackCallback.java:124)
	at com.google.inject.internal.ProvisionListenerStackCallback.provision(ProvisionListenerStackCallback.java:66)
	at com.google.inject.internal.ProviderInternalFactory.circularGet(ProviderInternalFactory.java:62)
	at com.google.inject.internal.InternalFactoryToInitializableAdapter.get(InternalFactoryToInitializableAdapter.java:47)
	at com.google.inject.internal.InjectorImpl$1.get(InjectorImpl.java:1101)
	at org.eclipse.sisu.inject.Guice4$2.get(Guice4.java:235)
	at org.eclipse.sisu.inject.LazyBeanEntry.getValue(LazyBeanEntry.java:83)
	at org.eclipse.sisu.plexus.LazyPlexusBean.getValue(LazyPlexusBean.java:53)
	at org.codehaus.plexus.DefaultPlexusContainer.lookup(DefaultPlexusContainer.java:265)
	at org.codehaus.plexus.DefaultPlexusContainer.lookup(DefaultPlexusContainer.java:257)
	at org.apache.maven.plugin.internal.DefaultMavenPluginManager.getConfiguredMojo(DefaultMavenPluginManager.java:491)
	at org.eclipse.m2e.core.internal.embedder.MavenImpl.getConfiguredMojo(MavenImpl.java:206)
	at org.eclipse.m2e.mavenarchiver.internal.AbstractMavenArchiverConfigurator.reflectManifestGeneration(AbstractMavenArchiverConfigurator.java:439)
	at org.eclipse.m2e.mavenarchiver.internal.AbstractMavenArchiverConfigurator.lambda$3(AbstractMavenArchiverConfigurator.java:398)
	at org.eclipse.m2e.core.internal.embedder.MavenExecutionContext.executeBare(MavenExecutionContext.java:458)
	at org.eclipse.m2e.core.internal.embedder.MavenExecutionContext.execute(MavenExecutionContext.java:339)
	at org.eclipse.m2e.core.internal.embedder.MavenExecutionContext.execute(MavenExecutionContext.java:278)
	at org.eclipse.m2e.mavenarchiver.internal.AbstractMavenArchiverConfigurator.generateManifest(AbstractMavenArchiverConfigurator.java:371)
	at org.eclipse.m2e.mavenarchiver.internal.AbstractMavenArchiverConfigurator.mavenProjectChanged(AbstractMavenArchiverConfigurator.java:228)
	at org.eclipse.m2e.mavenarchiver.internal.AbstractMavenArchiverConfigurator$1.build(AbstractMavenArchiverConfigurator.java:178)
	at org.eclipse.m2e.core.internal.builder.MavenBuilderImpl.lambda$2(MavenBuilderImpl.java:159)
	at java.base/java.util.LinkedHashMap.forEach(LinkedHashMap.java:986)
	at org.eclipse.m2e.core.internal.builder.MavenBuilderImpl.build(MavenBuilderImpl.java:139)
	at org.eclipse.m2e.core.internal.builder.MavenBuilder$1.method(MavenBuilder.java:164)
	at org.eclipse.m2e.core.internal.builder.MavenBuilder$1.method(MavenBuilder.java:1)
	at org.eclipse.m2e.core.internal.builder.MavenBuilder$BuildMethod.lambda$1(MavenBuilder.java:109)
	at org.eclipse.m2e.core.internal.embedder.MavenExecutionContext.executeBare(MavenExecutionContext.java:458)
	at org.eclipse.m2e.core.internal.embedder.MavenExecutionContext.execute(MavenExecutionContext.java:292)
	at org.eclipse.m2e.core.internal.builder.MavenBuilder$BuildMethod.lambda$0(MavenBuilder.java:100)
	at org.eclipse.m2e.core.internal.embedder.MavenExecutionContext.executeBare(MavenExecutionContext.java:458)
	at org.eclipse.m2e.core.internal.embedder.MavenExecutionContext.execute(MavenExecutionContext.java:339)
	at org.eclipse.m2e.core.internal.embedder.MavenExecutionContext.execute(MavenExecutionContext.java:278)
	at org.eclipse.m2e.core.internal.builder.MavenBuilder$BuildMethod.execute(MavenBuilder.java:83)
	at org.eclipse.m2e.core.internal.builder.MavenBuilder.build(MavenBuilder.java:192)
	at org.eclipse.core.internal.events.BuildManager$2.run(BuildManager.java:1077)
	at org.eclipse.core.runtime.SafeRunner.run(SafeRunner.java:47)
	at org.eclipse.core.internal.events.BuildManager.basicBuild(BuildManager.java:296)
	at org.eclipse.core.internal.events.BuildManager.basicBuild(BuildManager.java:352)
	at org.eclipse.core.internal.events.BuildManager$1.run(BuildManager.java:441)
	at org.eclipse.core.runtime.SafeRunner.run(SafeRunner.java:47)
	at org.eclipse.core.internal.events.BuildManager.basicBuild(BuildManager.java:444)
	at org.eclipse.core.internal.events.BuildManager.basicBuildLoop(BuildManager.java:555)
	at org.eclipse.core.internal.events.BuildManager.basicBuildLoop(BuildManager.java:503)
	at org.eclipse.core.internal.events.BuildManager.build(BuildManager.java:585)
	at org.eclipse.core.internal.events.AutoBuildJob.doBuild(AutoBuildJob.java:207)
	at org.eclipse.core.internal.events.AutoBuildJob.run(AutoBuildJob.java:300)
	at org.eclipse.core.internal.jobs.Worker.run(Worker.java:63)
Caused by: com.google.inject.OutOfScopeException: Cannot access Key[type=org.apache.maven.project.MavenProject, annotation=[none]] outside of a scoping block
	at org.apache.maven.execution.scope.internal.MojoExecutionScope$2.get(MojoExecutionScope.java:99)
	at com.google.inject.internal.InternalFactoryToProviderAdapter.get(InternalFactoryToProviderAdapter.java:45)
	at com.google.inject.internal.SingleParameterInjector.inject(SingleParameterInjector.java:40)
	at com.google.inject.internal.SingleParameterInjector.getAll(SingleParameterInjector.java:60)
	at com.google.inject.internal.ConstructorInjector.provision(ConstructorInjector.java:113)
	at com.google.inject.internal.ConstructorInjector.access$000(ConstructorInjector.java:33)
	at com.google.inject.internal.ConstructorInjector$1.call(ConstructorInjector.java:98)
	at com.google.inject.internal.ProvisionListenerStackCallback$Provision.provision(ProvisionListenerStackCallback.java:109)
	at com.google.inject.internal.ProvisionListenerStackCallback$Provision.provision(ProvisionListenerStackCallback.java:124)
	at com.google.inject.internal.ProvisionListenerStackCallback.provision(ProvisionListenerStackCallback.java:66)
	at com.google.inject.internal.ConstructorInjector.construct(ConstructorInjector.java:93)
	at com.google.inject.internal.ConstructorBindingImpl$Factory.get(ConstructorBindingImpl.java:300)
	at com.google.inject.internal.InjectorImpl$1.get(InjectorImpl.java:1101)
	... 53 common frames omitted
2026-09-04 20:34:59,314 [Worker-35: Building] INFO  o.a.m.s.f.DefaultMavenResourcesFiltering - Copying 0 resource from src\main\resources to target\classes
2026-09-04 20:34:59,318 [Worker-35: Building] INFO  o.a.m.s.f.DefaultMavenResourcesFiltering - Copying 0 resource from src\main\resources to target\classes
2026-09-04 20:34:59,331 [Worker-35: Building] INFO  o.a.m.s.f.DefaultMavenResourcesFiltering - skip non existing resourceDirectory C:\Users\Abdul Rahman\OneDrive\Desktop\roshan\Payment Gateway Integration\User-Service\user-service\src\test\resources
2026-09-04 20:34:59,366 [Worker-35: Building] WARN  Sisu - Error injecting: org.apache.maven.plugins.jar.JarMojo
com.google.inject.ProvisionException: Unable to provision, see the following errors:

1) [Guice/ErrorInCustomProvider]: OutOfScopeException: Cannot access Key[type=MavenProject, annotation=[none]] outside of a scoping block
  at MojoExecutionScopeModule.configure(MojoExecutionScopeModule.java:47)
      \_ installed by: WireModule -> MojoExecutionScopeModule
  at JarMojo.<init>(JarMojo.java:72)
      \_ for 1st parameter
  while locating JarMojo

Learn more:
  https://github.com/google/guice/wiki/ERROR_IN_CUSTOM_PROVIDER

1 error

======================
Full classname legend:
======================
JarMojo:                  "org.apache.maven.plugins.jar.JarMojo"
MavenProject:             "org.apache.maven.project.MavenProject"
MojoExecutionScopeModule: "org.apache.maven.execution.scope.internal.MojoExecutionScopeModule"
OutOfScopeException:      "com.google.inject.OutOfScopeException"
WireModule:               "org.eclipse.sisu.wire.WireModule"
========================
End of classname legend:
========================

	at com.google.inject.internal.InternalProvisionException.toProvisionException(InternalProvisionException.java:251)
	at com.google.inject.internal.InjectorImpl$1.get(InjectorImpl.java:1104)
	at com.google.inject.internal.InjectorImpl.getInstance(InjectorImpl.java:1139)
	at org.eclipse.sisu.space.AbstractDeferredClass.get(AbstractDeferredClass.java:50)
	at com.google.inject.internal.ProviderInternalFactory.provision(ProviderInternalFactory.java:86)
	at com.google.inject.internal.InternalFactoryToInitializableAdapter.provision(InternalFactoryToInitializableAdapter.java:57)
	at com.google.inject.internal.ProviderInternalFactory$1.call(ProviderInternalFactory.java:67)
	at com.google.inject.internal.ProvisionListenerStackCallback$Provision.provision(ProvisionListenerStackCallback.java:109)
	at com.google.inject.internal.ProvisionListenerStackCallback$Provision.provision(ProvisionListenerStackCallback.java:124)
	at com.google.inject.internal.ProvisionListenerStackCallback.provision(ProvisionListenerStackCallback.java:66)
	at com.google.inject.internal.ProviderInternalFactory.circularGet(ProviderInternalFactory.java:62)
	at com.google.inject.internal.InternalFactoryToInitializableAdapter.get(InternalFactoryToInitializableAdapter.java:47)
	at com.google.inject.internal.InjectorImpl$1.get(InjectorImpl.java:1101)
	at org.eclipse.sisu.inject.Guice4$2.get(Guice4.java:235)
	at org.eclipse.sisu.inject.LazyBeanEntry.getValue(LazyBeanEntry.java:83)
	at org.eclipse.sisu.plexus.LazyPlexusBean.getValue(LazyPlexusBean.java:53)
	at org.codehaus.plexus.DefaultPlexusContainer.lookup(DefaultPlexusContainer.java:265)
	at org.codehaus.plexus.DefaultPlexusContainer.lookup(DefaultPlexusContainer.java:257)
	at org.apache.maven.plugin.internal.DefaultMavenPluginManager.getConfiguredMojo(DefaultMavenPluginManager.java:491)
	at org.eclipse.m2e.core.internal.embedder.MavenImpl.getConfiguredMojo(MavenImpl.java:206)
	at org.eclipse.m2e.mavenarchiver.internal.AbstractMavenArchiverConfigurator.reflectManifestGeneration(AbstractMavenArchiverConfigurator.java:439)
	at org.eclipse.m2e.mavenarchiver.internal.AbstractMavenArchiverConfigurator.lambda$3(AbstractMavenArchiverConfigurator.java:398)
	at org.eclipse.m2e.core.internal.embedder.MavenExecutionContext.executeBare(MavenExecutionContext.java:458)
	at org.eclipse.m2e.core.internal.embedder.MavenExecutionContext.execute(MavenExecutionContext.java:339)
	at org.eclipse.m2e.core.internal.embedder.MavenExecutionContext.execute(MavenExecutionContext.java:278)
	at org.eclipse.m2e.mavenarchiver.internal.AbstractMavenArchiverConfigurator.generateManifest(AbstractMavenArchiverConfigurator.java:371)
	at org.eclipse.m2e.mavenarchiver.internal.AbstractMavenArchiverConfigurator.mavenProjectChanged(AbstractMavenArchiverConfigurator.java:228)
	at org.eclipse.m2e.mavenarchiver.internal.AbstractMavenArchiverConfigurator$1.build(AbstractMavenArchiverConfigurator.java:178)
	at org.eclipse.m2e.core.internal.builder.MavenBuilderImpl.lambda$2(MavenBuilderImpl.java:159)
	at java.base/java.util.LinkedHashMap.forEach(LinkedHashMap.java:986)
	at org.eclipse.m2e.core.internal.builder.MavenBuilderImpl.build(MavenBuilderImpl.java:139)
	at org.eclipse.m2e.core.internal.builder.MavenBuilder$1.method(MavenBuilder.java:164)
	at org.eclipse.m2e.core.internal.builder.MavenBuilder$1.method(MavenBuilder.java:1)
	at org.eclipse.m2e.core.internal.builder.MavenBuilder$BuildMethod.lambda$1(MavenBuilder.java:109)
	at org.eclipse.m2e.core.internal.embedder.MavenExecutionContext.executeBare(MavenExecutionContext.java:458)
	at org.eclipse.m2e.core.internal.embedder.MavenExecutionContext.execute(MavenExecutionContext.java:292)
	at org.eclipse.m2e.core.internal.builder.MavenBuilder$BuildMethod.lambda$0(MavenBuilder.java:100)
	at org.eclipse.m2e.core.internal.embedder.MavenExecutionContext.executeBare(MavenExecutionContext.java:458)
	at org.eclipse.m2e.core.internal.embedder.MavenExecutionContext.execute(MavenExecutionContext.java:339)
	at org.eclipse.m2e.core.internal.embedder.MavenExecutionContext.execute(MavenExecutionContext.java:278)
	at org.eclipse.m2e.core.internal.builder.MavenBuilder$BuildMethod.execute(MavenBuilder.java:83)
	at org.eclipse.m2e.core.internal.builder.MavenBuilder.build(MavenBuilder.java:192)
	at org.eclipse.core.internal.events.BuildManager$2.run(BuildManager.java:1077)
	at org.eclipse.core.runtime.SafeRunner.run(SafeRunner.java:47)
	at org.eclipse.core.internal.events.BuildManager.basicBuild(BuildManager.java:296)
	at org.eclipse.core.internal.events.BuildManager.basicBuild(BuildManager.java:352)
	at org.eclipse.core.internal.events.BuildManager$1.run(BuildManager.java:441)
	at org.eclipse.core.runtime.SafeRunner.run(SafeRunner.java:47)
	at org.eclipse.core.internal.events.BuildManager.basicBuild(BuildManager.java:444)
	at org.eclipse.core.internal.events.BuildManager.basicBuildLoop(BuildManager.java:555)
	at org.eclipse.core.internal.events.BuildManager.basicBuildLoop(BuildManager.java:503)
	at org.eclipse.core.internal.events.BuildManager.build(BuildManager.java:585)
	at org.eclipse.core.internal.events.AutoBuildJob.doBuild(AutoBuildJob.java:207)
	at org.eclipse.core.internal.events.AutoBuildJob.run(AutoBuildJob.java:300)
	at org.eclipse.core.internal.jobs.Worker.run(Worker.java:63)
Caused by: com.google.inject.OutOfScopeException: Cannot access Key[type=org.apache.maven.project.MavenProject, annotation=[none]] outside of a scoping block
	at org.apache.maven.execution.scope.internal.MojoExecutionScope$2.get(MojoExecutionScope.java:99)
	at com.google.inject.internal.InternalFactoryToProviderAdapter.get(InternalFactoryToProviderAdapter.java:45)
	at com.google.inject.internal.SingleParameterInjector.inject(SingleParameterInjector.java:40)
	at com.google.inject.internal.SingleParameterInjector.getAll(SingleParameterInjector.java:60)
	at com.google.inject.internal.ConstructorInjector.provision(ConstructorInjector.java:113)
	at com.google.inject.internal.ConstructorInjector.access$000(ConstructorInjector.java:33)
	at com.google.inject.internal.ConstructorInjector$1.call(ConstructorInjector.java:98)
	at com.google.inject.internal.ProvisionListenerStackCallback$Provision.provision(ProvisionListenerStackCallback.java:109)
	at com.google.inject.internal.ProvisionListenerStackCallback$Provision.provision(ProvisionListenerStackCallback.java:124)
	at com.google.inject.internal.ProvisionListenerStackCallback.provision(ProvisionListenerStackCallback.java:66)
	at com.google.inject.internal.ConstructorInjector.construct(ConstructorInjector.java:93)
	at com.google.inject.internal.ConstructorBindingImpl$Factory.get(ConstructorBindingImpl.java:300)
	at com.google.inject.internal.InjectorImpl$1.get(InjectorImpl.java:1101)
	... 53 common frames omitted
2026-09-04 20:41:06,713 [Worker-34: Building] INFO  o.a.m.s.f.DefaultMavenResourcesFiltering - Copying 1 resource from src\main\resources to target\classes
2026-09-04 20:41:06,725 [Worker-34: Building] INFO  o.a.m.s.f.DefaultMavenResourcesFiltering - Copying 0 resource from src\main\resources to target\classes
2026-09-04 20:41:06,736 [Worker-34: Building] INFO  o.a.m.s.f.DefaultMavenResourcesFiltering - skip non existing resourceDirectory C:\Users\Abdul Rahman\OneDrive\Desktop\roshan\Payment Gateway Integration\User-Service\user-service\src\test\resources
2026-09-04 20:41:06,768 [Worker-34: Building] WARN  Sisu - Error injecting: org.apache.maven.plugins.jar.JarMojo
com.google.inject.ProvisionException: Unable to provision, see the following errors:

1) [Guice/ErrorInCustomProvider]: OutOfScopeException: Cannot access Key[type=MavenProject, annotation=[none]] outside of a scoping block
  at MojoExecutionScopeModule.configure(MojoExecutionScopeModule.java:47)
      \_ installed by: WireModule -> MojoExecutionScopeModule
  at JarMojo.<init>(JarMojo.java:72)
      \_ for 1st parameter
  while locating JarMojo

Learn more:
  https://github.com/google/guice/wiki/ERROR_IN_CUSTOM_PROVIDER

1 error

======================
Full classname legend:
======================
JarMojo:                  "org.apache.maven.plugins.jar.JarMojo"
MavenProject:             "org.apache.maven.project.MavenProject"
MojoExecutionScopeModule: "org.apache.maven.execution.scope.internal.MojoExecutionScopeModule"
OutOfScopeException:      "com.google.inject.OutOfScopeException"
WireModule:               "org.eclipse.sisu.wire.WireModule"
========================
End of classname legend:
========================

	at com.google.inject.internal.InternalProvisionException.toProvisionException(InternalProvisionException.java:251)
	at com.google.inject.internal.InjectorImpl$1.get(InjectorImpl.java:1104)
	at com.google.inject.internal.InjectorImpl.getInstance(InjectorImpl.java:1139)
	at org.eclipse.sisu.space.AbstractDeferredClass.get(AbstractDeferredClass.java:50)
	at com.google.inject.internal.ProviderInternalFactory.provision(ProviderInternalFactory.java:86)
	at com.google.inject.internal.InternalFactoryToInitializableAdapter.provision(InternalFactoryToInitializableAdapter.java:57)
	at com.google.inject.internal.ProviderInternalFactory$1.call(ProviderInternalFactory.java:67)
	at com.google.inject.internal.ProvisionListenerStackCallback$Provision.provision(ProvisionListenerStackCallback.java:109)
	at com.google.inject.internal.ProvisionListenerStackCallback$Provision.provision(ProvisionListenerStackCallback.java:124)
	at com.google.inject.internal.ProvisionListenerStackCallback.provision(ProvisionListenerStackCallback.java:66)
	at com.google.inject.internal.ProviderInternalFactory.circularGet(ProviderInternalFactory.java:62)
	at com.google.inject.internal.InternalFactoryToInitializableAdapter.get(InternalFactoryToInitializableAdapter.java:47)
	at com.google.inject.internal.InjectorImpl$1.get(InjectorImpl.java:1101)
	at org.eclipse.sisu.inject.Guice4$2.get(Guice4.java:235)
	at org.eclipse.sisu.inject.LazyBeanEntry.getValue(LazyBeanEntry.java:83)
	at org.eclipse.sisu.plexus.LazyPlexusBean.getValue(LazyPlexusBean.java:53)
	at org.codehaus.plexus.DefaultPlexusContainer.lookup(DefaultPlexusContainer.java:265)
	at org.codehaus.plexus.DefaultPlexusContainer.lookup(DefaultPlexusContainer.java:257)
	at org.apache.maven.plugin.internal.DefaultMavenPluginManager.getConfiguredMojo(DefaultMavenPluginManager.java:491)
	at org.eclipse.m2e.core.internal.embedder.MavenImpl.getConfiguredMojo(MavenImpl.java:206)
	at org.eclipse.m2e.mavenarchiver.internal.AbstractMavenArchiverConfigurator.reflectManifestGeneration(AbstractMavenArchiverConfigurator.java:439)
	at org.eclipse.m2e.mavenarchiver.internal.AbstractMavenArchiverConfigurator.lambda$3(AbstractMavenArchiverConfigurator.java:398)
	at org.eclipse.m2e.core.internal.embedder.MavenExecutionContext.executeBare(MavenExecutionContext.java:458)
	at org.eclipse.m2e.core.internal.embedder.MavenExecutionContext.execute(MavenExecutionContext.java:339)
	at org.eclipse.m2e.core.internal.embedder.MavenExecutionContext.execute(MavenExecutionContext.java:278)
	at org.eclipse.m2e.mavenarchiver.internal.AbstractMavenArchiverConfigurator.generateManifest(AbstractMavenArchiverConfigurator.java:371)
	at org.eclipse.m2e.mavenarchiver.internal.AbstractMavenArchiverConfigurator.mavenProjectChanged(AbstractMavenArchiverConfigurator.java:228)
	at org.eclipse.m2e.mavenarchiver.internal.AbstractMavenArchiverConfigurator$1.build(AbstractMavenArchiverConfigurator.java:178)
	at org.eclipse.m2e.core.internal.builder.MavenBuilderImpl.lambda$2(MavenBuilderImpl.java:159)
	at java.base/java.util.LinkedHashMap.forEach(LinkedHashMap.java:986)
	at org.eclipse.m2e.core.internal.builder.MavenBuilderImpl.build(MavenBuilderImpl.java:139)
	at org.eclipse.m2e.core.internal.builder.MavenBuilder$1.method(MavenBuilder.java:164)
	at org.eclipse.m2e.core.internal.builder.MavenBuilder$1.method(MavenBuilder.java:1)
	at org.eclipse.m2e.core.internal.builder.MavenBuilder$BuildMethod.lambda$1(MavenBuilder.java:109)
	at org.eclipse.m2e.core.internal.embedder.MavenExecutionContext.executeBare(MavenExecutionContext.java:458)
	at org.eclipse.m2e.core.internal.embedder.MavenExecutionContext.execute(MavenExecutionContext.java:292)
	at org.eclipse.m2e.core.internal.builder.MavenBuilder$BuildMethod.lambda$0(MavenBuilder.java:100)
	at org.eclipse.m2e.core.internal.embedder.MavenExecutionContext.executeBare(MavenExecutionContext.java:458)
	at org.eclipse.m2e.core.internal.embedder.MavenExecutionContext.execute(MavenExecutionContext.java:339)
	at org.eclipse.m2e.core.internal.embedder.MavenExecutionContext.execute(MavenExecutionContext.java:278)
	at org.eclipse.m2e.core.internal.builder.MavenBuilder$BuildMethod.execute(MavenBuilder.java:83)
	at org.eclipse.m2e.core.internal.builder.MavenBuilder.build(MavenBuilder.java:192)
	at org.eclipse.core.internal.events.BuildManager$2.run(BuildManager.java:1077)
	at org.eclipse.core.runtime.SafeRunner.run(SafeRunner.java:47)
	at org.eclipse.core.internal.events.BuildManager.basicBuild(BuildManager.java:296)
	at org.eclipse.core.internal.events.BuildManager.basicBuild(BuildManager.java:352)
	at org.eclipse.core.internal.events.BuildManager$1.run(BuildManager.java:441)
	at org.eclipse.core.runtime.SafeRunner.run(SafeRunner.java:47)
	at org.eclipse.core.internal.events.BuildManager.basicBuild(BuildManager.java:444)
	at org.eclipse.core.internal.events.BuildManager.basicBuildLoop(BuildManager.java:555)
	at org.eclipse.core.internal.events.BuildManager.basicBuildLoop(BuildManager.java:503)
	at org.eclipse.core.internal.events.BuildManager.build(BuildManager.java:585)
	at org.eclipse.core.internal.events.AutoBuildJob.doBuild(AutoBuildJob.java:207)
	at org.eclipse.core.internal.events.AutoBuildJob.run(AutoBuildJob.java:300)
	at org.eclipse.core.internal.jobs.Worker.run(Worker.java:63)
Caused by: com.google.inject.OutOfScopeException: Cannot access Key[type=org.apache.maven.project.MavenProject, annotation=[none]] outside of a scoping block
	at org.apache.maven.execution.scope.internal.MojoExecutionScope$2.get(MojoExecutionScope.java:99)
	at com.google.inject.internal.InternalFactoryToProviderAdapter.get(InternalFactoryToProviderAdapter.java:45)
	at com.google.inject.internal.SingleParameterInjector.inject(SingleParameterInjector.java:40)
	at com.google.inject.internal.SingleParameterInjector.getAll(SingleParameterInjector.java:60)
	at com.google.inject.internal.ConstructorInjector.provision(ConstructorInjector.java:113)
	at com.google.inject.internal.ConstructorInjector.access$000(ConstructorInjector.java:33)
	at com.google.inject.internal.ConstructorInjector$1.call(ConstructorInjector.java:98)
	at com.google.inject.internal.ProvisionListenerStackCallback$Provision.provision(ProvisionListenerStackCallback.java:109)
	at com.google.inject.internal.ProvisionListenerStackCallback$Provision.provision(ProvisionListenerStackCallback.java:124)
	at com.google.inject.internal.ProvisionListenerStackCallback.provision(ProvisionListenerStackCallback.java:66)
	at com.google.inject.internal.ConstructorInjector.construct(ConstructorInjector.java:93)
	at com.google.inject.internal.ConstructorBindingImpl$Factory.get(ConstructorBindingImpl.java:300)
	at com.google.inject.internal.InjectorImpl$1.get(InjectorImpl.java:1101)
	... 53 common frames omitted
2026-09-04 20:41:43,698 [Worker-33: Building] INFO  o.a.m.s.f.DefaultMavenResourcesFiltering - Copying 1 resource from src\main\resources to target\classes
2026-09-04 20:41:43,704 [Worker-33: Building] INFO  o.a.m.s.f.DefaultMavenResourcesFiltering - Copying 0 resource from src\main\resources to target\classes
2026-09-04 20:41:43,713 [Worker-33: Building] INFO  o.a.m.s.f.DefaultMavenResourcesFiltering - skip non existing resourceDirectory C:\Users\Abdul Rahman\OneDrive\Desktop\roshan\Payment Gateway Integration\User-Service\user-service\src\test\resources
2026-09-04 20:41:43,744 [Worker-33: Building] WARN  Sisu - Error injecting: org.apache.maven.plugins.jar.JarMojo
com.google.inject.ProvisionException: Unable to provision, see the following errors:

1) [Guice/ErrorInCustomProvider]: OutOfScopeException: Cannot access Key[type=MavenProject, annotation=[none]] outside of a scoping block
  at MojoExecutionScopeModule.configure(MojoExecutionScopeModule.java:47)
      \_ installed by: WireModule -> MojoExecutionScopeModule
  at JarMojo.<init>(JarMojo.java:72)
      \_ for 1st parameter
  while locating JarMojo

Learn more:
  https://github.com/google/guice/wiki/ERROR_IN_CUSTOM_PROVIDER

1 error

======================
Full classname legend:
======================
JarMojo:                  "org.apache.maven.plugins.jar.JarMojo"
MavenProject:             "org.apache.maven.project.MavenProject"
MojoExecutionScopeModule: "org.apache.maven.execution.scope.internal.MojoExecutionScopeModule"
OutOfScopeException:      "com.google.inject.OutOfScopeException"
WireModule:               "org.eclipse.sisu.wire.WireModule"
========================
End of classname legend:
========================

	at com.google.inject.internal.InternalProvisionException.toProvisionException(InternalProvisionException.java:251)
	at com.google.inject.internal.InjectorImpl$1.get(InjectorImpl.java:1104)
	at com.google.inject.internal.InjectorImpl.getInstance(InjectorImpl.java:1139)
	at org.eclipse.sisu.space.AbstractDeferredClass.get(AbstractDeferredClass.java:50)
	at com.google.inject.internal.ProviderInternalFactory.provision(ProviderInternalFactory.java:86)
	at com.google.inject.internal.InternalFactoryToInitializableAdapter.provision(InternalFactoryToInitializableAdapter.java:57)
	at com.google.inject.internal.ProviderInternalFactory$1.call(ProviderInternalFactory.java:67)
	at com.google.inject.internal.ProvisionListenerStackCallback$Provision.provision(ProvisionListenerStackCallback.java:109)
	at com.google.inject.internal.ProvisionListenerStackCallback$Provision.provision(ProvisionListenerStackCallback.java:124)
	at com.google.inject.internal.ProvisionListenerStackCallback.provision(ProvisionListenerStackCallback.java:66)
	at com.google.inject.internal.ProviderInternalFactory.circularGet(ProviderInternalFactory.java:62)
	at com.google.inject.internal.InternalFactoryToInitializableAdapter.get(InternalFactoryToInitializableAdapter.java:47)
	at com.google.inject.internal.InjectorImpl$1.get(InjectorImpl.java:1101)
	at org.eclipse.sisu.inject.Guice4$2.get(Guice4.java:235)
	at org.eclipse.sisu.inject.LazyBeanEntry.getValue(LazyBeanEntry.java:83)
	at org.eclipse.sisu.plexus.LazyPlexusBean.getValue(LazyPlexusBean.java:53)
	at org.codehaus.plexus.DefaultPlexusContainer.lookup(DefaultPlexusContainer.java:265)
	at org.codehaus.plexus.DefaultPlexusContainer.lookup(DefaultPlexusContainer.java:257)
	at org.apache.maven.plugin.internal.DefaultMavenPluginManager.getConfiguredMojo(DefaultMavenPluginManager.java:491)
	at org.eclipse.m2e.core.internal.embedder.MavenImpl.getConfiguredMojo(MavenImpl.java:206)
	at org.eclipse.m2e.mavenarchiver.internal.AbstractMavenArchiverConfigurator.reflectManifestGeneration(AbstractMavenArchiverConfigurator.java:439)
	at org.eclipse.m2e.mavenarchiver.internal.AbstractMavenArchiverConfigurator.lambda$3(AbstractMavenArchiverConfigurator.java:398)
	at org.eclipse.m2e.core.internal.embedder.MavenExecutionContext.executeBare(MavenExecutionContext.java:458)
	at org.eclipse.m2e.core.internal.embedder.MavenExecutionContext.execute(MavenExecutionContext.java:339)
	at org.eclipse.m2e.core.internal.embedder.MavenExecutionContext.execute(MavenExecutionContext.java:278)
	at org.eclipse.m2e.mavenarchiver.internal.AbstractMavenArchiverConfigurator.generateManifest(AbstractMavenArchiverConfigurator.java:371)
	at org.eclipse.m2e.mavenarchiver.internal.AbstractMavenArchiverConfigurator.mavenProjectChanged(AbstractMavenArchiverConfigurator.java:228)
	at org.eclipse.m2e.mavenarchiver.internal.AbstractMavenArchiverConfigurator$1.build(AbstractMavenArchiverConfigurator.java:178)
	at org.eclipse.m2e.core.internal.builder.MavenBuilderImpl.lambda$2(MavenBuilderImpl.java:159)
	at java.base/java.util.LinkedHashMap.forEach(LinkedHashMap.java:986)
	at org.eclipse.m2e.core.internal.builder.MavenBuilderImpl.build(MavenBuilderImpl.java:139)
	at org.eclipse.m2e.core.internal.builder.MavenBuilder$1.method(MavenBuilder.java:164)
	at org.eclipse.m2e.core.internal.builder.MavenBuilder$1.method(MavenBuilder.java:1)
	at org.eclipse.m2e.core.internal.builder.MavenBuilder$BuildMethod.lambda$1(MavenBuilder.java:109)
	at org.eclipse.m2e.core.internal.embedder.MavenExecutionContext.executeBare(MavenExecutionContext.java:458)
	at org.eclipse.m2e.core.internal.embedder.MavenExecutionContext.execute(MavenExecutionContext.java:292)
	at org.eclipse.m2e.core.internal.builder.MavenBuilder$BuildMethod.lambda$0(MavenBuilder.java:100)
	at org.eclipse.m2e.core.internal.embedder.MavenExecutionContext.executeBare(MavenExecutionContext.java:458)
	at org.eclipse.m2e.core.internal.embedder.MavenExecutionContext.execute(MavenExecutionContext.java:339)
	at org.eclipse.m2e.core.internal.embedder.MavenExecutionContext.execute(MavenExecutionContext.java:278)
	at org.eclipse.m2e.core.internal.builder.MavenBuilder$BuildMethod.execute(MavenBuilder.java:83)
	at org.eclipse.m2e.core.internal.builder.MavenBuilder.build(MavenBuilder.java:192)
	at org.eclipse.core.internal.events.BuildManager$2.run(BuildManager.java:1077)
	at org.eclipse.core.runtime.SafeRunner.run(SafeRunner.java:47)
	at org.eclipse.core.internal.events.BuildManager.basicBuild(BuildManager.java:296)
	at org.eclipse.core.internal.events.BuildManager.basicBuild(BuildManager.java:352)
	at org.eclipse.core.internal.events.BuildManager$1.run(BuildManager.java:441)
	at org.eclipse.core.runtime.SafeRunner.run(SafeRunner.java:47)
	at org.eclipse.core.internal.events.BuildManager.basicBuild(BuildManager.java:444)
	at org.eclipse.core.internal.events.BuildManager.basicBuildLoop(BuildManager.java:555)
	at org.eclipse.core.internal.events.BuildManager.basicBuildLoop(BuildManager.java:503)
	at org.eclipse.core.internal.events.BuildManager.build(BuildManager.java:585)
	at org.eclipse.core.internal.events.AutoBuildJob.doBuild(AutoBuildJob.java:207)
	at org.eclipse.core.internal.events.AutoBuildJob.run(AutoBuildJob.java:300)
	at org.eclipse.core.internal.jobs.Worker.run(Worker.java:63)
Caused by: com.google.inject.OutOfScopeException: Cannot access Key[type=org.apache.maven.project.MavenProject, annotation=[none]] outside of a scoping block
	at org.apache.maven.execution.scope.internal.MojoExecutionScope$2.get(MojoExecutionScope.java:99)
	at com.google.inject.internal.InternalFactoryToProviderAdapter.get(InternalFactoryToProviderAdapter.java:45)
	at com.google.inject.internal.SingleParameterInjector.inject(SingleParameterInjector.java:40)
	at com.google.inject.internal.SingleParameterInjector.getAll(SingleParameterInjector.java:60)
	at com.google.inject.internal.ConstructorInjector.provision(ConstructorInjector.java:113)
	at com.google.inject.internal.ConstructorInjector.access$000(ConstructorInjector.java:33)
	at com.google.inject.internal.ConstructorInjector$1.call(ConstructorInjector.java:98)
	at com.google.inject.internal.ProvisionListenerStackCallback$Provision.provision(ProvisionListenerStackCallback.java:109)
	at com.google.inject.internal.ProvisionListenerStackCallback$Provision.provision(ProvisionListenerStackCallback.java:124)
	at com.google.inject.internal.ProvisionListenerStackCallback.provision(ProvisionListenerStackCallback.java:66)
	at com.google.inject.internal.ConstructorInjector.construct(ConstructorInjector.java:93)
	at com.google.inject.internal.ConstructorBindingImpl$Factory.get(ConstructorBindingImpl.java:300)
	at com.google.inject.internal.InjectorImpl$1.get(InjectorImpl.java:1101)
	... 53 common frames omitted
2026-09-04 20:43:00,928 [Worker-35: Building] INFO  o.a.m.s.f.DefaultMavenResourcesFiltering - Copying 0 resource from src\main\resources to target\classes
2026-09-04 20:43:00,933 [Worker-35: Building] INFO  o.a.m.s.f.DefaultMavenResourcesFiltering - Copying 0 resource from src\main\resources to target\classes
2026-09-04 20:43:00,940 [Worker-35: Building] INFO  o.a.m.s.f.DefaultMavenResourcesFiltering - skip non existing resourceDirectory C:\Users\Abdul Rahman\OneDrive\Desktop\roshan\Payment Gateway Integration\User-Service\user-service\src\test\resources
2026-09-04 20:43:00,960 [Worker-35: Building] WARN  Sisu - Error injecting: org.apache.maven.plugins.jar.JarMojo
com.google.inject.ProvisionException: Unable to provision, see the following errors:

1) [Guice/ErrorInCustomProvider]: OutOfScopeException: Cannot access Key[type=MavenProject, annotation=[none]] outside of a scoping block
  at MojoExecutionScopeModule.configure(MojoExecutionScopeModule.java:47)
      \_ installed by: WireModule -> MojoExecutionScopeModule
  at JarMojo.<init>(JarMojo.java:72)
      \_ for 1st parameter
  while locating JarMojo

Learn more:
  https://github.com/google/guice/wiki/ERROR_IN_CUSTOM_PROVIDER

1 error

======================
Full classname legend:
======================
JarMojo:                  "org.apache.maven.plugins.jar.JarMojo"
MavenProject:             "org.apache.maven.project.MavenProject"
MojoExecutionScopeModule: "org.apache.maven.execution.scope.internal.MojoExecutionScopeModule"
OutOfScopeException:      "com.google.inject.OutOfScopeException"
WireModule:               "org.eclipse.sisu.wire.WireModule"
========================
End of classname legend:
========================

	at com.google.inject.internal.InternalProvisionException.toProvisionException(InternalProvisionException.java:251)
	at com.google.inject.internal.InjectorImpl$1.get(InjectorImpl.java:1104)
	at com.google.inject.internal.InjectorImpl.getInstance(InjectorImpl.java:1139)
	at org.eclipse.sisu.space.AbstractDeferredClass.get(AbstractDeferredClass.java:50)
	at com.google.inject.internal.ProviderInternalFactory.provision(ProviderInternalFactory.java:86)
	at com.google.inject.internal.InternalFactoryToInitializableAdapter.provision(InternalFactoryToInitializableAdapter.java:57)
	at com.google.inject.internal.ProviderInternalFactory$1.call(ProviderInternalFactory.java:67)
	at com.google.inject.internal.ProvisionListenerStackCallback$Provision.provision(ProvisionListenerStackCallback.java:109)
	at com.google.inject.internal.ProvisionListenerStackCallback$Provision.provision(ProvisionListenerStackCallback.java:124)
	at com.google.inject.internal.ProvisionListenerStackCallback.provision(ProvisionListenerStackCallback.java:66)
	at com.google.inject.internal.ProviderInternalFactory.circularGet(ProviderInternalFactory.java:62)
	at com.google.inject.internal.InternalFactoryToInitializableAdapter.get(InternalFactoryToInitializableAdapter.java:47)
	at com.google.inject.internal.InjectorImpl$1.get(InjectorImpl.java:1101)
	at org.eclipse.sisu.inject.Guice4$2.get(Guice4.java:235)
	at org.eclipse.sisu.inject.LazyBeanEntry.getValue(LazyBeanEntry.java:83)
	at org.eclipse.sisu.plexus.LazyPlexusBean.getValue(LazyPlexusBean.java:53)
	at org.codehaus.plexus.DefaultPlexusContainer.lookup(DefaultPlexusContainer.java:265)
	at org.codehaus.plexus.DefaultPlexusContainer.lookup(DefaultPlexusContainer.java:257)
	at org.apache.maven.plugin.internal.DefaultMavenPluginManager.getConfiguredMojo(DefaultMavenPluginManager.java:491)
	at org.eclipse.m2e.core.internal.embedder.MavenImpl.getConfiguredMojo(MavenImpl.java:206)
	at org.eclipse.m2e.mavenarchiver.internal.AbstractMavenArchiverConfigurator.reflectManifestGeneration(AbstractMavenArchiverConfigurator.java:439)
	at org.eclipse.m2e.mavenarchiver.internal.AbstractMavenArchiverConfigurator.lambda$3(AbstractMavenArchiverConfigurator.java:398)
	at org.eclipse.m2e.core.internal.embedder.MavenExecutionContext.executeBare(MavenExecutionContext.java:458)
	at org.eclipse.m2e.core.internal.embedder.MavenExecutionContext.execute(MavenExecutionContext.java:339)
	at org.eclipse.m2e.core.internal.embedder.MavenExecutionContext.execute(MavenExecutionContext.java:278)
	at org.eclipse.m2e.mavenarchiver.internal.AbstractMavenArchiverConfigurator.generateManifest(AbstractMavenArchiverConfigurator.java:371)
	at org.eclipse.m2e.mavenarchiver.internal.AbstractMavenArchiverConfigurator.mavenProjectChanged(AbstractMavenArchiverConfigurator.java:228)
	at org.eclipse.m2e.mavenarchiver.internal.AbstractMavenArchiverConfigurator$1.build(AbstractMavenArchiverConfigurator.java:178)
	at org.eclipse.m2e.core.internal.builder.MavenBuilderImpl.lambda$2(MavenBuilderImpl.java:159)
	at java.base/java.util.LinkedHashMap.forEach(LinkedHashMap.java:986)
	at org.eclipse.m2e.core.internal.builder.MavenBuilderImpl.build(MavenBuilderImpl.java:139)
	at org.eclipse.m2e.core.internal.builder.MavenBuilder$1.method(MavenBuilder.java:164)
	at org.eclipse.m2e.core.internal.builder.MavenBuilder$1.method(MavenBuilder.java:1)
	at org.eclipse.m2e.core.internal.builder.MavenBuilder$BuildMethod.lambda$1(MavenBuilder.java:109)
	at org.eclipse.m2e.core.internal.embedder.MavenExecutionContext.executeBare(MavenExecutionContext.java:458)
	at org.eclipse.m2e.core.internal.embedder.MavenExecutionContext.execute(MavenExecutionContext.java:292)
	at org.eclipse.m2e.core.internal.builder.MavenBuilder$BuildMethod.lambda$0(MavenBuilder.java:100)
	at org.eclipse.m2e.core.internal.embedder.MavenExecutionContext.executeBare(MavenExecutionContext.java:458)
	at org.eclipse.m2e.core.internal.embedder.MavenExecutionContext.execute(MavenExecutionContext.java:339)
	at org.eclipse.m2e.core.internal.embedder.MavenExecutionContext.execute(MavenExecutionContext.java:278)
	at org.eclipse.m2e.core.internal.builder.MavenBuilder$BuildMethod.execute(MavenBuilder.java:83)
	at org.eclipse.m2e.core.internal.builder.MavenBuilder.build(MavenBuilder.java:192)
	at org.eclipse.core.internal.events.BuildManager$2.run(BuildManager.java:1077)
	at org.eclipse.core.runtime.SafeRunner.run(SafeRunner.java:47)
	at org.eclipse.core.internal.events.BuildManager.basicBuild(BuildManager.java:296)
	at org.eclipse.core.internal.events.BuildManager.basicBuild(BuildManager.java:352)
	at org.eclipse.core.internal.events.BuildManager$1.run(BuildManager.java:441)
	at org.eclipse.core.runtime.SafeRunner.run(SafeRunner.java:47)
	at org.eclipse.core.internal.events.BuildManager.basicBuild(BuildManager.java:444)
	at org.eclipse.core.internal.events.BuildManager.basicBuildLoop(BuildManager.java:555)
	at org.eclipse.core.internal.events.BuildManager.basicBuildLoop(BuildManager.java:503)
	at org.eclipse.core.internal.events.BuildManager.build(BuildManager.java:585)
	at org.eclipse.core.internal.events.AutoBuildJob.doBuild(AutoBuildJob.java:207)
	at org.eclipse.core.internal.events.AutoBuildJob.run(AutoBuildJob.java:300)
	at org.eclipse.core.internal.jobs.Worker.run(Worker.java:63)
Caused by: com.google.inject.OutOfScopeException: Cannot access Key[type=org.apache.maven.project.MavenProject, annotation=[none]] outside of a scoping block
	at org.apache.maven.execution.scope.internal.MojoExecutionScope$2.get(MojoExecutionScope.java:99)
	at com.google.inject.internal.InternalFactoryToProviderAdapter.get(InternalFactoryToProviderAdapter.java:45)
	at com.google.inject.internal.SingleParameterInjector.inject(SingleParameterInjector.java:40)
	at com.google.inject.internal.SingleParameterInjector.getAll(SingleParameterInjector.java:60)
	at com.google.inject.internal.ConstructorInjector.provision(ConstructorInjector.java:113)
	at com.google.inject.internal.ConstructorInjector.access$000(ConstructorInjector.java:33)
	at com.google.inject.internal.ConstructorInjector$1.call(ConstructorInjector.java:98)
	at com.google.inject.internal.ProvisionListenerStackCallback$Provision.provision(ProvisionListenerStackCallback.java:109)
	at com.google.inject.internal.ProvisionListenerStackCallback$Provision.provision(ProvisionListenerStackCallback.java:124)
	at com.google.inject.internal.ProvisionListenerStackCallback.provision(ProvisionListenerStackCallback.java:66)
	at com.google.inject.internal.ConstructorInjector.construct(ConstructorInjector.java:93)
	at com.google.inject.internal.ConstructorBindingImpl$Factory.get(ConstructorBindingImpl.java:300)
	at com.google.inject.internal.InjectorImpl$1.get(InjectorImpl.java:1101)
	... 53 common frames omitted
2026-09-04 20:43:45,651 [Worker-29: Building] INFO  o.a.m.s.f.DefaultMavenResourcesFiltering - Copying 0 resource from src\main\resources to target\classes
2026-09-04 20:43:45,655 [Worker-29: Building] INFO  o.a.m.s.f.DefaultMavenResourcesFiltering - Copying 0 resource from src\main\resources to target\classes
2026-09-04 20:43:45,669 [Worker-29: Building] INFO  o.a.m.s.f.DefaultMavenResourcesFiltering - skip non existing resourceDirectory C:\Users\Abdul Rahman\OneDrive\Desktop\roshan\Payment Gateway Integration\User-Service\user-service\src\test\resources
2026-09-04 20:43:45,707 [Worker-29: Building] WARN  Sisu - Error injecting: org.apache.maven.plugins.jar.JarMojo
com.google.inject.ProvisionException: Unable to provision, see the following errors:

1) [Guice/ErrorInCustomProvider]: OutOfScopeException: Cannot access Key[type=MavenProject, annotation=[none]] outside of a scoping block
  at MojoExecutionScopeModule.configure(MojoExecutionScopeModule.java:47)
      \_ installed by: WireModule -> MojoExecutionScopeModule
  at JarMojo.<init>(JarMojo.java:72)
      \_ for 1st parameter
  while locating JarMojo

Learn more:
  https://github.com/google/guice/wiki/ERROR_IN_CUSTOM_PROVIDER

1 error

======================
Full classname legend:
======================
JarMojo:                  "org.apache.maven.plugins.jar.JarMojo"
MavenProject:             "org.apache.maven.project.MavenProject"
MojoExecutionScopeModule: "org.apache.maven.execution.scope.internal.MojoExecutionScopeModule"
OutOfScopeException:      "com.google.inject.OutOfScopeException"
WireModule:               "org.eclipse.sisu.wire.WireModule"
========================
End of classname legend:
========================

	at com.google.inject.internal.InternalProvisionException.toProvisionException(InternalProvisionException.java:251)
	at com.google.inject.internal.InjectorImpl$1.get(InjectorImpl.java:1104)
	at com.google.inject.internal.InjectorImpl.getInstance(InjectorImpl.java:1139)
	at org.eclipse.sisu.space.AbstractDeferredClass.get(AbstractDeferredClass.java:50)
	at com.google.inject.internal.ProviderInternalFactory.provision(ProviderInternalFactory.java:86)
	at com.google.inject.internal.InternalFactoryToInitializableAdapter.provision(InternalFactoryToInitializableAdapter.java:57)
	at com.google.inject.internal.ProviderInternalFactory$1.call(ProviderInternalFactory.java:67)
	at com.google.inject.internal.ProvisionListenerStackCallback$Provision.provision(ProvisionListenerStackCallback.java:109)
	at com.google.inject.internal.ProvisionListenerStackCallback$Provision.provision(ProvisionListenerStackCallback.java:124)
	at com.google.inject.internal.ProvisionListenerStackCallback.provision(ProvisionListenerStackCallback.java:66)
	at com.google.inject.internal.ProviderInternalFactory.circularGet(ProviderInternalFactory.java:62)
	at com.google.inject.internal.InternalFactoryToInitializableAdapter.get(InternalFactoryToInitializableAdapter.java:47)
	at com.google.inject.internal.InjectorImpl$1.get(InjectorImpl.java:1101)
	at org.eclipse.sisu.inject.Guice4$2.get(Guice4.java:235)
	at org.eclipse.sisu.inject.LazyBeanEntry.getValue(LazyBeanEntry.java:83)
	at org.eclipse.sisu.plexus.LazyPlexusBean.getValue(LazyPlexusBean.java:53)
	at org.codehaus.plexus.DefaultPlexusContainer.lookup(DefaultPlexusContainer.java:265)
	at org.codehaus.plexus.DefaultPlexusContainer.lookup(DefaultPlexusContainer.java:257)
	at org.apache.maven.plugin.internal.DefaultMavenPluginManager.getConfiguredMojo(DefaultMavenPluginManager.java:491)
	at org.eclipse.m2e.core.internal.embedder.MavenImpl.getConfiguredMojo(MavenImpl.java:206)
	at org.eclipse.m2e.mavenarchiver.internal.AbstractMavenArchiverConfigurator.reflectManifestGeneration(AbstractMavenArchiverConfigurator.java:439)
	at org.eclipse.m2e.mavenarchiver.internal.AbstractMavenArchiverConfigurator.lambda$3(AbstractMavenArchiverConfigurator.java:398)
	at org.eclipse.m2e.core.internal.embedder.MavenExecutionContext.executeBare(MavenExecutionContext.java:458)
	at org.eclipse.m2e.core.internal.embedder.MavenExecutionContext.execute(MavenExecutionContext.java:339)
	at org.eclipse.m2e.core.internal.embedder.MavenExecutionContext.execute(MavenExecutionContext.java:278)
	at org.eclipse.m2e.mavenarchiver.internal.AbstractMavenArchiverConfigurator.generateManifest(AbstractMavenArchiverConfigurator.java:371)
	at org.eclipse.m2e.mavenarchiver.internal.AbstractMavenArchiverConfigurator.mavenProjectChanged(AbstractMavenArchiverConfigurator.java:228)
	at org.eclipse.m2e.mavenarchiver.internal.AbstractMavenArchiverConfigurator$1.build(AbstractMavenArchiverConfigurator.java:178)
	at org.eclipse.m2e.core.internal.builder.MavenBuilderImpl.lambda$2(MavenBuilderImpl.java:159)
	at java.base/java.util.LinkedHashMap.forEach(LinkedHashMap.java:986)
	at org.eclipse.m2e.core.internal.builder.MavenBuilderImpl.build(MavenBuilderImpl.java:139)
	at org.eclipse.m2e.core.internal.builder.MavenBuilder$1.method(MavenBuilder.java:164)
	at org.eclipse.m2e.core.internal.builder.MavenBuilder$1.method(MavenBuilder.java:1)
	at org.eclipse.m2e.core.internal.builder.MavenBuilder$BuildMethod.lambda$1(MavenBuilder.java:109)
	at org.eclipse.m2e.core.internal.embedder.MavenExecutionContext.executeBare(MavenExecutionContext.java:458)
	at org.eclipse.m2e.core.internal.embedder.MavenExecutionContext.execute(MavenExecutionContext.java:292)
	at org.eclipse.m2e.core.internal.builder.MavenBuilder$BuildMethod.lambda$0(MavenBuilder.java:100)
	at org.eclipse.m2e.core.internal.embedder.MavenExecutionContext.executeBare(MavenExecutionContext.java:458)
	at org.eclipse.m2e.core.internal.embedder.MavenExecutionContext.execute(MavenExecutionContext.java:339)
	at org.eclipse.m2e.core.internal.embedder.MavenExecutionContext.execute(MavenExecutionContext.java:278)
	at org.eclipse.m2e.core.internal.builder.MavenBuilder$BuildMethod.execute(MavenBuilder.java:83)
	at org.eclipse.m2e.core.internal.builder.MavenBuilder.build(MavenBuilder.java:192)
	at org.eclipse.core.internal.events.BuildManager$2.run(BuildManager.java:1077)
	at org.eclipse.core.runtime.SafeRunner.run(SafeRunner.java:47)
	at org.eclipse.core.internal.events.BuildManager.basicBuild(BuildManager.java:296)
	at org.eclipse.core.internal.events.BuildManager.basicBuild(BuildManager.java:352)
	at org.eclipse.core.internal.events.BuildManager$1.run(BuildManager.java:441)
	at org.eclipse.core.runtime.SafeRunner.run(SafeRunner.java:47)
	at org.eclipse.core.internal.events.BuildManager.basicBuild(BuildManager.java:444)
	at org.eclipse.core.internal.events.BuildManager.basicBuildLoop(BuildManager.java:555)
	at org.eclipse.core.internal.events.BuildManager.basicBuildLoop(BuildManager.java:503)
	at org.eclipse.core.internal.events.BuildManager.build(BuildManager.java:585)
	at org.eclipse.core.internal.events.AutoBuildJob.doBuild(AutoBuildJob.java:207)
	at org.eclipse.core.internal.events.AutoBuildJob.run(AutoBuildJob.java:300)
	at org.eclipse.core.internal.jobs.Worker.run(Worker.java:63)
Caused by: com.google.inject.OutOfScopeException: Cannot access Key[type=org.apache.maven.project.MavenProject, annotation=[none]] outside of a scoping block
	at org.apache.maven.execution.scope.internal.MojoExecutionScope$2.get(MojoExecutionScope.java:99)
	at com.google.inject.internal.InternalFactoryToProviderAdapter.get(InternalFactoryToProviderAdapter.java:45)
	at com.google.inject.internal.SingleParameterInjector.inject(SingleParameterInjector.java:40)
	at com.google.inject.internal.SingleParameterInjector.getAll(SingleParameterInjector.java:60)
	at com.google.inject.internal.ConstructorInjector.provision(ConstructorInjector.java:113)
	at com.google.inject.internal.ConstructorInjector.access$000(ConstructorInjector.java:33)
	at com.google.inject.internal.ConstructorInjector$1.call(ConstructorInjector.java:98)
	at com.google.inject.internal.ProvisionListenerStackCallback$Provision.provision(ProvisionListenerStackCallback.java:109)
	at com.google.inject.internal.ProvisionListenerStackCallback$Provision.provision(ProvisionListenerStackCallback.java:124)
	at com.google.inject.internal.ProvisionListenerStackCallback.provision(ProvisionListenerStackCallback.java:66)
	at com.google.inject.internal.ConstructorInjector.construct(ConstructorInjector.java:93)
	at com.google.inject.internal.ConstructorBindingImpl$Factory.get(ConstructorBindingImpl.java:300)
	at com.google.inject.internal.InjectorImpl$1.get(InjectorImpl.java:1101)
	... 53 common frames omitted
2026-09-04 20:46:52,015 [Worker-35: Building] INFO  o.a.m.s.f.DefaultMavenResourcesFiltering - Copying 0 resource from src\main\resources to target\classes
2026-09-04 20:46:52,019 [Worker-35: Building] INFO  o.a.m.s.f.DefaultMavenResourcesFiltering - Copying 0 resource from src\main\resources to target\classes
2026-09-04 20:46:52,035 [Worker-35: Building] INFO  o.a.m.s.f.DefaultMavenResourcesFiltering - skip non existing resourceDirectory C:\Users\Abdul Rahman\OneDrive\Desktop\roshan\Payment Gateway Integration\User-Service\user-service\src\test\resources
2026-09-04 20:46:52,079 [Worker-35: Building] WARN  Sisu - Error injecting: org.apache.maven.plugins.jar.JarMojo
com.google.inject.ProvisionException: Unable to provision, see the following errors:

1) [Guice/ErrorInCustomProvider]: OutOfScopeException: Cannot access Key[type=MavenProject, annotation=[none]] outside of a scoping block
  at MojoExecutionScopeModule.configure(MojoExecutionScopeModule.java:47)
      \_ installed by: WireModule -> MojoExecutionScopeModule
  at JarMojo.<init>(JarMojo.java:72)
      \_ for 1st parameter
  while locating JarMojo

Learn more:
  https://github.com/google/guice/wiki/ERROR_IN_CUSTOM_PROVIDER

1 error

======================
Full classname legend:
======================
JarMojo:                  "org.apache.maven.plugins.jar.JarMojo"
MavenProject:             "org.apache.maven.project.MavenProject"
MojoExecutionScopeModule: "org.apache.maven.execution.scope.internal.MojoExecutionScopeModule"
OutOfScopeException:      "com.google.inject.OutOfScopeException"
WireModule:               "org.eclipse.sisu.wire.WireModule"
========================
End of classname legend:
========================

	at com.google.inject.internal.InternalProvisionException.toProvisionException(InternalProvisionException.java:251)
	at com.google.inject.internal.InjectorImpl$1.get(InjectorImpl.java:1104)
	at com.google.inject.internal.InjectorImpl.getInstance(InjectorImpl.java:1139)
	at org.eclipse.sisu.space.AbstractDeferredClass.get(AbstractDeferredClass.java:50)
	at com.google.inject.internal.ProviderInternalFactory.provision(ProviderInternalFactory.java:86)
	at com.google.inject.internal.InternalFactoryToInitializableAdapter.provision(InternalFactoryToInitializableAdapter.java:57)
	at com.google.inject.internal.ProviderInternalFactory$1.call(ProviderInternalFactory.java:67)
	at com.google.inject.internal.ProvisionListenerStackCallback$Provision.provision(ProvisionListenerStackCallback.java:109)
	at com.google.inject.internal.ProvisionListenerStackCallback$Provision.provision(ProvisionListenerStackCallback.java:124)
	at com.google.inject.internal.ProvisionListenerStackCallback.provision(ProvisionListenerStackCallback.java:66)
	at com.google.inject.internal.ProviderInternalFactory.circularGet(ProviderInternalFactory.java:62)
	at com.google.inject.internal.InternalFactoryToInitializableAdapter.get(InternalFactoryToInitializableAdapter.java:47)
	at com.google.inject.internal.InjectorImpl$1.get(InjectorImpl.java:1101)
	at org.eclipse.sisu.inject.Guice4$2.get(Guice4.java:235)
	at org.eclipse.sisu.inject.LazyBeanEntry.getValue(LazyBeanEntry.java:83)
	at org.eclipse.sisu.plexus.LazyPlexusBean.getValue(LazyPlexusBean.java:53)
	at org.codehaus.plexus.DefaultPlexusContainer.lookup(DefaultPlexusContainer.java:265)
	at org.codehaus.plexus.DefaultPlexusContainer.lookup(DefaultPlexusContainer.java:257)
	at org.apache.maven.plugin.internal.DefaultMavenPluginManager.getConfiguredMojo(DefaultMavenPluginManager.java:491)
	at org.eclipse.m2e.core.internal.embedder.MavenImpl.getConfiguredMojo(MavenImpl.java:206)
	at org.eclipse.m2e.mavenarchiver.internal.AbstractMavenArchiverConfigurator.reflectManifestGeneration(AbstractMavenArchiverConfigurator.java:439)
	at org.eclipse.m2e.mavenarchiver.internal.AbstractMavenArchiverConfigurator.lambda$3(AbstractMavenArchiverConfigurator.java:398)
	at org.eclipse.m2e.core.internal.embedder.MavenExecutionContext.executeBare(MavenExecutionContext.java:458)
	at org.eclipse.m2e.core.internal.embedder.MavenExecutionContext.execute(MavenExecutionContext.java:339)
	at org.eclipse.m2e.core.internal.embedder.MavenExecutionContext.execute(MavenExecutionContext.java:278)
	at org.eclipse.m2e.mavenarchiver.internal.AbstractMavenArchiverConfigurator.generateManifest(AbstractMavenArchiverConfigurator.java:371)
	at org.eclipse.m2e.mavenarchiver.internal.AbstractMavenArchiverConfigurator.mavenProjectChanged(AbstractMavenArchiverConfigurator.java:228)
	at org.eclipse.m2e.mavenarchiver.internal.AbstractMavenArchiverConfigurator$1.build(AbstractMavenArchiverConfigurator.java:178)
	at org.eclipse.m2e.core.internal.builder.MavenBuilderImpl.lambda$2(MavenBuilderImpl.java:159)
	at java.base/java.util.LinkedHashMap.forEach(LinkedHashMap.java:986)
	at org.eclipse.m2e.core.internal.builder.MavenBuilderImpl.build(MavenBuilderImpl.java:139)
	at org.eclipse.m2e.core.internal.builder.MavenBuilder$1.method(MavenBuilder.java:164)
	at org.eclipse.m2e.core.internal.builder.MavenBuilder$1.method(MavenBuilder.java:1)
	at org.eclipse.m2e.core.internal.builder.MavenBuilder$BuildMethod.lambda$1(MavenBuilder.java:109)
	at org.eclipse.m2e.core.internal.embedder.MavenExecutionContext.executeBare(MavenExecutionContext.java:458)
	at org.eclipse.m2e.core.internal.embedder.MavenExecutionContext.execute(MavenExecutionContext.java:292)
	at org.eclipse.m2e.core.internal.builder.MavenBuilder$BuildMethod.lambda$0(MavenBuilder.java:100)
	at org.eclipse.m2e.core.internal.embedder.MavenExecutionContext.executeBare(MavenExecutionContext.java:458)
	at org.eclipse.m2e.core.internal.embedder.MavenExecutionContext.execute(MavenExecutionContext.java:339)
	at org.eclipse.m2e.core.internal.embedder.MavenExecutionContext.execute(MavenExecutionContext.java:278)
	at org.eclipse.m2e.core.internal.builder.MavenBuilder$BuildMethod.execute(MavenBuilder.java:83)
	at org.eclipse.m2e.core.internal.builder.MavenBuilder.build(MavenBuilder.java:192)
	at org.eclipse.core.internal.events.BuildManager$2.run(BuildManager.java:1077)
	at org.eclipse.core.runtime.SafeRunner.run(SafeRunner.java:47)
	at org.eclipse.core.internal.events.BuildManager.basicBuild(BuildManager.java:296)
	at org.eclipse.core.internal.events.BuildManager.basicBuild(BuildManager.java:352)
	at org.eclipse.core.internal.events.BuildManager$1.run(BuildManager.java:441)
	at org.eclipse.core.runtime.SafeRunner.run(SafeRunner.java:47)
	at org.eclipse.core.internal.events.BuildManager.basicBuild(BuildManager.java:444)
	at org.eclipse.core.internal.events.BuildManager.basicBuildLoop(BuildManager.java:555)
	at org.eclipse.core.internal.events.BuildManager.basicBuildLoop(BuildManager.java:503)
	at org.eclipse.core.internal.events.BuildManager.build(BuildManager.java:585)
	at org.eclipse.core.internal.events.AutoBuildJob.doBuild(AutoBuildJob.java:207)
	at org.eclipse.core.internal.events.AutoBuildJob.run(AutoBuildJob.java:300)
	at org.eclipse.core.internal.jobs.Worker.run(Worker.java:63)
Caused by: com.google.inject.OutOfScopeException: Cannot access Key[type=org.apache.maven.project.MavenProject, annotation=[none]] outside of a scoping block
	at org.apache.maven.execution.scope.internal.MojoExecutionScope$2.get(MojoExecutionScope.java:99)
	at com.google.inject.internal.InternalFactoryToProviderAdapter.get(InternalFactoryToProviderAdapter.java:45)
	at com.google.inject.internal.SingleParameterInjector.inject(SingleParameterInjector.java:40)
	at com.google.inject.internal.SingleParameterInjector.getAll(SingleParameterInjector.java:60)
	at com.google.inject.internal.ConstructorInjector.provision(ConstructorInjector.java:113)
	at com.google.inject.internal.ConstructorInjector.access$000(ConstructorInjector.java:33)
	at com.google.inject.internal.ConstructorInjector$1.call(ConstructorInjector.java:98)
	at com.google.inject.internal.ProvisionListenerStackCallback$Provision.provision(ProvisionListenerStackCallback.java:109)
	at com.google.inject.internal.ProvisionListenerStackCallback$Provision.provision(ProvisionListenerStackCallback.java:124)
	at com.google.inject.internal.ProvisionListenerStackCallback.provision(ProvisionListenerStackCallback.java:66)
	at com.google.inject.internal.ConstructorInjector.construct(ConstructorInjector.java:93)
	at com.google.inject.internal.ConstructorBindingImpl$Factory.get(ConstructorBindingImpl.java:300)
	at com.google.inject.internal.InjectorImpl$1.get(InjectorImpl.java:1101)
	... 53 common frames omitted
2026-09-04 20:51:47,378 [Worker-34: Building] INFO  o.a.m.s.f.DefaultMavenResourcesFiltering - Copying 0 resource from src\main\resources to target\classes
2026-09-04 20:51:47,383 [Worker-34: Building] INFO  o.a.m.s.f.DefaultMavenResourcesFiltering - Copying 0 resource from src\main\resources to target\classes
2026-09-04 20:51:47,395 [Worker-34: Building] INFO  o.a.m.s.f.DefaultMavenResourcesFiltering - skip non existing resourceDirectory C:\Users\Abdul Rahman\OneDrive\Desktop\roshan\Payment Gateway Integration\User-Service\user-service\src\test\resources
2026-09-04 20:51:47,427 [Worker-34: Building] WARN  Sisu - Error injecting: org.apache.maven.plugins.jar.JarMojo
com.google.inject.ProvisionException: Unable to provision, see the following errors:

1) [Guice/ErrorInCustomProvider]: OutOfScopeException: Cannot access Key[type=MavenProject, annotation=[none]] outside of a scoping block
  at MojoExecutionScopeModule.configure(MojoExecutionScopeModule.java:47)
      \_ installed by: WireModule -> MojoExecutionScopeModule
  at JarMojo.<init>(JarMojo.java:72)
      \_ for 1st parameter
  while locating JarMojo

Learn more:
  https://github.com/google/guice/wiki/ERROR_IN_CUSTOM_PROVIDER

1 error

======================
Full classname legend:
======================
JarMojo:                  "org.apache.maven.plugins.jar.JarMojo"
MavenProject:             "org.apache.maven.project.MavenProject"
MojoExecutionScopeModule: "org.apache.maven.execution.scope.internal.MojoExecutionScopeModule"
OutOfScopeException:      "com.google.inject.OutOfScopeException"
WireModule:               "org.eclipse.sisu.wire.WireModule"
========================
End of classname legend:
========================

	at com.google.inject.internal.InternalProvisionException.toProvisionException(InternalProvisionException.java:251)
	at com.google.inject.internal.InjectorImpl$1.get(InjectorImpl.java:1104)
	at com.google.inject.internal.InjectorImpl.getInstance(InjectorImpl.java:1139)
	at org.eclipse.sisu.space.AbstractDeferredClass.get(AbstractDeferredClass.java:50)
	at com.google.inject.internal.ProviderInternalFactory.provision(ProviderInternalFactory.java:86)
	at com.google.inject.internal.InternalFactoryToInitializableAdapter.provision(InternalFactoryToInitializableAdapter.java:57)
	at com.google.inject.internal.ProviderInternalFactory$1.call(ProviderInternalFactory.java:67)
	at com.google.inject.internal.ProvisionListenerStackCallback$Provision.provision(ProvisionListenerStackCallback.java:109)
	at com.google.inject.internal.ProvisionListenerStackCallback$Provision.provision(ProvisionListenerStackCallback.java:124)
	at com.google.inject.internal.ProvisionListenerStackCallback.provision(ProvisionListenerStackCallback.java:66)
	at com.google.inject.internal.ProviderInternalFactory.circularGet(ProviderInternalFactory.java:62)
	at com.google.inject.internal.InternalFactoryToInitializableAdapter.get(InternalFactoryToInitializableAdapter.java:47)
	at com.google.inject.internal.InjectorImpl$1.get(InjectorImpl.java:1101)
	at org.eclipse.sisu.inject.Guice4$2.get(Guice4.java:235)
	at org.eclipse.sisu.inject.LazyBeanEntry.getValue(LazyBeanEntry.java:83)
	at org.eclipse.sisu.plexus.LazyPlexusBean.getValue(LazyPlexusBean.java:53)
	at org.codehaus.plexus.DefaultPlexusContainer.lookup(DefaultPlexusContainer.java:265)
	at org.codehaus.plexus.DefaultPlexusContainer.lookup(DefaultPlexusContainer.java:257)
	at org.apache.maven.plugin.internal.DefaultMavenPluginManager.getConfiguredMojo(DefaultMavenPluginManager.java:491)
	at org.eclipse.m2e.core.internal.embedder.MavenImpl.getConfiguredMojo(MavenImpl.java:206)
	at org.eclipse.m2e.mavenarchiver.internal.AbstractMavenArchiverConfigurator.reflectManifestGeneration(AbstractMavenArchiverConfigurator.java:439)
	at org.eclipse.m2e.mavenarchiver.internal.AbstractMavenArchiverConfigurator.lambda$3(AbstractMavenArchiverConfigurator.java:398)
	at org.eclipse.m2e.core.internal.embedder.MavenExecutionContext.executeBare(MavenExecutionContext.java:458)
	at org.eclipse.m2e.core.internal.embedder.MavenExecutionContext.execute(MavenExecutionContext.java:339)
	at org.eclipse.m2e.core.internal.embedder.MavenExecutionContext.execute(MavenExecutionContext.java:278)
	at org.eclipse.m2e.mavenarchiver.internal.AbstractMavenArchiverConfigurator.generateManifest(AbstractMavenArchiverConfigurator.java:371)
	at org.eclipse.m2e.mavenarchiver.internal.AbstractMavenArchiverConfigurator.mavenProjectChanged(AbstractMavenArchiverConfigurator.java:228)
	at org.eclipse.m2e.mavenarchiver.internal.AbstractMavenArchiverConfigurator$1.build(AbstractMavenArchiverConfigurator.java:178)
	at org.eclipse.m2e.core.internal.builder.MavenBuilderImpl.lambda$2(MavenBuilderImpl.java:159)
	at java.base/java.util.LinkedHashMap.forEach(LinkedHashMap.java:986)
	at org.eclipse.m2e.core.internal.builder.MavenBuilderImpl.build(MavenBuilderImpl.java:139)
	at org.eclipse.m2e.core.internal.builder.MavenBuilder$1.method(MavenBuilder.java:164)
	at org.eclipse.m2e.core.internal.builder.MavenBuilder$1.method(MavenBuilder.java:1)
	at org.eclipse.m2e.core.internal.builder.MavenBuilder$BuildMethod.lambda$1(MavenBuilder.java:109)
	at org.eclipse.m2e.core.internal.embedder.MavenExecutionContext.executeBare(MavenExecutionContext.java:458)
	at org.eclipse.m2e.core.internal.embedder.MavenExecutionContext.execute(MavenExecutionContext.java:292)
	at org.eclipse.m2e.core.internal.builder.MavenBuilder$BuildMethod.lambda$0(MavenBuilder.java:100)
	at org.eclipse.m2e.core.internal.embedder.MavenExecutionContext.executeBare(MavenExecutionContext.java:458)
	at org.eclipse.m2e.core.internal.embedder.MavenExecutionContext.execute(MavenExecutionContext.java:339)
	at org.eclipse.m2e.core.internal.embedder.MavenExecutionContext.execute(MavenExecutionContext.java:278)
	at org.eclipse.m2e.core.internal.builder.MavenBuilder$BuildMethod.execute(MavenBuilder.java:83)
	at org.eclipse.m2e.core.internal.builder.MavenBuilder.build(MavenBuilder.java:192)
	at org.eclipse.core.internal.events.BuildManager$2.run(BuildManager.java:1077)
	at org.eclipse.core.runtime.SafeRunner.run(SafeRunner.java:47)
	at org.eclipse.core.internal.events.BuildManager.basicBuild(BuildManager.java:296)
	at org.eclipse.core.internal.events.BuildManager.basicBuild(BuildManager.java:352)
	at org.eclipse.core.internal.events.BuildManager$1.run(BuildManager.java:441)
	at org.eclipse.core.runtime.SafeRunner.run(SafeRunner.java:47)
	at org.eclipse.core.internal.events.BuildManager.basicBuild(BuildManager.java:444)
	at org.eclipse.core.internal.events.BuildManager.basicBuildLoop(BuildManager.java:555)
	at org.eclipse.core.internal.events.BuildManager.basicBuildLoop(BuildManager.java:503)
	at org.eclipse.core.internal.events.BuildManager.build(BuildManager.java:585)
	at org.eclipse.core.internal.events.AutoBuildJob.doBuild(AutoBuildJob.java:207)
	at org.eclipse.core.internal.events.AutoBuildJob.run(AutoBuildJob.java:300)
	at org.eclipse.core.internal.jobs.Worker.run(Worker.java:63)
Caused by: com.google.inject.OutOfScopeException: Cannot access Key[type=org.apache.maven.project.MavenProject, annotation=[none]] outside of a scoping block
	at org.apache.maven.execution.scope.internal.MojoExecutionScope$2.get(MojoExecutionScope.java:99)
	at com.google.inject.internal.InternalFactoryToProviderAdapter.get(InternalFactoryToProviderAdapter.java:45)
	at com.google.inject.internal.SingleParameterInjector.inject(SingleParameterInjector.java:40)
	at com.google.inject.internal.SingleParameterInjector.getAll(SingleParameterInjector.java:60)
	at com.google.inject.internal.ConstructorInjector.provision(ConstructorInjector.java:113)
	at com.google.inject.internal.ConstructorInjector.access$000(ConstructorInjector.java:33)
	at com.google.inject.internal.ConstructorInjector$1.call(ConstructorInjector.java:98)
	at com.google.inject.internal.ProvisionListenerStackCallback$Provision.provision(ProvisionListenerStackCallback.java:109)
	at com.google.inject.internal.ProvisionListenerStackCallback$Provision.provision(ProvisionListenerStackCallback.java:124)
	at com.google.inject.internal.ProvisionListenerStackCallback.provision(ProvisionListenerStackCallback.java:66)
	at com.google.inject.internal.ConstructorInjector.construct(ConstructorInjector.java:93)
	at com.google.inject.internal.ConstructorBindingImpl$Factory.get(ConstructorBindingImpl.java:300)
	at com.google.inject.internal.InjectorImpl$1.get(InjectorImpl.java:1101)
	... 53 common frames omitted
2026-09-04 20:55:55,962 [Worker-37: Building] INFO  o.a.m.s.f.DefaultMavenResourcesFiltering - Copying 0 resource from src\main\resources to target\classes
2026-09-04 20:55:55,973 [Worker-37: Building] INFO  o.a.m.s.f.DefaultMavenResourcesFiltering - Copying 0 resource from src\main\resources to target\classes
2026-09-04 20:55:55,987 [Worker-37: Building] INFO  o.a.m.s.f.DefaultMavenResourcesFiltering - skip non existing resourceDirectory C:\Users\Abdul Rahman\OneDrive\Desktop\roshan\Payment Gateway Integration\User-Service\user-service\src\test\resources
2026-09-04 20:55:56,032 [Worker-37: Building] WARN  Sisu - Error injecting: org.apache.maven.plugins.jar.JarMojo
com.google.inject.ProvisionException: Unable to provision, see the following errors:

1) [Guice/ErrorInCustomProvider]: OutOfScopeException: Cannot access Key[type=MavenProject, annotation=[none]] outside of a scoping block
  at MojoExecutionScopeModule.configure(MojoExecutionScopeModule.java:47)
      \_ installed by: WireModule -> MojoExecutionScopeModule
  at JarMojo.<init>(JarMojo.java:72)
      \_ for 1st parameter
  while locating JarMojo

Learn more:
  https://github.com/google/guice/wiki/ERROR_IN_CUSTOM_PROVIDER

1 error

======================
Full classname legend:
======================
JarMojo:                  "org.apache.maven.plugins.jar.JarMojo"
MavenProject:             "org.apache.maven.project.MavenProject"
MojoExecutionScopeModule: "org.apache.maven.execution.scope.internal.MojoExecutionScopeModule"
OutOfScopeException:      "com.google.inject.OutOfScopeException"
WireModule:               "org.eclipse.sisu.wire.WireModule"
========================
End of classname legend:
========================

	at com.google.inject.internal.InternalProvisionException.toProvisionException(InternalProvisionException.java:251)
	at com.google.inject.internal.InjectorImpl$1.get(InjectorImpl.java:1104)
	at com.google.inject.internal.InjectorImpl.getInstance(InjectorImpl.java:1139)
	at org.eclipse.sisu.space.AbstractDeferredClass.get(AbstractDeferredClass.java:50)
	at com.google.inject.internal.ProviderInternalFactory.provision(ProviderInternalFactory.java:86)
	at com.google.inject.internal.InternalFactoryToInitializableAdapter.provision(InternalFactoryToInitializableAdapter.java:57)
	at com.google.inject.internal.ProviderInternalFactory$1.call(ProviderInternalFactory.java:67)
	at com.google.inject.internal.ProvisionListenerStackCallback$Provision.provision(ProvisionListenerStackCallback.java:109)
	at com.google.inject.internal.ProvisionListenerStackCallback$Provision.provision(ProvisionListenerStackCallback.java:124)
	at com.google.inject.internal.ProvisionListenerStackCallback.provision(ProvisionListenerStackCallback.java:66)
	at com.google.inject.internal.ProviderInternalFactory.circularGet(ProviderInternalFactory.java:62)
	at com.google.inject.internal.InternalFactoryToInitializableAdapter.get(InternalFactoryToInitializableAdapter.java:47)
	at com.google.inject.internal.InjectorImpl$1.get(InjectorImpl.java:1101)
	at org.eclipse.sisu.inject.Guice4$2.get(Guice4.java:235)
	at org.eclipse.sisu.inject.LazyBeanEntry.getValue(LazyBeanEntry.java:83)
	at org.eclipse.sisu.plexus.LazyPlexusBean.getValue(LazyPlexusBean.java:53)
	at org.codehaus.plexus.DefaultPlexusContainer.lookup(DefaultPlexusContainer.java:265)
	at org.codehaus.plexus.DefaultPlexusContainer.lookup(DefaultPlexusContainer.java:257)
	at org.apache.maven.plugin.internal.DefaultMavenPluginManager.getConfiguredMojo(DefaultMavenPluginManager.java:491)
	at org.eclipse.m2e.core.internal.embedder.MavenImpl.getConfiguredMojo(MavenImpl.java:206)
	at org.eclipse.m2e.mavenarchiver.internal.AbstractMavenArchiverConfigurator.reflectManifestGeneration(AbstractMavenArchiverConfigurator.java:439)
	at org.eclipse.m2e.mavenarchiver.internal.AbstractMavenArchiverConfigurator.lambda$3(AbstractMavenArchiverConfigurator.java:398)
	at org.eclipse.m2e.core.internal.embedder.MavenExecutionContext.executeBare(MavenExecutionContext.java:458)
	at org.eclipse.m2e.core.internal.embedder.MavenExecutionContext.execute(MavenExecutionContext.java:339)
	at org.eclipse.m2e.core.internal.embedder.MavenExecutionContext.execute(MavenExecutionContext.java:278)
	at org.eclipse.m2e.mavenarchiver.internal.AbstractMavenArchiverConfigurator.generateManifest(AbstractMavenArchiverConfigurator.java:371)
	at org.eclipse.m2e.mavenarchiver.internal.AbstractMavenArchiverConfigurator.mavenProjectChanged(AbstractMavenArchiverConfigurator.java:228)
	at org.eclipse.m2e.mavenarchiver.internal.AbstractMavenArchiverConfigurator$1.build(AbstractMavenArchiverConfigurator.java:178)
	at org.eclipse.m2e.core.internal.builder.MavenBuilderImpl.lambda$2(MavenBuilderImpl.java:159)
	at java.base/java.util.LinkedHashMap.forEach(LinkedHashMap.java:986)
	at org.eclipse.m2e.core.internal.builder.MavenBuilderImpl.build(MavenBuilderImpl.java:139)
	at org.eclipse.m2e.core.internal.builder.MavenBuilder$1.method(MavenBuilder.java:164)
	at org.eclipse.m2e.core.internal.builder.MavenBuilder$1.method(MavenBuilder.java:1)
	at org.eclipse.m2e.core.internal.builder.MavenBuilder$BuildMethod.lambda$1(MavenBuilder.java:109)
	at org.eclipse.m2e.core.internal.embedder.MavenExecutionContext.executeBare(MavenExecutionContext.java:458)
	at org.eclipse.m2e.core.internal.embedder.MavenExecutionContext.execute(MavenExecutionContext.java:292)
	at org.eclipse.m2e.core.internal.builder.MavenBuilder$BuildMethod.lambda$0(MavenBuilder.java:100)
	at org.eclipse.m2e.core.internal.embedder.MavenExecutionContext.executeBare(MavenExecutionContext.java:458)
	at org.eclipse.m2e.core.internal.embedder.MavenExecutionContext.execute(MavenExecutionContext.java:339)
	at org.eclipse.m2e.core.internal.embedder.MavenExecutionContext.execute(MavenExecutionContext.java:278)
	at org.eclipse.m2e.core.internal.builder.MavenBuilder$BuildMethod.execute(MavenBuilder.java:83)
	at org.eclipse.m2e.core.internal.builder.MavenBuilder.build(MavenBuilder.java:192)
	at org.eclipse.core.internal.events.BuildManager$2.run(BuildManager.java:1077)
	at org.eclipse.core.runtime.SafeRunner.run(SafeRunner.java:47)
	at org.eclipse.core.internal.events.BuildManager.basicBuild(BuildManager.java:296)
	at org.eclipse.core.internal.events.BuildManager.basicBuild(BuildManager.java:352)
	at org.eclipse.core.internal.events.BuildManager$1.run(BuildManager.java:441)
	at org.eclipse.core.runtime.SafeRunner.run(SafeRunner.java:47)
	at org.eclipse.core.internal.events.BuildManager.basicBuild(BuildManager.java:444)
	at org.eclipse.core.internal.events.BuildManager.basicBuildLoop(BuildManager.java:555)
	at org.eclipse.core.internal.events.BuildManager.basicBuildLoop(BuildManager.java:503)
	at org.eclipse.core.internal.events.BuildManager.build(BuildManager.java:585)
	at org.eclipse.core.internal.events.AutoBuildJob.doBuild(AutoBuildJob.java:207)
	at org.eclipse.core.internal.events.AutoBuildJob.run(AutoBuildJob.java:300)
	at org.eclipse.core.internal.jobs.Worker.run(Worker.java:63)
Caused by: com.google.inject.OutOfScopeException: Cannot access Key[type=org.apache.maven.project.MavenProject, annotation=[none]] outside of a scoping block
	at org.apache.maven.execution.scope.internal.MojoExecutionScope$2.get(MojoExecutionScope.java:99)
	at com.google.inject.internal.InternalFactoryToProviderAdapter.get(InternalFactoryToProviderAdapter.java:45)
	at com.google.inject.internal.SingleParameterInjector.inject(SingleParameterInjector.java:40)
	at com.google.inject.internal.SingleParameterInjector.getAll(SingleParameterInjector.java:60)
	at com.google.inject.internal.ConstructorInjector.provision(ConstructorInjector.java:113)
	at com.google.inject.internal.ConstructorInjector.access$000(ConstructorInjector.java:33)
	at com.google.inject.internal.ConstructorInjector$1.call(ConstructorInjector.java:98)
	at com.google.inject.internal.ProvisionListenerStackCallback$Provision.provision(ProvisionListenerStackCallback.java:109)
	at com.google.inject.internal.ProvisionListenerStackCallback$Provision.provision(ProvisionListenerStackCallback.java:124)
	at com.google.inject.internal.ProvisionListenerStackCallback.provision(ProvisionListenerStackCallback.java:66)
	at com.google.inject.internal.ConstructorInjector.construct(ConstructorInjector.java:93)
	at com.google.inject.internal.ConstructorBindingImpl$Factory.get(ConstructorBindingImpl.java:300)
	at com.google.inject.internal.InjectorImpl$1.get(InjectorImpl.java:1101)
	... 53 common frames omitted
2026-09-04 20:56:54,860 [Worker-34: Building] INFO  o.a.m.s.f.DefaultMavenResourcesFiltering - Copying 0 resource from src\main\resources to target\classes
2026-09-04 20:56:54,864 [Worker-34: Building] INFO  o.a.m.s.f.DefaultMavenResourcesFiltering - Copying 0 resource from src\main\resources to target\classes
2026-09-04 20:56:54,876 [Worker-34: Building] INFO  o.a.m.s.f.DefaultMavenResourcesFiltering - skip non existing resourceDirectory C:\Users\Abdul Rahman\OneDrive\Desktop\roshan\Payment Gateway Integration\User-Service\user-service\src\test\resources
2026-09-04 20:56:54,907 [Worker-34: Building] WARN  Sisu - Error injecting: org.apache.maven.plugins.jar.JarMojo
com.google.inject.ProvisionException: Unable to provision, see the following errors:

1) [Guice/ErrorInCustomProvider]: OutOfScopeException: Cannot access Key[type=MavenProject, annotation=[none]] outside of a scoping block
  at MojoExecutionScopeModule.configure(MojoExecutionScopeModule.java:47)
      \_ installed by: WireModule -> MojoExecutionScopeModule
  at JarMojo.<init>(JarMojo.java:72)
      \_ for 1st parameter
  while locating JarMojo

Learn more:
  https://github.com/google/guice/wiki/ERROR_IN_CUSTOM_PROVIDER

1 error

======================
Full classname legend:
======================
JarMojo:                  "org.apache.maven.plugins.jar.JarMojo"
MavenProject:             "org.apache.maven.project.MavenProject"
MojoExecutionScopeModule: "org.apache.maven.execution.scope.internal.MojoExecutionScopeModule"
OutOfScopeException:      "com.google.inject.OutOfScopeException"
WireModule:               "org.eclipse.sisu.wire.WireModule"
========================
End of classname legend:
========================

	at com.google.inject.internal.InternalProvisionException.toProvisionException(InternalProvisionException.java:251)
	at com.google.inject.internal.InjectorImpl$1.get(InjectorImpl.java:1104)
	at com.google.inject.internal.InjectorImpl.getInstance(InjectorImpl.java:1139)
	at org.eclipse.sisu.space.AbstractDeferredClass.get(AbstractDeferredClass.java:50)
	at com.google.inject.internal.ProviderInternalFactory.provision(ProviderInternalFactory.java:86)
	at com.google.inject.internal.InternalFactoryToInitializableAdapter.provision(InternalFactoryToInitializableAdapter.java:57)
	at com.google.inject.internal.ProviderInternalFactory$1.call(ProviderInternalFactory.java:67)
	at com.google.inject.internal.ProvisionListenerStackCallback$Provision.provision(ProvisionListenerStackCallback.java:109)
	at com.google.inject.internal.ProvisionListenerStackCallback$Provision.provision(ProvisionListenerStackCallback.java:124)
	at com.google.inject.internal.ProvisionListenerStackCallback.provision(ProvisionListenerStackCallback.java:66)
	at com.google.inject.internal.ProviderInternalFactory.circularGet(ProviderInternalFactory.java:62)
	at com.google.inject.internal.InternalFactoryToInitializableAdapter.get(InternalFactoryToInitializableAdapter.java:47)
	at com.google.inject.internal.InjectorImpl$1.get(InjectorImpl.java:1101)
	at org.eclipse.sisu.inject.Guice4$2.get(Guice4.java:235)
	at org.eclipse.sisu.inject.LazyBeanEntry.getValue(LazyBeanEntry.java:83)
	at org.eclipse.sisu.plexus.LazyPlexusBean.getValue(LazyPlexusBean.java:53)
	at org.codehaus.plexus.DefaultPlexusContainer.lookup(DefaultPlexusContainer.java:265)
	at org.codehaus.plexus.DefaultPlexusContainer.lookup(DefaultPlexusContainer.java:257)
	at org.apache.maven.plugin.internal.DefaultMavenPluginManager.getConfiguredMojo(DefaultMavenPluginManager.java:491)
	at org.eclipse.m2e.core.internal.embedder.MavenImpl.getConfiguredMojo(MavenImpl.java:206)
	at org.eclipse.m2e.mavenarchiver.internal.AbstractMavenArchiverConfigurator.reflectManifestGeneration(AbstractMavenArchiverConfigurator.java:439)
	at org.eclipse.m2e.mavenarchiver.internal.AbstractMavenArchiverConfigurator.lambda$3(AbstractMavenArchiverConfigurator.java:398)
	at org.eclipse.m2e.core.internal.embedder.MavenExecutionContext.executeBare(MavenExecutionContext.java:458)
	at org.eclipse.m2e.core.internal.embedder.MavenExecutionContext.execute(MavenExecutionContext.java:339)
	at org.eclipse.m2e.core.internal.embedder.MavenExecutionContext.execute(MavenExecutionContext.java:278)
	at org.eclipse.m2e.mavenarchiver.internal.AbstractMavenArchiverConfigurator.generateManifest(AbstractMavenArchiverConfigurator.java:371)
	at org.eclipse.m2e.mavenarchiver.internal.AbstractMavenArchiverConfigurator.mavenProjectChanged(AbstractMavenArchiverConfigurator.java:228)
	at org.eclipse.m2e.mavenarchiver.internal.AbstractMavenArchiverConfigurator$1.build(AbstractMavenArchiverConfigurator.java:178)
	at org.eclipse.m2e.core.internal.builder.MavenBuilderImpl.lambda$2(MavenBuilderImpl.java:159)
	at java.base/java.util.LinkedHashMap.forEach(LinkedHashMap.java:986)
	at org.eclipse.m2e.core.internal.builder.MavenBuilderImpl.build(MavenBuilderImpl.java:139)
	at org.eclipse.m2e.core.internal.builder.MavenBuilder$1.method(MavenBuilder.java:164)
	at org.eclipse.m2e.core.internal.builder.MavenBuilder$1.method(MavenBuilder.java:1)
	at org.eclipse.m2e.core.internal.builder.MavenBuilder$BuildMethod.lambda$1(MavenBuilder.java:109)
	at org.eclipse.m2e.core.internal.embedder.MavenExecutionContext.executeBare(MavenExecutionContext.java:458)
	at org.eclipse.m2e.core.internal.embedder.MavenExecutionContext.execute(MavenExecutionContext.java:292)
	at org.eclipse.m2e.core.internal.builder.MavenBuilder$BuildMethod.lambda$0(MavenBuilder.java:100)
	at org.eclipse.m2e.core.internal.embedder.MavenExecutionContext.executeBare(MavenExecutionContext.java:458)
	at org.eclipse.m2e.core.internal.embedder.MavenExecutionContext.execute(MavenExecutionContext.java:339)
	at org.eclipse.m2e.core.internal.embedder.MavenExecutionContext.execute(MavenExecutionContext.java:278)
	at org.eclipse.m2e.core.internal.builder.MavenBuilder$BuildMethod.execute(MavenBuilder.java:83)
	at org.eclipse.m2e.core.internal.builder.MavenBuilder.build(MavenBuilder.java:192)
	at org.eclipse.core.internal.events.BuildManager$2.run(BuildManager.java:1077)
	at org.eclipse.core.runtime.SafeRunner.run(SafeRunner.java:47)
	at org.eclipse.core.internal.events.BuildManager.basicBuild(BuildManager.java:296)
	at org.eclipse.core.internal.events.BuildManager.basicBuild(BuildManager.java:352)
	at org.eclipse.core.internal.events.BuildManager$1.run(BuildManager.java:441)
	at org.eclipse.core.runtime.SafeRunner.run(SafeRunner.java:47)
	at org.eclipse.core.internal.events.BuildManager.basicBuild(BuildManager.java:444)
	at org.eclipse.core.internal.events.BuildManager.basicBuildLoop(BuildManager.java:555)
	at org.eclipse.core.internal.events.BuildManager.basicBuildLoop(BuildManager.java:503)
	at org.eclipse.core.internal.events.BuildManager.build(BuildManager.java:585)
	at org.eclipse.core.internal.events.AutoBuildJob.doBuild(AutoBuildJob.java:207)
	at org.eclipse.core.internal.events.AutoBuildJob.run(AutoBuildJob.java:300)
	at org.eclipse.core.internal.jobs.Worker.run(Worker.java:63)
Caused by: com.google.inject.OutOfScopeException: Cannot access Key[type=org.apache.maven.project.MavenProject, annotation=[none]] outside of a scoping block
	at org.apache.maven.execution.scope.internal.MojoExecutionScope$2.get(MojoExecutionScope.java:99)
	at com.google.inject.internal.InternalFactoryToProviderAdapter.get(InternalFactoryToProviderAdapter.java:45)
	at com.google.inject.internal.SingleParameterInjector.inject(SingleParameterInjector.java:40)
	at com.google.inject.internal.SingleParameterInjector.getAll(SingleParameterInjector.java:60)
	at com.google.inject.internal.ConstructorInjector.provision(ConstructorInjector.java:113)
	at com.google.inject.internal.ConstructorInjector.access$000(ConstructorInjector.java:33)
	at com.google.inject.internal.ConstructorInjector$1.call(ConstructorInjector.java:98)
	at com.google.inject.internal.ProvisionListenerStackCallback$Provision.provision(ProvisionListenerStackCallback.java:109)
	at com.google.inject.internal.ProvisionListenerStackCallback$Provision.provision(ProvisionListenerStackCallback.java:124)
	at com.google.inject.internal.ProvisionListenerStackCallback.provision(ProvisionListenerStackCallback.java:66)
	at com.google.inject.internal.ConstructorInjector.construct(ConstructorInjector.java:93)
	at com.google.inject.internal.ConstructorBindingImpl$Factory.get(ConstructorBindingImpl.java:300)
	at com.google.inject.internal.InjectorImpl$1.get(InjectorImpl.java:1101)
	... 53 common frames omitted
2026-09-04 21:00:23,915 [Worker-35: Building] INFO  o.a.m.s.f.DefaultMavenResourcesFiltering - Copying 0 resource from src\main\resources to target\classes
2026-09-04 21:00:23,925 [Worker-35: Building] INFO  o.a.m.s.f.DefaultMavenResourcesFiltering - Copying 0 resource from src\main\resources to target\classes
2026-09-04 21:00:23,935 [Worker-35: Building] INFO  o.a.m.s.f.DefaultMavenResourcesFiltering - skip non existing resourceDirectory C:\Users\Abdul Rahman\OneDrive\Desktop\roshan\Payment Gateway Integration\User-Service\user-service\src\test\resources
2026-09-04 21:00:23,961 [Worker-35: Building] WARN  Sisu - Error injecting: org.apache.maven.plugins.jar.JarMojo
com.google.inject.ProvisionException: Unable to provision, see the following errors:

1) [Guice/ErrorInCustomProvider]: OutOfScopeException: Cannot access Key[type=MavenProject, annotation=[none]] outside of a scoping block
  at MojoExecutionScopeModule.configure(MojoExecutionScopeModule.java:47)
      \_ installed by: WireModule -> MojoExecutionScopeModule
  at JarMojo.<init>(JarMojo.java:72)
      \_ for 1st parameter
  while locating JarMojo

Learn more:
  https://github.com/google/guice/wiki/ERROR_IN_CUSTOM_PROVIDER

1 error

======================
Full classname legend:
======================
JarMojo:                  "org.apache.maven.plugins.jar.JarMojo"
MavenProject:             "org.apache.maven.project.MavenProject"
MojoExecutionScopeModule: "org.apache.maven.execution.scope.internal.MojoExecutionScopeModule"
OutOfScopeException:      "com.google.inject.OutOfScopeException"
WireModule:               "org.eclipse.sisu.wire.WireModule"
========================
End of classname legend:
========================

	at com.google.inject.internal.InternalProvisionException.toProvisionException(InternalProvisionException.java:251)
	at com.google.inject.internal.InjectorImpl$1.get(InjectorImpl.java:1104)
	at com.google.inject.internal.InjectorImpl.getInstance(InjectorImpl.java:1139)
	at org.eclipse.sisu.space.AbstractDeferredClass.get(AbstractDeferredClass.java:50)
	at com.google.inject.internal.ProviderInternalFactory.provision(ProviderInternalFactory.java:86)
	at com.google.inject.internal.InternalFactoryToInitializableAdapter.provision(InternalFactoryToInitializableAdapter.java:57)
	at com.google.inject.internal.ProviderInternalFactory$1.call(ProviderInternalFactory.java:67)
	at com.google.inject.internal.ProvisionListenerStackCallback$Provision.provision(ProvisionListenerStackCallback.java:109)
	at com.google.inject.internal.ProvisionListenerStackCallback$Provision.provision(ProvisionListenerStackCallback.java:124)
	at com.google.inject.internal.ProvisionListenerStackCallback.provision(ProvisionListenerStackCallback.java:66)
	at com.google.inject.internal.ProviderInternalFactory.circularGet(ProviderInternalFactory.java:62)
	at com.google.inject.internal.InternalFactoryToInitializableAdapter.get(InternalFactoryToInitializableAdapter.java:47)
	at com.google.inject.internal.InjectorImpl$1.get(InjectorImpl.java:1101)
	at org.eclipse.sisu.inject.Guice4$2.get(Guice4.java:235)
	at org.eclipse.sisu.inject.LazyBeanEntry.getValue(LazyBeanEntry.java:83)
	at org.eclipse.sisu.plexus.LazyPlexusBean.getValue(LazyPlexusBean.java:53)
	at org.codehaus.plexus.DefaultPlexusContainer.lookup(DefaultPlexusContainer.java:265)
	at org.codehaus.plexus.DefaultPlexusContainer.lookup(DefaultPlexusContainer.java:257)
	at org.apache.maven.plugin.internal.DefaultMavenPluginManager.getConfiguredMojo(DefaultMavenPluginManager.java:491)
	at org.eclipse.m2e.core.internal.embedder.MavenImpl.getConfiguredMojo(MavenImpl.java:206)
	at org.eclipse.m2e.mavenarchiver.internal.AbstractMavenArchiverConfigurator.reflectManifestGeneration(AbstractMavenArchiverConfigurator.java:439)
	at org.eclipse.m2e.mavenarchiver.internal.AbstractMavenArchiverConfigurator.lambda$3(AbstractMavenArchiverConfigurator.java:398)
	at org.eclipse.m2e.core.internal.embedder.MavenExecutionContext.executeBare(MavenExecutionContext.java:458)
	at org.eclipse.m2e.core.internal.embedder.MavenExecutionContext.execute(MavenExecutionContext.java:339)
	at org.eclipse.m2e.core.internal.embedder.MavenExecutionContext.execute(MavenExecutionContext.java:278)
	at org.eclipse.m2e.mavenarchiver.internal.AbstractMavenArchiverConfigurator.generateManifest(AbstractMavenArchiverConfigurator.java:371)
	at org.eclipse.m2e.mavenarchiver.internal.AbstractMavenArchiverConfigurator.mavenProjectChanged(AbstractMavenArchiverConfigurator.java:228)
	at org.eclipse.m2e.mavenarchiver.internal.AbstractMavenArchiverConfigurator$1.build(AbstractMavenArchiverConfigurator.java:178)
	at org.eclipse.m2e.core.internal.builder.MavenBuilderImpl.lambda$2(MavenBuilderImpl.java:159)
	at java.base/java.util.LinkedHashMap.forEach(LinkedHashMap.java:986)
	at org.eclipse.m2e.core.internal.builder.MavenBuilderImpl.build(MavenBuilderImpl.java:139)
	at org.eclipse.m2e.core.internal.builder.MavenBuilder$1.method(MavenBuilder.java:164)
	at org.eclipse.m2e.core.internal.builder.MavenBuilder$1.method(MavenBuilder.java:1)
	at org.eclipse.m2e.core.internal.builder.MavenBuilder$BuildMethod.lambda$1(MavenBuilder.java:109)
	at org.eclipse.m2e.core.internal.embedder.MavenExecutionContext.executeBare(MavenExecutionContext.java:458)
	at org.eclipse.m2e.core.internal.embedder.MavenExecutionContext.execute(MavenExecutionContext.java:292)
	at org.eclipse.m2e.core.internal.builder.MavenBuilder$BuildMethod.lambda$0(MavenBuilder.java:100)
	at org.eclipse.m2e.core.internal.embedder.MavenExecutionContext.executeBare(MavenExecutionContext.java:458)
	at org.eclipse.m2e.core.internal.embedder.MavenExecutionContext.execute(MavenExecutionContext.java:339)
	at org.eclipse.m2e.core.internal.embedder.MavenExecutionContext.execute(MavenExecutionContext.java:278)
	at org.eclipse.m2e.core.internal.builder.MavenBuilder$BuildMethod.execute(MavenBuilder.java:83)
	at org.eclipse.m2e.core.internal.builder.MavenBuilder.build(MavenBuilder.java:192)
	at org.eclipse.core.internal.events.BuildManager$2.run(BuildManager.java:1077)
	at org.eclipse.core.runtime.SafeRunner.run(SafeRunner.java:47)
	at org.eclipse.core.internal.events.BuildManager.basicBuild(BuildManager.java:296)
	at org.eclipse.core.internal.events.BuildManager.basicBuild(BuildManager.java:352)
	at org.eclipse.core.internal.events.BuildManager$1.run(BuildManager.java:441)
	at org.eclipse.core.runtime.SafeRunner.run(SafeRunner.java:47)
	at org.eclipse.core.internal.events.BuildManager.basicBuild(BuildManager.java:444)
	at org.eclipse.core.internal.events.BuildManager.basicBuildLoop(BuildManager.java:555)
	at org.eclipse.core.internal.events.BuildManager.basicBuildLoop(BuildManager.java:503)
	at org.eclipse.core.internal.events.BuildManager.build(BuildManager.java:585)
	at org.eclipse.core.internal.events.AutoBuildJob.doBuild(AutoBuildJob.java:207)
	at org.eclipse.core.internal.events.AutoBuildJob.run(AutoBuildJob.java:300)
	at org.eclipse.core.internal.jobs.Worker.run(Worker.java:63)
Caused by: com.google.inject.OutOfScopeException: Cannot access Key[type=org.apache.maven.project.MavenProject, annotation=[none]] outside of a scoping block
	at org.apache.maven.execution.scope.internal.MojoExecutionScope$2.get(MojoExecutionScope.java:99)
	at com.google.inject.internal.InternalFactoryToProviderAdapter.get(InternalFactoryToProviderAdapter.java:45)
	at com.google.inject.internal.SingleParameterInjector.inject(SingleParameterInjector.java:40)
	at com.google.inject.internal.SingleParameterInjector.getAll(SingleParameterInjector.java:60)
	at com.google.inject.internal.ConstructorInjector.provision(ConstructorInjector.java:113)
	at com.google.inject.internal.ConstructorInjector.access$000(ConstructorInjector.java:33)
	at com.google.inject.internal.ConstructorInjector$1.call(ConstructorInjector.java:98)
	at com.google.inject.internal.ProvisionListenerStackCallback$Provision.provision(ProvisionListenerStackCallback.java:109)
	at com.google.inject.internal.ProvisionListenerStackCallback$Provision.provision(ProvisionListenerStackCallback.java:124)
	at com.google.inject.internal.ProvisionListenerStackCallback.provision(ProvisionListenerStackCallback.java:66)
	at com.google.inject.internal.ConstructorInjector.construct(ConstructorInjector.java:93)
	at com.google.inject.internal.ConstructorBindingImpl$Factory.get(ConstructorBindingImpl.java:300)
	at com.google.inject.internal.InjectorImpl$1.get(InjectorImpl.java:1101)
	... 53 common frames omitted
2026-09-04 21:19:41,017 [Worker-35: Building] INFO  o.a.m.s.f.DefaultMavenResourcesFiltering - Copying 0 resource from src\main\resources to target\classes
2026-09-04 21:19:41,021 [Worker-35: Building] INFO  o.a.m.s.f.DefaultMavenResourcesFiltering - Copying 0 resource from src\main\resources to target\classes
2026-09-04 21:19:41,030 [Worker-35: Building] INFO  o.a.m.s.f.DefaultMavenResourcesFiltering - skip non existing resourceDirectory C:\Users\Abdul Rahman\OneDrive\Desktop\roshan\Payment Gateway Integration\User-Service\user-service\src\test\resources
2026-09-04 21:19:41,054 [Worker-35: Building] WARN  Sisu - Error injecting: org.apache.maven.plugins.jar.JarMojo
com.google.inject.ProvisionException: Unable to provision, see the following errors:

1) [Guice/ErrorInCustomProvider]: OutOfScopeException: Cannot access Key[type=MavenProject, annotation=[none]] outside of a scoping block
  at MojoExecutionScopeModule.configure(MojoExecutionScopeModule.java:47)
      \_ installed by: WireModule -> MojoExecutionScopeModule
  at JarMojo.<init>(JarMojo.java:72)
      \_ for 1st parameter
  while locating JarMojo

Learn more:
  https://github.com/google/guice/wiki/ERROR_IN_CUSTOM_PROVIDER

1 error

======================
Full classname legend:
======================
JarMojo:                  "org.apache.maven.plugins.jar.JarMojo"
MavenProject:             "org.apache.maven.project.MavenProject"
MojoExecutionScopeModule: "org.apache.maven.execution.scope.internal.MojoExecutionScopeModule"
OutOfScopeException:      "com.google.inject.OutOfScopeException"
WireModule:               "org.eclipse.sisu.wire.WireModule"
========================
End of classname legend:
========================

	at com.google.inject.internal.InternalProvisionException.toProvisionException(InternalProvisionException.java:251)
	at com.google.inject.internal.InjectorImpl$1.get(InjectorImpl.java:1104)
	at com.google.inject.internal.InjectorImpl.getInstance(InjectorImpl.java:1139)
	at org.eclipse.sisu.space.AbstractDeferredClass.get(AbstractDeferredClass.java:50)
	at com.google.inject.internal.ProviderInternalFactory.provision(ProviderInternalFactory.java:86)
	at com.google.inject.internal.InternalFactoryToInitializableAdapter.provision(InternalFactoryToInitializableAdapter.java:57)
	at com.google.inject.internal.ProviderInternalFactory$1.call(ProviderInternalFactory.java:67)
	at com.google.inject.internal.ProvisionListenerStackCallback$Provision.provision(ProvisionListenerStackCallback.java:109)
	at com.google.inject.internal.ProvisionListenerStackCallback$Provision.provision(ProvisionListenerStackCallback.java:124)
	at com.google.inject.internal.ProvisionListenerStackCallback.provision(ProvisionListenerStackCallback.java:66)
	at com.google.inject.internal.ProviderInternalFactory.circularGet(ProviderInternalFactory.java:62)
	at com.google.inject.internal.InternalFactoryToInitializableAdapter.get(InternalFactoryToInitializableAdapter.java:47)
	at com.google.inject.internal.InjectorImpl$1.get(InjectorImpl.java:1101)
	at org.eclipse.sisu.inject.Guice4$2.get(Guice4.java:235)
	at org.eclipse.sisu.inject.LazyBeanEntry.getValue(LazyBeanEntry.java:83)
	at org.eclipse.sisu.plexus.LazyPlexusBean.getValue(LazyPlexusBean.java:53)
	at org.codehaus.plexus.DefaultPlexusContainer.lookup(DefaultPlexusContainer.java:265)
	at org.codehaus.plexus.DefaultPlexusContainer.lookup(DefaultPlexusContainer.java:257)
	at org.apache.maven.plugin.internal.DefaultMavenPluginManager.getConfiguredMojo(DefaultMavenPluginManager.java:491)
	at org.eclipse.m2e.core.internal.embedder.MavenImpl.getConfiguredMojo(MavenImpl.java:206)
	at org.eclipse.m2e.mavenarchiver.internal.AbstractMavenArchiverConfigurator.reflectManifestGeneration(AbstractMavenArchiverConfigurator.java:439)
	at org.eclipse.m2e.mavenarchiver.internal.AbstractMavenArchiverConfigurator.lambda$3(AbstractMavenArchiverConfigurator.java:398)
	at org.eclipse.m2e.core.internal.embedder.MavenExecutionContext.executeBare(MavenExecutionContext.java:458)
	at org.eclipse.m2e.core.internal.embedder.MavenExecutionContext.execute(MavenExecutionContext.java:339)
	at org.eclipse.m2e.core.internal.embedder.MavenExecutionContext.execute(MavenExecutionContext.java:278)
	at org.eclipse.m2e.mavenarchiver.internal.AbstractMavenArchiverConfigurator.generateManifest(AbstractMavenArchiverConfigurator.java:371)
	at org.eclipse.m2e.mavenarchiver.internal.AbstractMavenArchiverConfigurator.mavenProjectChanged(AbstractMavenArchiverConfigurator.java:228)
	at org.eclipse.m2e.mavenarchiver.internal.AbstractMavenArchiverConfigurator$1.build(AbstractMavenArchiverConfigurator.java:178)
	at org.eclipse.m2e.core.internal.builder.MavenBuilderImpl.lambda$2(MavenBuilderImpl.java:159)
	at java.base/java.util.LinkedHashMap.forEach(LinkedHashMap.java:986)
	at org.eclipse.m2e.core.internal.builder.MavenBuilderImpl.build(MavenBuilderImpl.java:139)
	at org.eclipse.m2e.core.internal.builder.MavenBuilder$1.method(MavenBuilder.java:164)
	at org.eclipse.m2e.core.internal.builder.MavenBuilder$1.method(MavenBuilder.java:1)
	at org.eclipse.m2e.core.internal.builder.MavenBuilder$BuildMethod.lambda$1(MavenBuilder.java:109)
	at org.eclipse.m2e.core.internal.embedder.MavenExecutionContext.executeBare(MavenExecutionContext.java:458)
	at org.eclipse.m2e.core.internal.embedder.MavenExecutionContext.execute(MavenExecutionContext.java:292)
	at org.eclipse.m2e.core.internal.builder.MavenBuilder$BuildMethod.lambda$0(MavenBuilder.java:100)
	at org.eclipse.m2e.core.internal.embedder.MavenExecutionContext.executeBare(MavenExecutionContext.java:458)
	at org.eclipse.m2e.core.internal.embedder.MavenExecutionContext.execute(MavenExecutionContext.java:339)
	at org.eclipse.m2e.core.internal.embedder.MavenExecutionContext.execute(MavenExecutionContext.java:278)
	at org.eclipse.m2e.core.internal.builder.MavenBuilder$BuildMethod.execute(MavenBuilder.java:83)
	at org.eclipse.m2e.core.internal.builder.MavenBuilder.build(MavenBuilder.java:192)
	at org.eclipse.core.internal.events.BuildManager$2.run(BuildManager.java:1077)
	at org.eclipse.core.runtime.SafeRunner.run(SafeRunner.java:47)
	at org.eclipse.core.internal.events.BuildManager.basicBuild(BuildManager.java:296)
	at org.eclipse.core.internal.events.BuildManager.basicBuild(BuildManager.java:352)
	at org.eclipse.core.internal.events.BuildManager$1.run(BuildManager.java:441)
	at org.eclipse.core.runtime.SafeRunner.run(SafeRunner.java:47)
	at org.eclipse.core.internal.events.BuildManager.basicBuild(BuildManager.java:444)
	at org.eclipse.core.internal.events.BuildManager.basicBuildLoop(BuildManager.java:555)
	at org.eclipse.core.internal.events.BuildManager.basicBuildLoop(BuildManager.java:503)
	at org.eclipse.core.internal.events.BuildManager.build(BuildManager.java:585)
	at org.eclipse.core.internal.events.AutoBuildJob.doBuild(AutoBuildJob.java:207)
	at org.eclipse.core.internal.events.AutoBuildJob.run(AutoBuildJob.java:300)
	at org.eclipse.core.internal.jobs.Worker.run(Worker.java:63)
Caused by: com.google.inject.OutOfScopeException: Cannot access Key[type=org.apache.maven.project.MavenProject, annotation=[none]] outside of a scoping block
	at org.apache.maven.execution.scope.internal.MojoExecutionScope$2.get(MojoExecutionScope.java:99)
	at com.google.inject.internal.InternalFactoryToProviderAdapter.get(InternalFactoryToProviderAdapter.java:45)
	at com.google.inject.internal.SingleParameterInjector.inject(SingleParameterInjector.java:40)
	at com.google.inject.internal.SingleParameterInjector.getAll(SingleParameterInjector.java:60)
	at com.google.inject.internal.ConstructorInjector.provision(ConstructorInjector.java:113)
	at com.google.inject.internal.ConstructorInjector.access$000(ConstructorInjector.java:33)
	at com.google.inject.internal.ConstructorInjector$1.call(ConstructorInjector.java:98)
	at com.google.inject.internal.ProvisionListenerStackCallback$Provision.provision(ProvisionListenerStackCallback.java:109)
	at com.google.inject.internal.ProvisionListenerStackCallback$Provision.provision(ProvisionListenerStackCallback.java:124)
	at com.google.inject.internal.ProvisionListenerStackCallback.provision(ProvisionListenerStackCallback.java:66)
	at com.google.inject.internal.ConstructorInjector.construct(ConstructorInjector.java:93)
	at com.google.inject.internal.ConstructorBindingImpl$Factory.get(ConstructorBindingImpl.java:300)
	at com.google.inject.internal.InjectorImpl$1.get(InjectorImpl.java:1101)
	... 53 common frames omitted
2026-09-04 23:09:46,572 [Worker-40: Building] INFO  o.a.m.s.f.DefaultMavenResourcesFiltering - Copying 0 resource from src\main\resources to target\classes
2026-09-04 23:09:46,574 [Worker-40: Building] INFO  o.a.m.s.f.DefaultMavenResourcesFiltering - Copying 0 resource from src\main\resources to target\classes
2026-09-04 23:09:46,576 [Worker-40: Building] INFO  o.a.m.s.f.DefaultMavenResourcesFiltering - skip non existing resourceDirectory C:\Users\Abdul Rahman\OneDrive\Desktop\roshan\Payment Gateway Integration\User-Service\user-service\src\test\resources
2026-09-04 23:09:46,583 [Worker-40: Building] WARN  Sisu - Error injecting: org.apache.maven.plugins.jar.JarMojo
com.google.inject.ProvisionException: Unable to provision, see the following errors:

1) [Guice/ErrorInCustomProvider]: OutOfScopeException: Cannot access Key[type=MavenProject, annotation=[none]] outside of a scoping block
  at MojoExecutionScopeModule.configure(MojoExecutionScopeModule.java:47)
      \_ installed by: WireModule -> MojoExecutionScopeModule
  at JarMojo.<init>(JarMojo.java:72)
      \_ for 1st parameter
  while locating JarMojo

Learn more:
  https://github.com/google/guice/wiki/ERROR_IN_CUSTOM_PROVIDER

1 error

======================
Full classname legend:
======================
JarMojo:                  "org.apache.maven.plugins.jar.JarMojo"
MavenProject:             "org.apache.maven.project.MavenProject"
MojoExecutionScopeModule: "org.apache.maven.execution.scope.internal.MojoExecutionScopeModule"
OutOfScopeException:      "com.google.inject.OutOfScopeException"
WireModule:               "org.eclipse.sisu.wire.WireModule"
========================
End of classname legend:
========================

	at com.google.inject.internal.InternalProvisionException.toProvisionException(InternalProvisionException.java:251)
	at com.google.inject.internal.InjectorImpl$1.get(InjectorImpl.java:1104)
	at com.google.inject.internal.InjectorImpl.getInstance(InjectorImpl.java:1139)
	at org.eclipse.sisu.space.AbstractDeferredClass.get(AbstractDeferredClass.java:50)
	at com.google.inject.internal.ProviderInternalFactory.provision(ProviderInternalFactory.java:86)
	at com.google.inject.internal.InternalFactoryToInitializableAdapter.provision(InternalFactoryToInitializableAdapter.java:57)
	at com.google.inject.internal.ProviderInternalFactory$1.call(ProviderInternalFactory.java:67)
	at com.google.inject.internal.ProvisionListenerStackCallback$Provision.provision(ProvisionListenerStackCallback.java:109)
	at com.google.inject.internal.ProvisionListenerStackCallback$Provision.provision(ProvisionListenerStackCallback.java:124)
	at com.google.inject.internal.ProvisionListenerStackCallback.provision(ProvisionListenerStackCallback.java:66)
	at com.google.inject.internal.ProviderInternalFactory.circularGet(ProviderInternalFactory.java:62)
	at com.google.inject.internal.InternalFactoryToInitializableAdapter.get(InternalFactoryToInitializableAdapter.java:47)
	at com.google.inject.internal.InjectorImpl$1.get(InjectorImpl.java:1101)
	at org.eclipse.sisu.inject.Guice4$2.get(Guice4.java:235)
	at org.eclipse.sisu.inject.LazyBeanEntry.getValue(LazyBeanEntry.java:83)
	at org.eclipse.sisu.plexus.LazyPlexusBean.getValue(LazyPlexusBean.java:53)
	at org.codehaus.plexus.DefaultPlexusContainer.lookup(DefaultPlexusContainer.java:265)
	at org.codehaus.plexus.DefaultPlexusContainer.lookup(DefaultPlexusContainer.java:257)
	at org.apache.maven.plugin.internal.DefaultMavenPluginManager.getConfiguredMojo(DefaultMavenPluginManager.java:491)
	at org.eclipse.m2e.core.internal.embedder.MavenImpl.getConfiguredMojo(MavenImpl.java:206)
	at org.eclipse.m2e.mavenarchiver.internal.AbstractMavenArchiverConfigurator.reflectManifestGeneration(AbstractMavenArchiverConfigurator.java:439)
	at org.eclipse.m2e.mavenarchiver.internal.AbstractMavenArchiverConfigurator.lambda$3(AbstractMavenArchiverConfigurator.java:398)
	at org.eclipse.m2e.core.internal.embedder.MavenExecutionContext.executeBare(MavenExecutionContext.java:458)
	at org.eclipse.m2e.core.internal.embedder.MavenExecutionContext.execute(MavenExecutionContext.java:339)
	at org.eclipse.m2e.core.internal.embedder.MavenExecutionContext.execute(MavenExecutionContext.java:278)
	at org.eclipse.m2e.mavenarchiver.internal.AbstractMavenArchiverConfigurator.generateManifest(AbstractMavenArchiverConfigurator.java:371)
	at org.eclipse.m2e.mavenarchiver.internal.AbstractMavenArchiverConfigurator.mavenProjectChanged(AbstractMavenArchiverConfigurator.java:228)
	at org.eclipse.m2e.mavenarchiver.internal.AbstractMavenArchiverConfigurator$1.build(AbstractMavenArchiverConfigurator.java:178)
	at org.eclipse.m2e.core.internal.builder.MavenBuilderImpl.lambda$2(MavenBuilderImpl.java:159)
	at java.base/java.util.LinkedHashMap.forEach(LinkedHashMap.java:986)
	at org.eclipse.m2e.core.internal.builder.MavenBuilderImpl.build(MavenBuilderImpl.java:139)
	at org.eclipse.m2e.core.internal.builder.MavenBuilder$1.method(MavenBuilder.java:164)
	at org.eclipse.m2e.core.internal.builder.MavenBuilder$1.method(MavenBuilder.java:1)
	at org.eclipse.m2e.core.internal.builder.MavenBuilder$BuildMethod.lambda$1(MavenBuilder.java:109)
	at org.eclipse.m2e.core.internal.embedder.MavenExecutionContext.executeBare(MavenExecutionContext.java:458)
	at org.eclipse.m2e.core.internal.embedder.MavenExecutionContext.execute(MavenExecutionContext.java:292)
	at org.eclipse.m2e.core.internal.builder.MavenBuilder$BuildMethod.lambda$0(MavenBuilder.java:100)
	at org.eclipse.m2e.core.internal.embedder.MavenExecutionContext.executeBare(MavenExecutionContext.java:458)
	at org.eclipse.m2e.core.internal.embedder.MavenExecutionContext.execute(MavenExecutionContext.java:339)
	at org.eclipse.m2e.core.internal.embedder.MavenExecutionContext.execute(MavenExecutionContext.java:278)
	at org.eclipse.m2e.core.internal.builder.MavenBuilder$BuildMethod.execute(MavenBuilder.java:83)
	at org.eclipse.m2e.core.internal.builder.MavenBuilder.build(MavenBuilder.java:192)
	at org.eclipse.core.internal.events.BuildManager$2.run(BuildManager.java:1077)
	at org.eclipse.core.runtime.SafeRunner.run(SafeRunner.java:47)
	at org.eclipse.core.internal.events.BuildManager.basicBuild(BuildManager.java:296)
	at org.eclipse.core.internal.events.BuildManager.basicBuild(BuildManager.java:352)
	at org.eclipse.core.internal.events.BuildManager$1.run(BuildManager.java:441)
	at org.eclipse.core.runtime.SafeRunner.run(SafeRunner.java:47)
	at org.eclipse.core.internal.events.BuildManager.basicBuild(BuildManager.java:444)
	at org.eclipse.core.internal.events.BuildManager.basicBuildLoop(BuildManager.java:555)
	at org.eclipse.core.internal.events.BuildManager.basicBuildLoop(BuildManager.java:503)
	at org.eclipse.core.internal.events.BuildManager.build(BuildManager.java:585)
	at org.eclipse.core.internal.events.AutoBuildJob.doBuild(AutoBuildJob.java:207)
	at org.eclipse.core.internal.events.AutoBuildJob.run(AutoBuildJob.java:300)
	at org.eclipse.core.internal.jobs.Worker.run(Worker.java:63)
Caused by: com.google.inject.OutOfScopeException: Cannot access Key[type=org.apache.maven.project.MavenProject, annotation=[none]] outside of a scoping block
	at org.apache.maven.execution.scope.internal.MojoExecutionScope$2.get(MojoExecutionScope.java:99)
	at com.google.inject.internal.InternalFactoryToProviderAdapter.get(InternalFactoryToProviderAdapter.java:45)
	at com.google.inject.internal.SingleParameterInjector.inject(SingleParameterInjector.java:40)
	at com.google.inject.internal.SingleParameterInjector.getAll(SingleParameterInjector.java:60)
	at com.google.inject.internal.ConstructorInjector.provision(ConstructorInjector.java:113)
	at com.google.inject.internal.ConstructorInjector.access$000(ConstructorInjector.java:33)
	at com.google.inject.internal.ConstructorInjector$1.call(ConstructorInjector.java:98)
	at com.google.inject.internal.ProvisionListenerStackCallback$Provision.provision(ProvisionListenerStackCallback.java:109)
	at com.google.inject.internal.ProvisionListenerStackCallback$Provision.provision(ProvisionListenerStackCallback.java:124)
	at com.google.inject.internal.ProvisionListenerStackCallback.provision(ProvisionListenerStackCallback.java:66)
	at com.google.inject.internal.ConstructorInjector.construct(ConstructorInjector.java:93)
	at com.google.inject.internal.ConstructorBindingImpl$Factory.get(ConstructorBindingImpl.java:300)
	at com.google.inject.internal.InjectorImpl$1.get(InjectorImpl.java:1101)
	... 53 common frames omitted
2026-09-04 23:15:49,979 [Worker-36: Building] INFO  o.a.m.s.f.DefaultMavenResourcesFiltering - Copying 1 resource from src\main\resources to target\classes
2026-09-04 23:15:49,991 [Worker-36: Building] INFO  o.a.m.s.f.DefaultMavenResourcesFiltering - Copying 0 resource from src\main\resources to target\classes
2026-09-04 23:15:49,993 [Worker-36: Building] INFO  o.a.m.s.f.DefaultMavenResourcesFiltering - skip non existing resourceDirectory C:\Users\Abdul Rahman\OneDrive\Desktop\roshan\Payment Gateway Integration\User-Service\user-service\src\test\resources
2026-09-04 23:15:50,000 [Worker-36: Building] WARN  Sisu - Error injecting: org.apache.maven.plugins.jar.JarMojo
com.google.inject.ProvisionException: Unable to provision, see the following errors:

1) [Guice/ErrorInCustomProvider]: OutOfScopeException: Cannot access Key[type=MavenProject, annotation=[none]] outside of a scoping block
  at MojoExecutionScopeModule.configure(MojoExecutionScopeModule.java:47)
      \_ installed by: WireModule -> MojoExecutionScopeModule
  at JarMojo.<init>(JarMojo.java:72)
      \_ for 1st parameter
  while locating JarMojo

Learn more:
  https://github.com/google/guice/wiki/ERROR_IN_CUSTOM_PROVIDER

1 error

======================
Full classname legend:
======================
JarMojo:                  "org.apache.maven.plugins.jar.JarMojo"
MavenProject:             "org.apache.maven.project.MavenProject"
MojoExecutionScopeModule: "org.apache.maven.execution.scope.internal.MojoExecutionScopeModule"
OutOfScopeException:      "com.google.inject.OutOfScopeException"
WireModule:               "org.eclipse.sisu.wire.WireModule"
========================
End of classname legend:
========================

	at com.google.inject.internal.InternalProvisionException.toProvisionException(InternalProvisionException.java:251)
	at com.google.inject.internal.InjectorImpl$1.get(InjectorImpl.java:1104)
	at com.google.inject.internal.InjectorImpl.getInstance(InjectorImpl.java:1139)
	at org.eclipse.sisu.space.AbstractDeferredClass.get(AbstractDeferredClass.java:50)
	at com.google.inject.internal.ProviderInternalFactory.provision(ProviderInternalFactory.java:86)
	at com.google.inject.internal.InternalFactoryToInitializableAdapter.provision(InternalFactoryToInitializableAdapter.java:57)
	at com.google.inject.internal.ProviderInternalFactory$1.call(ProviderInternalFactory.java:67)
	at com.google.inject.internal.ProvisionListenerStackCallback$Provision.provision(ProvisionListenerStackCallback.java:109)
	at com.google.inject.internal.ProvisionListenerStackCallback$Provision.provision(ProvisionListenerStackCallback.java:124)
	at com.google.inject.internal.ProvisionListenerStackCallback.provision(ProvisionListenerStackCallback.java:66)
	at com.google.inject.internal.ProviderInternalFactory.circularGet(ProviderInternalFactory.java:62)
	at com.google.inject.internal.InternalFactoryToInitializableAdapter.get(InternalFactoryToInitializableAdapter.java:47)
	at com.google.inject.internal.InjectorImpl$1.get(InjectorImpl.java:1101)
	at org.eclipse.sisu.inject.Guice4$2.get(Guice4.java:235)
	at org.eclipse.sisu.inject.LazyBeanEntry.getValue(LazyBeanEntry.java:83)
	at org.eclipse.sisu.plexus.LazyPlexusBean.getValue(LazyPlexusBean.java:53)
	at org.codehaus.plexus.DefaultPlexusContainer.lookup(DefaultPlexusContainer.java:265)
	at org.codehaus.plexus.DefaultPlexusContainer.lookup(DefaultPlexusContainer.java:257)
	at org.apache.maven.plugin.internal.DefaultMavenPluginManager.getConfiguredMojo(DefaultMavenPluginManager.java:491)
	at org.eclipse.m2e.core.internal.embedder.MavenImpl.getConfiguredMojo(MavenImpl.java:206)
	at org.eclipse.m2e.mavenarchiver.internal.AbstractMavenArchiverConfigurator.reflectManifestGeneration(AbstractMavenArchiverConfigurator.java:439)
	at org.eclipse.m2e.mavenarchiver.internal.AbstractMavenArchiverConfigurator.lambda$3(AbstractMavenArchiverConfigurator.java:398)
	at org.eclipse.m2e.core.internal.embedder.MavenExecutionContext.executeBare(MavenExecutionContext.java:458)
	at org.eclipse.m2e.core.internal.embedder.MavenExecutionContext.execute(MavenExecutionContext.java:339)
	at org.eclipse.m2e.core.internal.embedder.MavenExecutionContext.execute(MavenExecutionContext.java:278)
	at org.eclipse.m2e.mavenarchiver.internal.AbstractMavenArchiverConfigurator.generateManifest(AbstractMavenArchiverConfigurator.java:371)
	at org.eclipse.m2e.mavenarchiver.internal.AbstractMavenArchiverConfigurator.mavenProjectChanged(AbstractMavenArchiverConfigurator.java:228)
	at org.eclipse.m2e.mavenarchiver.internal.AbstractMavenArchiverConfigurator$1.build(AbstractMavenArchiverConfigurator.java:178)
	at org.eclipse.m2e.core.internal.builder.MavenBuilderImpl.lambda$2(MavenBuilderImpl.java:159)
	at java.base/java.util.LinkedHashMap.forEach(LinkedHashMap.java:986)
	at org.eclipse.m2e.core.internal.builder.MavenBuilderImpl.build(MavenBuilderImpl.java:139)
	at org.eclipse.m2e.core.internal.builder.MavenBuilder$1.method(MavenBuilder.java:164)
	at org.eclipse.m2e.core.internal.builder.MavenBuilder$1.method(MavenBuilder.java:1)
	at org.eclipse.m2e.core.internal.builder.MavenBuilder$BuildMethod.lambda$1(MavenBuilder.java:109)
	at org.eclipse.m2e.core.internal.embedder.MavenExecutionContext.executeBare(MavenExecutionContext.java:458)
	at org.eclipse.m2e.core.internal.embedder.MavenExecutionContext.execute(MavenExecutionContext.java:292)
	at org.eclipse.m2e.core.internal.builder.MavenBuilder$BuildMethod.lambda$0(MavenBuilder.java:100)
	at org.eclipse.m2e.core.internal.embedder.MavenExecutionContext.executeBare(MavenExecutionContext.java:458)
	at org.eclipse.m2e.core.internal.embedder.MavenExecutionContext.execute(MavenExecutionContext.java:339)
	at org.eclipse.m2e.core.internal.embedder.MavenExecutionContext.execute(MavenExecutionContext.java:278)
	at org.eclipse.m2e.core.internal.builder.MavenBuilder$BuildMethod.execute(MavenBuilder.java:83)
	at org.eclipse.m2e.core.internal.builder.MavenBuilder.build(MavenBuilder.java:192)
	at org.eclipse.core.internal.events.BuildManager$2.run(BuildManager.java:1077)
	at org.eclipse.core.runtime.SafeRunner.run(SafeRunner.java:47)
	at org.eclipse.core.internal.events.BuildManager.basicBuild(BuildManager.java:296)
	at org.eclipse.core.internal.events.BuildManager.basicBuild(BuildManager.java:352)
	at org.eclipse.core.internal.events.BuildManager$1.run(BuildManager.java:441)
	at org.eclipse.core.runtime.SafeRunner.run(SafeRunner.java:47)
	at org.eclipse.core.internal.events.BuildManager.basicBuild(BuildManager.java:444)
	at org.eclipse.core.internal.events.BuildManager.basicBuildLoop(BuildManager.java:555)
	at org.eclipse.core.internal.events.BuildManager.basicBuildLoop(BuildManager.java:503)
	at org.eclipse.core.internal.events.BuildManager.build(BuildManager.java:585)
	at org.eclipse.core.internal.events.AutoBuildJob.doBuild(AutoBuildJob.java:207)
	at org.eclipse.core.internal.events.AutoBuildJob.run(AutoBuildJob.java:300)
	at org.eclipse.core.internal.jobs.Worker.run(Worker.java:63)
Caused by: com.google.inject.OutOfScopeException: Cannot access Key[type=org.apache.maven.project.MavenProject, annotation=[none]] outside of a scoping block
	at org.apache.maven.execution.scope.internal.MojoExecutionScope$2.get(MojoExecutionScope.java:99)
	at com.google.inject.internal.InternalFactoryToProviderAdapter.get(InternalFactoryToProviderAdapter.java:45)
	at com.google.inject.internal.SingleParameterInjector.inject(SingleParameterInjector.java:40)
	at com.google.inject.internal.SingleParameterInjector.getAll(SingleParameterInjector.java:60)
	at com.google.inject.internal.ConstructorInjector.provision(ConstructorInjector.java:113)
	at com.google.inject.internal.ConstructorInjector.access$000(ConstructorInjector.java:33)
	at com.google.inject.internal.ConstructorInjector$1.call(ConstructorInjector.java:98)
	at com.google.inject.internal.ProvisionListenerStackCallback$Provision.provision(ProvisionListenerStackCallback.java:109)
	at com.google.inject.internal.ProvisionListenerStackCallback$Provision.provision(ProvisionListenerStackCallback.java:124)
	at com.google.inject.internal.ProvisionListenerStackCallback.provision(ProvisionListenerStackCallback.java:66)
	at com.google.inject.internal.ConstructorInjector.construct(ConstructorInjector.java:93)
	at com.google.inject.internal.ConstructorBindingImpl$Factory.get(ConstructorBindingImpl.java:300)
	at com.google.inject.internal.InjectorImpl$1.get(InjectorImpl.java:1101)
	... 53 common frames omitted
2026-09-04 23:24:59,738 [Worker-42: Building] INFO  o.a.m.s.f.DefaultMavenResourcesFiltering - Copying 0 resource from src\main\resources to target\classes
2026-09-04 23:24:59,739 [Worker-42: Building] INFO  o.a.m.s.f.DefaultMavenResourcesFiltering - Copying 0 resource from src\main\resources to target\classes
2026-09-04 23:24:59,742 [Worker-42: Building] INFO  o.a.m.s.f.DefaultMavenResourcesFiltering - skip non existing resourceDirectory C:\Users\Abdul Rahman\OneDrive\Desktop\roshan\Payment Gateway Integration\User-Service\user-service\src\test\resources
2026-09-04 23:24:59,748 [Worker-42: Building] WARN  Sisu - Error injecting: org.apache.maven.plugins.jar.JarMojo
com.google.inject.ProvisionException: Unable to provision, see the following errors:

1) [Guice/ErrorInCustomProvider]: OutOfScopeException: Cannot access Key[type=MavenProject, annotation=[none]] outside of a scoping block
  at MojoExecutionScopeModule.configure(MojoExecutionScopeModule.java:47)
      \_ installed by: WireModule -> MojoExecutionScopeModule
  at JarMojo.<init>(JarMojo.java:72)
      \_ for 1st parameter
  while locating JarMojo

Learn more:
  https://github.com/google/guice/wiki/ERROR_IN_CUSTOM_PROVIDER

1 error

======================
Full classname legend:
======================
JarMojo:                  "org.apache.maven.plugins.jar.JarMojo"
MavenProject:             "org.apache.maven.project.MavenProject"
MojoExecutionScopeModule: "org.apache.maven.execution.scope.internal.MojoExecutionScopeModule"
OutOfScopeException:      "com.google.inject.OutOfScopeException"
WireModule:               "org.eclipse.sisu.wire.WireModule"
========================
End of classname legend:
========================

	at com.google.inject.internal.InternalProvisionException.toProvisionException(InternalProvisionException.java:251)
	at com.google.inject.internal.InjectorImpl$1.get(InjectorImpl.java:1104)
	at com.google.inject.internal.InjectorImpl.getInstance(InjectorImpl.java:1139)
	at org.eclipse.sisu.space.AbstractDeferredClass.get(AbstractDeferredClass.java:50)
	at com.google.inject.internal.ProviderInternalFactory.provision(ProviderInternalFactory.java:86)
	at com.google.inject.internal.InternalFactoryToInitializableAdapter.provision(InternalFactoryToInitializableAdapter.java:57)
	at com.google.inject.internal.ProviderInternalFactory$1.call(ProviderInternalFactory.java:67)
	at com.google.inject.internal.ProvisionListenerStackCallback$Provision.provision(ProvisionListenerStackCallback.java:109)
	at com.google.inject.internal.ProvisionListenerStackCallback$Provision.provision(ProvisionListenerStackCallback.java:124)
	at com.google.inject.internal.ProvisionListenerStackCallback.provision(ProvisionListenerStackCallback.java:66)
	at com.google.inject.internal.ProviderInternalFactory.circularGet(ProviderInternalFactory.java:62)
	at com.google.inject.internal.InternalFactoryToInitializableAdapter.get(InternalFactoryToInitializableAdapter.java:47)
	at com.google.inject.internal.InjectorImpl$1.get(InjectorImpl.java:1101)
	at org.eclipse.sisu.inject.Guice4$2.get(Guice4.java:235)
	at org.eclipse.sisu.inject.LazyBeanEntry.getValue(LazyBeanEntry.java:83)
	at org.eclipse.sisu.plexus.LazyPlexusBean.getValue(LazyPlexusBean.java:53)
	at org.codehaus.plexus.DefaultPlexusContainer.lookup(DefaultPlexusContainer.java:265)
	at org.codehaus.plexus.DefaultPlexusContainer.lookup(DefaultPlexusContainer.java:257)
	at org.apache.maven.plugin.internal.DefaultMavenPluginManager.getConfiguredMojo(DefaultMavenPluginManager.java:491)
	at org.eclipse.m2e.core.internal.embedder.MavenImpl.getConfiguredMojo(MavenImpl.java:206)
	at org.eclipse.m2e.mavenarchiver.internal.AbstractMavenArchiverConfigurator.reflectManifestGeneration(AbstractMavenArchiverConfigurator.java:439)
	at org.eclipse.m2e.mavenarchiver.internal.AbstractMavenArchiverConfigurator.lambda$3(AbstractMavenArchiverConfigurator.java:398)
	at org.eclipse.m2e.core.internal.embedder.MavenExecutionContext.executeBare(MavenExecutionContext.java:458)
	at org.eclipse.m2e.core.internal.embedder.MavenExecutionContext.execute(MavenExecutionContext.java:339)
	at org.eclipse.m2e.core.internal.embedder.MavenExecutionContext.execute(MavenExecutionContext.java:278)
	at org.eclipse.m2e.mavenarchiver.internal.AbstractMavenArchiverConfigurator.generateManifest(AbstractMavenArchiverConfigurator.java:371)
	at org.eclipse.m2e.mavenarchiver.internal.AbstractMavenArchiverConfigurator.mavenProjectChanged(AbstractMavenArchiverConfigurator.java:228)
	at org.eclipse.m2e.mavenarchiver.internal.AbstractMavenArchiverConfigurator$1.build(AbstractMavenArchiverConfigurator.java:178)
	at org.eclipse.m2e.core.internal.builder.MavenBuilderImpl.lambda$2(MavenBuilderImpl.java:159)
	at java.base/java.util.LinkedHashMap.forEach(LinkedHashMap.java:986)
	at org.eclipse.m2e.core.internal.builder.MavenBuilderImpl.build(MavenBuilderImpl.java:139)
	at org.eclipse.m2e.core.internal.builder.MavenBuilder$1.method(MavenBuilder.java:164)
	at org.eclipse.m2e.core.internal.builder.MavenBuilder$1.method(MavenBuilder.java:1)
	at org.eclipse.m2e.core.internal.builder.MavenBuilder$BuildMethod.lambda$1(MavenBuilder.java:109)
	at org.eclipse.m2e.core.internal.embedder.MavenExecutionContext.executeBare(MavenExecutionContext.java:458)
	at org.eclipse.m2e.core.internal.embedder.MavenExecutionContext.execute(MavenExecutionContext.java:292)
	at org.eclipse.m2e.core.internal.builder.MavenBuilder$BuildMethod.lambda$0(MavenBuilder.java:100)
	at org.eclipse.m2e.core.internal.embedder.MavenExecutionContext.executeBare(MavenExecutionContext.java:458)
	at org.eclipse.m2e.core.internal.embedder.MavenExecutionContext.execute(MavenExecutionContext.java:339)
	at org.eclipse.m2e.core.internal.embedder.MavenExecutionContext.execute(MavenExecutionContext.java:278)
	at org.eclipse.m2e.core.internal.builder.MavenBuilder$BuildMethod.execute(MavenBuilder.java:83)
	at org.eclipse.m2e.core.internal.builder.MavenBuilder.build(MavenBuilder.java:192)
	at org.eclipse.core.internal.events.BuildManager$2.run(BuildManager.java:1077)
	at org.eclipse.core.runtime.SafeRunner.run(SafeRunner.java:47)
	at org.eclipse.core.internal.events.BuildManager.basicBuild(BuildManager.java:296)
	at org.eclipse.core.internal.events.BuildManager.basicBuild(BuildManager.java:352)
	at org.eclipse.core.internal.events.BuildManager$1.run(BuildManager.java:441)
	at org.eclipse.core.runtime.SafeRunner.run(SafeRunner.java:47)
	at org.eclipse.core.internal.events.BuildManager.basicBuild(BuildManager.java:444)
	at org.eclipse.core.internal.events.BuildManager.basicBuildLoop(BuildManager.java:555)
	at org.eclipse.core.internal.events.BuildManager.basicBuildLoop(BuildManager.java:503)
	at org.eclipse.core.internal.events.BuildManager.build(BuildManager.java:585)
	at org.eclipse.core.internal.events.AutoBuildJob.doBuild(AutoBuildJob.java:207)
	at org.eclipse.core.internal.events.AutoBuildJob.run(AutoBuildJob.java:300)
	at org.eclipse.core.internal.jobs.Worker.run(Worker.java:63)
Caused by: com.google.inject.OutOfScopeException: Cannot access Key[type=org.apache.maven.project.MavenProject, annotation=[none]] outside of a scoping block
	at org.apache.maven.execution.scope.internal.MojoExecutionScope$2.get(MojoExecutionScope.java:99)
	at com.google.inject.internal.InternalFactoryToProviderAdapter.get(InternalFactoryToProviderAdapter.java:45)
	at com.google.inject.internal.SingleParameterInjector.inject(SingleParameterInjector.java:40)
	at com.google.inject.internal.SingleParameterInjector.getAll(SingleParameterInjector.java:60)
	at com.google.inject.internal.ConstructorInjector.provision(ConstructorInjector.java:113)
	at com.google.inject.internal.ConstructorInjector.access$000(ConstructorInjector.java:33)
	at com.google.inject.internal.ConstructorInjector$1.call(ConstructorInjector.java:98)
	at com.google.inject.internal.ProvisionListenerStackCallback$Provision.provision(ProvisionListenerStackCallback.java:109)
	at com.google.inject.internal.ProvisionListenerStackCallback$Provision.provision(ProvisionListenerStackCallback.java:124)
	at com.google.inject.internal.ProvisionListenerStackCallback.provision(ProvisionListenerStackCallback.java:66)
	at com.google.inject.internal.ConstructorInjector.construct(ConstructorInjector.java:93)
	at com.google.inject.internal.ConstructorBindingImpl$Factory.get(ConstructorBindingImpl.java:300)
	at com.google.inject.internal.InjectorImpl$1.get(InjectorImpl.java:1101)
	... 53 common frames omitted
2026-09-04 23:27:02,832 [Worker-40: Building] INFO  o.a.m.s.f.DefaultMavenResourcesFiltering - Copying 0 resource from src\main\resources to target\classes
2026-09-04 23:27:02,833 [Worker-40: Building] INFO  o.a.m.s.f.DefaultMavenResourcesFiltering - Copying 0 resource from src\main\resources to target\classes
2026-09-04 23:27:02,835 [Worker-40: Building] INFO  o.a.m.s.f.DefaultMavenResourcesFiltering - skip non existing resourceDirectory C:\Users\Abdul Rahman\OneDrive\Desktop\roshan\Payment Gateway Integration\User-Service\user-service\src\test\resources
2026-09-04 23:27:02,840 [Worker-40: Building] WARN  Sisu - Error injecting: org.apache.maven.plugins.jar.JarMojo
com.google.inject.ProvisionException: Unable to provision, see the following errors:

1) [Guice/ErrorInCustomProvider]: OutOfScopeException: Cannot access Key[type=MavenProject, annotation=[none]] outside of a scoping block
  at MojoExecutionScopeModule.configure(MojoExecutionScopeModule.java:47)
      \_ installed by: WireModule -> MojoExecutionScopeModule
  at JarMojo.<init>(JarMojo.java:72)
      \_ for 1st parameter
  while locating JarMojo

Learn more:
  https://github.com/google/guice/wiki/ERROR_IN_CUSTOM_PROVIDER

1 error

======================
Full classname legend:
======================
JarMojo:                  "org.apache.maven.plugins.jar.JarMojo"
MavenProject:             "org.apache.maven.project.MavenProject"
MojoExecutionScopeModule: "org.apache.maven.execution.scope.internal.MojoExecutionScopeModule"
OutOfScopeException:      "com.google.inject.OutOfScopeException"
WireModule:               "org.eclipse.sisu.wire.WireModule"
========================
End of classname legend:
========================

	at com.google.inject.internal.InternalProvisionException.toProvisionException(InternalProvisionException.java:251)
	at com.google.inject.internal.InjectorImpl$1.get(InjectorImpl.java:1104)
	at com.google.inject.internal.InjectorImpl.getInstance(InjectorImpl.java:1139)
	at org.eclipse.sisu.space.AbstractDeferredClass.get(AbstractDeferredClass.java:50)
	at com.google.inject.internal.ProviderInternalFactory.provision(ProviderInternalFactory.java:86)
	at com.google.inject.internal.InternalFactoryToInitializableAdapter.provision(InternalFactoryToInitializableAdapter.java:57)
	at com.google.inject.internal.ProviderInternalFactory$1.call(ProviderInternalFactory.java:67)
	at com.google.inject.internal.ProvisionListenerStackCallback$Provision.provision(ProvisionListenerStackCallback.java:109)
	at com.google.inject.internal.ProvisionListenerStackCallback$Provision.provision(ProvisionListenerStackCallback.java:124)
	at com.google.inject.internal.ProvisionListenerStackCallback.provision(ProvisionListenerStackCallback.java:66)
	at com.google.inject.internal.ProviderInternalFactory.circularGet(ProviderInternalFactory.java:62)
	at com.google.inject.internal.InternalFactoryToInitializableAdapter.get(InternalFactoryToInitializableAdapter.java:47)
	at com.google.inject.internal.InjectorImpl$1.get(InjectorImpl.java:1101)
	at org.eclipse.sisu.inject.Guice4$2.get(Guice4.java:235)
	at org.eclipse.sisu.inject.LazyBeanEntry.getValue(LazyBeanEntry.java:83)
	at org.eclipse.sisu.plexus.LazyPlexusBean.getValue(LazyPlexusBean.java:53)
	at org.codehaus.plexus.DefaultPlexusContainer.lookup(DefaultPlexusContainer.java:265)
	at org.codehaus.plexus.DefaultPlexusContainer.lookup(DefaultPlexusContainer.java:257)
	at org.apache.maven.plugin.internal.DefaultMavenPluginManager.getConfiguredMojo(DefaultMavenPluginManager.java:491)
	at org.eclipse.m2e.core.internal.embedder.MavenImpl.getConfiguredMojo(MavenImpl.java:206)
	at org.eclipse.m2e.mavenarchiver.internal.AbstractMavenArchiverConfigurator.reflectManifestGeneration(AbstractMavenArchiverConfigurator.java:439)
	at org.eclipse.m2e.mavenarchiver.internal.AbstractMavenArchiverConfigurator.lambda$3(AbstractMavenArchiverConfigurator.java:398)
	at org.eclipse.m2e.core.internal.embedder.MavenExecutionContext.executeBare(MavenExecutionContext.java:458)
	at org.eclipse.m2e.core.internal.embedder.MavenExecutionContext.execute(MavenExecutionContext.java:339)
	at org.eclipse.m2e.core.internal.embedder.MavenExecutionContext.execute(MavenExecutionContext.java:278)
	at org.eclipse.m2e.mavenarchiver.internal.AbstractMavenArchiverConfigurator.generateManifest(AbstractMavenArchiverConfigurator.java:371)
	at org.eclipse.m2e.mavenarchiver.internal.AbstractMavenArchiverConfigurator.mavenProjectChanged(AbstractMavenArchiverConfigurator.java:228)
	at org.eclipse.m2e.mavenarchiver.internal.AbstractMavenArchiverConfigurator$1.build(AbstractMavenArchiverConfigurator.java:178)
	at org.eclipse.m2e.core.internal.builder.MavenBuilderImpl.lambda$2(MavenBuilderImpl.java:159)
	at java.base/java.util.LinkedHashMap.forEach(LinkedHashMap.java:986)
	at org.eclipse.m2e.core.internal.builder.MavenBuilderImpl.build(MavenBuilderImpl.java:139)
	at org.eclipse.m2e.core.internal.builder.MavenBuilder$1.method(MavenBuilder.java:164)
	at org.eclipse.m2e.core.internal.builder.MavenBuilder$1.method(MavenBuilder.java:1)
	at org.eclipse.m2e.core.internal.builder.MavenBuilder$BuildMethod.lambda$1(MavenBuilder.java:109)
	at org.eclipse.m2e.core.internal.embedder.MavenExecutionContext.executeBare(MavenExecutionContext.java:458)
	at org.eclipse.m2e.core.internal.embedder.MavenExecutionContext.execute(MavenExecutionContext.java:292)
	at org.eclipse.m2e.core.internal.builder.MavenBuilder$BuildMethod.lambda$0(MavenBuilder.java:100)
	at org.eclipse.m2e.core.internal.embedder.MavenExecutionContext.executeBare(MavenExecutionContext.java:458)
	at org.eclipse.m2e.core.internal.embedder.MavenExecutionContext.execute(MavenExecutionContext.java:339)
	at org.eclipse.m2e.core.internal.embedder.MavenExecutionContext.execute(MavenExecutionContext.java:278)
	at org.eclipse.m2e.core.internal.builder.MavenBuilder$BuildMethod.execute(MavenBuilder.java:83)
	at org.eclipse.m2e.core.internal.builder.MavenBuilder.build(MavenBuilder.java:192)
	at org.eclipse.core.internal.events.BuildManager$2.run(BuildManager.java:1077)
	at org.eclipse.core.runtime.SafeRunner.run(SafeRunner.java:47)
	at org.eclipse.core.internal.events.BuildManager.basicBuild(BuildManager.java:296)
	at org.eclipse.core.internal.events.BuildManager.basicBuild(BuildManager.java:352)
	at org.eclipse.core.internal.events.BuildManager$1.run(BuildManager.java:441)
	at org.eclipse.core.runtime.SafeRunner.run(SafeRunner.java:47)
	at org.eclipse.core.internal.events.BuildManager.basicBuild(BuildManager.java:444)
	at org.eclipse.core.internal.events.BuildManager.basicBuildLoop(BuildManager.java:555)
	at org.eclipse.core.internal.events.BuildManager.basicBuildLoop(BuildManager.java:503)
	at org.eclipse.core.internal.events.BuildManager.build(BuildManager.java:585)
	at org.eclipse.core.internal.events.AutoBuildJob.doBuild(AutoBuildJob.java:207)
	at org.eclipse.core.internal.events.AutoBuildJob.run(AutoBuildJob.java:300)
	at org.eclipse.core.internal.jobs.Worker.run(Worker.java:63)
Caused by: com.google.inject.OutOfScopeException: Cannot access Key[type=org.apache.maven.project.MavenProject, annotation=[none]] outside of a scoping block
	at org.apache.maven.execution.scope.internal.MojoExecutionScope$2.get(MojoExecutionScope.java:99)
	at com.google.inject.internal.InternalFactoryToProviderAdapter.get(InternalFactoryToProviderAdapter.java:45)
	at com.google.inject.internal.SingleParameterInjector.inject(SingleParameterInjector.java:40)
	at com.google.inject.internal.SingleParameterInjector.getAll(SingleParameterInjector.java:60)
	at com.google.inject.internal.ConstructorInjector.provision(ConstructorInjector.java:113)
	at com.google.inject.internal.ConstructorInjector.access$000(ConstructorInjector.java:33)
	at com.google.inject.internal.ConstructorInjector$1.call(ConstructorInjector.java:98)
	at com.google.inject.internal.ProvisionListenerStackCallback$Provision.provision(ProvisionListenerStackCallback.java:109)
	at com.google.inject.internal.ProvisionListenerStackCallback$Provision.provision(ProvisionListenerStackCallback.java:124)
	at com.google.inject.internal.ProvisionListenerStackCallback.provision(ProvisionListenerStackCallback.java:66)
	at com.google.inject.internal.ConstructorInjector.construct(ConstructorInjector.java:93)
	at com.google.inject.internal.ConstructorBindingImpl$Factory.get(ConstructorBindingImpl.java:300)
	at com.google.inject.internal.InjectorImpl$1.get(InjectorImpl.java:1101)
	... 53 common frames omitted
2026-09-04 23:28:24,601 [Worker-39: Building] INFO  o.a.m.s.f.DefaultMavenResourcesFiltering - Copying 0 resource from src\main\resources to target\classes
2026-09-04 23:28:24,603 [Worker-39: Building] INFO  o.a.m.s.f.DefaultMavenResourcesFiltering - Copying 0 resource from src\main\resources to target\classes
2026-09-04 23:28:24,604 [Worker-39: Building] INFO  o.a.m.s.f.DefaultMavenResourcesFiltering - skip non existing resourceDirectory C:\Users\Abdul Rahman\OneDrive\Desktop\roshan\Payment Gateway Integration\User-Service\user-service\src\test\resources
2026-09-04 23:28:24,608 [Worker-39: Building] WARN  Sisu - Error injecting: org.apache.maven.plugins.jar.JarMojo
com.google.inject.ProvisionException: Unable to provision, see the following errors:

1) [Guice/ErrorInCustomProvider]: OutOfScopeException: Cannot access Key[type=MavenProject, annotation=[none]] outside of a scoping block
  at MojoExecutionScopeModule.configure(MojoExecutionScopeModule.java:47)
      \_ installed by: WireModule -> MojoExecutionScopeModule
  at JarMojo.<init>(JarMojo.java:72)
      \_ for 1st parameter
  while locating JarMojo

Learn more:
  https://github.com/google/guice/wiki/ERROR_IN_CUSTOM_PROVIDER

1 error

======================
Full classname legend:
======================
JarMojo:                  "org.apache.maven.plugins.jar.JarMojo"
MavenProject:             "org.apache.maven.project.MavenProject"
MojoExecutionScopeModule: "org.apache.maven.execution.scope.internal.MojoExecutionScopeModule"
OutOfScopeException:      "com.google.inject.OutOfScopeException"
WireModule:               "org.eclipse.sisu.wire.WireModule"
========================
End of classname legend:
========================

	at com.google.inject.internal.InternalProvisionException.toProvisionException(InternalProvisionException.java:251)
	at com.google.inject.internal.InjectorImpl$1.get(InjectorImpl.java:1104)
	at com.google.inject.internal.InjectorImpl.getInstance(InjectorImpl.java:1139)
	at org.eclipse.sisu.space.AbstractDeferredClass.get(AbstractDeferredClass.java:50)
	at com.google.inject.internal.ProviderInternalFactory.provision(ProviderInternalFactory.java:86)
	at com.google.inject.internal.InternalFactoryToInitializableAdapter.provision(InternalFactoryToInitializableAdapter.java:57)
	at com.google.inject.internal.ProviderInternalFactory$1.call(ProviderInternalFactory.java:67)
	at com.google.inject.internal.ProvisionListenerStackCallback$Provision.provision(ProvisionListenerStackCallback.java:109)
	at com.google.inject.internal.ProvisionListenerStackCallback$Provision.provision(ProvisionListenerStackCallback.java:124)
	at com.google.inject.internal.ProvisionListenerStackCallback.provision(ProvisionListenerStackCallback.java:66)
	at com.google.inject.internal.ProviderInternalFactory.circularGet(ProviderInternalFactory.java:62)
	at com.google.inject.internal.InternalFactoryToInitializableAdapter.get(InternalFactoryToInitializableAdapter.java:47)
	at com.google.inject.internal.InjectorImpl$1.get(InjectorImpl.java:1101)
	at org.eclipse.sisu.inject.Guice4$2.get(Guice4.java:235)
	at org.eclipse.sisu.inject.LazyBeanEntry.getValue(LazyBeanEntry.java:83)
	at org.eclipse.sisu.plexus.LazyPlexusBean.getValue(LazyPlexusBean.java:53)
	at org.codehaus.plexus.DefaultPlexusContainer.lookup(DefaultPlexusContainer.java:265)
	at org.codehaus.plexus.DefaultPlexusContainer.lookup(DefaultPlexusContainer.java:257)
	at org.apache.maven.plugin.internal.DefaultMavenPluginManager.getConfiguredMojo(DefaultMavenPluginManager.java:491)
	at org.eclipse.m2e.core.internal.embedder.MavenImpl.getConfiguredMojo(MavenImpl.java:206)
	at org.eclipse.m2e.mavenarchiver.internal.AbstractMavenArchiverConfigurator.reflectManifestGeneration(AbstractMavenArchiverConfigurator.java:439)
	at org.eclipse.m2e.mavenarchiver.internal.AbstractMavenArchiverConfigurator.lambda$3(AbstractMavenArchiverConfigurator.java:398)
	at org.eclipse.m2e.core.internal.embedder.MavenExecutionContext.executeBare(MavenExecutionContext.java:458)
	at org.eclipse.m2e.core.internal.embedder.MavenExecutionContext.execute(MavenExecutionContext.java:339)
	at org.eclipse.m2e.core.internal.embedder.MavenExecutionContext.execute(MavenExecutionContext.java:278)
	at org.eclipse.m2e.mavenarchiver.internal.AbstractMavenArchiverConfigurator.generateManifest(AbstractMavenArchiverConfigurator.java:371)
	at org.eclipse.m2e.mavenarchiver.internal.AbstractMavenArchiverConfigurator.mavenProjectChanged(AbstractMavenArchiverConfigurator.java:228)
	at org.eclipse.m2e.mavenarchiver.internal.AbstractMavenArchiverConfigurator$1.build(AbstractMavenArchiverConfigurator.java:178)
	at org.eclipse.m2e.core.internal.builder.MavenBuilderImpl.lambda$2(MavenBuilderImpl.java:159)
	at java.base/java.util.LinkedHashMap.forEach(LinkedHashMap.java:986)
	at org.eclipse.m2e.core.internal.builder.MavenBuilderImpl.build(MavenBuilderImpl.java:139)
	at org.eclipse.m2e.core.internal.builder.MavenBuilder$1.method(MavenBuilder.java:164)
	at org.eclipse.m2e.core.internal.builder.MavenBuilder$1.method(MavenBuilder.java:1)
	at org.eclipse.m2e.core.internal.builder.MavenBuilder$BuildMethod.lambda$1(MavenBuilder.java:109)
	at org.eclipse.m2e.core.internal.embedder.MavenExecutionContext.executeBare(MavenExecutionContext.java:458)
	at org.eclipse.m2e.core.internal.embedder.MavenExecutionContext.execute(MavenExecutionContext.java:292)
	at org.eclipse.m2e.core.internal.builder.MavenBuilder$BuildMethod.lambda$0(MavenBuilder.java:100)
	at org.eclipse.m2e.core.internal.embedder.MavenExecutionContext.executeBare(MavenExecutionContext.java:458)
	at org.eclipse.m2e.core.internal.embedder.MavenExecutionContext.execute(MavenExecutionContext.java:339)
	at org.eclipse.m2e.core.internal.embedder.MavenExecutionContext.execute(MavenExecutionContext.java:278)
	at org.eclipse.m2e.core.internal.builder.MavenBuilder$BuildMethod.execute(MavenBuilder.java:83)
	at org.eclipse.m2e.core.internal.builder.MavenBuilder.build(MavenBuilder.java:192)
	at org.eclipse.core.internal.events.BuildManager$2.run(BuildManager.java:1077)
	at org.eclipse.core.runtime.SafeRunner.run(SafeRunner.java:47)
	at org.eclipse.core.internal.events.BuildManager.basicBuild(BuildManager.java:296)
	at org.eclipse.core.internal.events.BuildManager.basicBuild(BuildManager.java:352)
	at org.eclipse.core.internal.events.BuildManager$1.run(BuildManager.java:441)
	at org.eclipse.core.runtime.SafeRunner.run(SafeRunner.java:47)
	at org.eclipse.core.internal.events.BuildManager.basicBuild(BuildManager.java:444)
	at org.eclipse.core.internal.events.BuildManager.basicBuildLoop(BuildManager.java:555)
	at org.eclipse.core.internal.events.BuildManager.basicBuildLoop(BuildManager.java:503)
	at org.eclipse.core.internal.events.BuildManager.build(BuildManager.java:585)
	at org.eclipse.core.internal.events.AutoBuildJob.doBuild(AutoBuildJob.java:207)
	at org.eclipse.core.internal.events.AutoBuildJob.run(AutoBuildJob.java:300)
	at org.eclipse.core.internal.jobs.Worker.run(Worker.java:63)
Caused by: com.google.inject.OutOfScopeException: Cannot access Key[type=org.apache.maven.project.MavenProject, annotation=[none]] outside of a scoping block
	at org.apache.maven.execution.scope.internal.MojoExecutionScope$2.get(MojoExecutionScope.java:99)
	at com.google.inject.internal.InternalFactoryToProviderAdapter.get(InternalFactoryToProviderAdapter.java:45)
	at com.google.inject.internal.SingleParameterInjector.inject(SingleParameterInjector.java:40)
	at com.google.inject.internal.SingleParameterInjector.getAll(SingleParameterInjector.java:60)
	at com.google.inject.internal.ConstructorInjector.provision(ConstructorInjector.java:113)
	at com.google.inject.internal.ConstructorInjector.access$000(ConstructorInjector.java:33)
	at com.google.inject.internal.ConstructorInjector$1.call(ConstructorInjector.java:98)
	at com.google.inject.internal.ProvisionListenerStackCallback$Provision.provision(ProvisionListenerStackCallback.java:109)
	at com.google.inject.internal.ProvisionListenerStackCallback$Provision.provision(ProvisionListenerStackCallback.java:124)
	at com.google.inject.internal.ProvisionListenerStackCallback.provision(ProvisionListenerStackCallback.java:66)
	at com.google.inject.internal.ConstructorInjector.construct(ConstructorInjector.java:93)
	at com.google.inject.internal.ConstructorBindingImpl$Factory.get(ConstructorBindingImpl.java:300)
	at com.google.inject.internal.InjectorImpl$1.get(InjectorImpl.java:1101)
	... 53 common frames omitted
2026-09-04 23:30:45,344 [Worker-36: Building] INFO  o.a.m.s.f.DefaultMavenResourcesFiltering - Copying 0 resource from src\main\resources to target\classes
2026-09-04 23:30:45,344 [Worker-36: Building] INFO  o.a.m.s.f.DefaultMavenResourcesFiltering - Copying 0 resource from src\main\resources to target\classes
2026-09-04 23:30:45,346 [Worker-36: Building] INFO  o.a.m.s.f.DefaultMavenResourcesFiltering - skip non existing resourceDirectory C:\Users\Abdul Rahman\OneDrive\Desktop\roshan\Payment Gateway Integration\User-Service\user-service\src\test\resources
2026-09-04 23:30:45,351 [Worker-36: Building] WARN  Sisu - Error injecting: org.apache.maven.plugins.jar.JarMojo
com.google.inject.ProvisionException: Unable to provision, see the following errors:

1) [Guice/ErrorInCustomProvider]: OutOfScopeException: Cannot access Key[type=MavenProject, annotation=[none]] outside of a scoping block
  at MojoExecutionScopeModule.configure(MojoExecutionScopeModule.java:47)
      \_ installed by: WireModule -> MojoExecutionScopeModule
  at JarMojo.<init>(JarMojo.java:72)
      \_ for 1st parameter
  while locating JarMojo

Learn more:
  https://github.com/google/guice/wiki/ERROR_IN_CUSTOM_PROVIDER

1 error

======================
Full classname legend:
======================
JarMojo:                  "org.apache.maven.plugins.jar.JarMojo"
MavenProject:             "org.apache.maven.project.MavenProject"
MojoExecutionScopeModule: "org.apache.maven.execution.scope.internal.MojoExecutionScopeModule"
OutOfScopeException:      "com.google.inject.OutOfScopeException"
WireModule:               "org.eclipse.sisu.wire.WireModule"
========================
End of classname legend:
========================

	at com.google.inject.internal.InternalProvisionException.toProvisionException(InternalProvisionException.java:251)
	at com.google.inject.internal.InjectorImpl$1.get(InjectorImpl.java:1104)
	at com.google.inject.internal.InjectorImpl.getInstance(InjectorImpl.java:1139)
	at org.eclipse.sisu.space.AbstractDeferredClass.get(AbstractDeferredClass.java:50)
	at com.google.inject.internal.ProviderInternalFactory.provision(ProviderInternalFactory.java:86)
	at com.google.inject.internal.InternalFactoryToInitializableAdapter.provision(InternalFactoryToInitializableAdapter.java:57)
	at com.google.inject.internal.ProviderInternalFactory$1.call(ProviderInternalFactory.java:67)
	at com.google.inject.internal.ProvisionListenerStackCallback$Provision.provision(ProvisionListenerStackCallback.java:109)
	at com.google.inject.internal.ProvisionListenerStackCallback$Provision.provision(ProvisionListenerStackCallback.java:124)
	at com.google.inject.internal.ProvisionListenerStackCallback.provision(ProvisionListenerStackCallback.java:66)
	at com.google.inject.internal.ProviderInternalFactory.circularGet(ProviderInternalFactory.java:62)
	at com.google.inject.internal.InternalFactoryToInitializableAdapter.get(InternalFactoryToInitializableAdapter.java:47)
	at com.google.inject.internal.InjectorImpl$1.get(InjectorImpl.java:1101)
	at org.eclipse.sisu.inject.Guice4$2.get(Guice4.java:235)
	at org.eclipse.sisu.inject.LazyBeanEntry.getValue(LazyBeanEntry.java:83)
	at org.eclipse.sisu.plexus.LazyPlexusBean.getValue(LazyPlexusBean.java:53)
	at org.codehaus.plexus.DefaultPlexusContainer.lookup(DefaultPlexusContainer.java:265)
	at org.codehaus.plexus.DefaultPlexusContainer.lookup(DefaultPlexusContainer.java:257)
	at org.apache.maven.plugin.internal.DefaultMavenPluginManager.getConfiguredMojo(DefaultMavenPluginManager.java:491)
	at org.eclipse.m2e.core.internal.embedder.MavenImpl.getConfiguredMojo(MavenImpl.java:206)
	at org.eclipse.m2e.mavenarchiver.internal.AbstractMavenArchiverConfigurator.reflectManifestGeneration(AbstractMavenArchiverConfigurator.java:439)
	at org.eclipse.m2e.mavenarchiver.internal.AbstractMavenArchiverConfigurator.lambda$3(AbstractMavenArchiverConfigurator.java:398)
	at org.eclipse.m2e.core.internal.embedder.MavenExecutionContext.executeBare(MavenExecutionContext.java:458)
	at org.eclipse.m2e.core.internal.embedder.MavenExecutionContext.execute(MavenExecutionContext.java:339)
	at org.eclipse.m2e.core.internal.embedder.MavenExecutionContext.execute(MavenExecutionContext.java:278)
	at org.eclipse.m2e.mavenarchiver.internal.AbstractMavenArchiverConfigurator.generateManifest(AbstractMavenArchiverConfigurator.java:371)
	at org.eclipse.m2e.mavenarchiver.internal.AbstractMavenArchiverConfigurator.mavenProjectChanged(AbstractMavenArchiverConfigurator.java:228)
	at org.eclipse.m2e.mavenarchiver.internal.AbstractMavenArchiverConfigurator$1.build(AbstractMavenArchiverConfigurator.java:178)
	at org.eclipse.m2e.core.internal.builder.MavenBuilderImpl.lambda$2(MavenBuilderImpl.java:159)
	at java.base/java.util.LinkedHashMap.forEach(LinkedHashMap.java:986)
	at org.eclipse.m2e.core.internal.builder.MavenBuilderImpl.build(MavenBuilderImpl.java:139)
	at org.eclipse.m2e.core.internal.builder.MavenBuilder$1.method(MavenBuilder.java:164)
	at org.eclipse.m2e.core.internal.builder.MavenBuilder$1.method(MavenBuilder.java:1)
	at org.eclipse.m2e.core.internal.builder.MavenBuilder$BuildMethod.lambda$1(MavenBuilder.java:109)
	at org.eclipse.m2e.core.internal.embedder.MavenExecutionContext.executeBare(MavenExecutionContext.java:458)
	at org.eclipse.m2e.core.internal.embedder.MavenExecutionContext.execute(MavenExecutionContext.java:292)
	at org.eclipse.m2e.core.internal.builder.MavenBuilder$BuildMethod.lambda$0(MavenBuilder.java:100)
	at org.eclipse.m2e.core.internal.embedder.MavenExecutionContext.executeBare(MavenExecutionContext.java:458)
	at org.eclipse.m2e.core.internal.embedder.MavenExecutionContext.execute(MavenExecutionContext.java:339)
	at org.eclipse.m2e.core.internal.embedder.MavenExecutionContext.execute(MavenExecutionContext.java:278)
	at org.eclipse.m2e.core.internal.builder.MavenBuilder$BuildMethod.execute(MavenBuilder.java:83)
	at org.eclipse.m2e.core.internal.builder.MavenBuilder.build(MavenBuilder.java:192)
	at org.eclipse.core.internal.events.BuildManager$2.run(BuildManager.java:1077)
	at org.eclipse.core.runtime.SafeRunner.run(SafeRunner.java:47)
	at org.eclipse.core.internal.events.BuildManager.basicBuild(BuildManager.java:296)
	at org.eclipse.core.internal.events.BuildManager.basicBuild(BuildManager.java:352)
	at org.eclipse.core.internal.events.BuildManager$1.run(BuildManager.java:441)
	at org.eclipse.core.runtime.SafeRunner.run(SafeRunner.java:47)
	at org.eclipse.core.internal.events.BuildManager.basicBuild(BuildManager.java:444)
	at org.eclipse.core.internal.events.BuildManager.basicBuildLoop(BuildManager.java:555)
	at org.eclipse.core.internal.events.BuildManager.basicBuildLoop(BuildManager.java:503)
	at org.eclipse.core.internal.events.BuildManager.build(BuildManager.java:585)
	at org.eclipse.core.internal.events.AutoBuildJob.doBuild(AutoBuildJob.java:207)
	at org.eclipse.core.internal.events.AutoBuildJob.run(AutoBuildJob.java:300)
	at org.eclipse.core.internal.jobs.Worker.run(Worker.java:63)
Caused by: com.google.inject.OutOfScopeException: Cannot access Key[type=org.apache.maven.project.MavenProject, annotation=[none]] outside of a scoping block
	at org.apache.maven.execution.scope.internal.MojoExecutionScope$2.get(MojoExecutionScope.java:99)
	at com.google.inject.internal.InternalFactoryToProviderAdapter.get(InternalFactoryToProviderAdapter.java:45)
	at com.google.inject.internal.SingleParameterInjector.inject(SingleParameterInjector.java:40)
	at com.google.inject.internal.SingleParameterInjector.getAll(SingleParameterInjector.java:60)
	at com.google.inject.internal.ConstructorInjector.provision(ConstructorInjector.java:113)
	at com.google.inject.internal.ConstructorInjector.access$000(ConstructorInjector.java:33)
	at com.google.inject.internal.ConstructorInjector$1.call(ConstructorInjector.java:98)
	at com.google.inject.internal.ProvisionListenerStackCallback$Provision.provision(ProvisionListenerStackCallback.java:109)
	at com.google.inject.internal.ProvisionListenerStackCallback$Provision.provision(ProvisionListenerStackCallback.java:124)
	at com.google.inject.internal.ProvisionListenerStackCallback.provision(ProvisionListenerStackCallback.java:66)
	at com.google.inject.internal.ConstructorInjector.construct(ConstructorInjector.java:93)
	at com.google.inject.internal.ConstructorBindingImpl$Factory.get(ConstructorBindingImpl.java:300)
	at com.google.inject.internal.InjectorImpl$1.get(InjectorImpl.java:1101)
	... 53 common frames omitted
2026-09-04 23:31:37,938 [Worker-35: Building] INFO  o.a.m.s.f.DefaultMavenResourcesFiltering - Copying 0 resource from src\main\resources to target\classes
2026-09-04 23:31:37,939 [Worker-35: Building] INFO  o.a.m.s.f.DefaultMavenResourcesFiltering - Copying 0 resource from src\main\resources to target\classes
2026-09-04 23:31:37,941 [Worker-35: Building] INFO  o.a.m.s.f.DefaultMavenResourcesFiltering - skip non existing resourceDirectory C:\Users\Abdul Rahman\OneDrive\Desktop\roshan\Payment Gateway Integration\User-Service\user-service\src\test\resources
2026-09-04 23:31:37,949 [Worker-35: Building] WARN  Sisu - Error injecting: org.apache.maven.plugins.jar.JarMojo
com.google.inject.ProvisionException: Unable to provision, see the following errors:

1) [Guice/ErrorInCustomProvider]: OutOfScopeException: Cannot access Key[type=MavenProject, annotation=[none]] outside of a scoping block
  at MojoExecutionScopeModule.configure(MojoExecutionScopeModule.java:47)
      \_ installed by: WireModule -> MojoExecutionScopeModule
  at JarMojo.<init>(JarMojo.java:72)
      \_ for 1st parameter
  while locating JarMojo

Learn more:
  https://github.com/google/guice/wiki/ERROR_IN_CUSTOM_PROVIDER

1 error

======================
Full classname legend:
======================
JarMojo:                  "org.apache.maven.plugins.jar.JarMojo"
MavenProject:             "org.apache.maven.project.MavenProject"
MojoExecutionScopeModule: "org.apache.maven.execution.scope.internal.MojoExecutionScopeModule"
OutOfScopeException:      "com.google.inject.OutOfScopeException"
WireModule:               "org.eclipse.sisu.wire.WireModule"
========================
End of classname legend:
========================

	at com.google.inject.internal.InternalProvisionException.toProvisionException(InternalProvisionException.java:251)
	at com.google.inject.internal.InjectorImpl$1.get(InjectorImpl.java:1104)
	at com.google.inject.internal.InjectorImpl.getInstance(InjectorImpl.java:1139)
	at org.eclipse.sisu.space.AbstractDeferredClass.get(AbstractDeferredClass.java:50)
	at com.google.inject.internal.ProviderInternalFactory.provision(ProviderInternalFactory.java:86)
	at com.google.inject.internal.InternalFactoryToInitializableAdapter.provision(InternalFactoryToInitializableAdapter.java:57)
	at com.google.inject.internal.ProviderInternalFactory$1.call(ProviderInternalFactory.java:67)
	at com.google.inject.internal.ProvisionListenerStackCallback$Provision.provision(ProvisionListenerStackCallback.java:109)
	at com.google.inject.internal.ProvisionListenerStackCallback$Provision.provision(ProvisionListenerStackCallback.java:124)
	at com.google.inject.internal.ProvisionListenerStackCallback.provision(ProvisionListenerStackCallback.java:66)
	at com.google.inject.internal.ProviderInternalFactory.circularGet(ProviderInternalFactory.java:62)
	at com.google.inject.internal.InternalFactoryToInitializableAdapter.get(InternalFactoryToInitializableAdapter.java:47)
	at com.google.inject.internal.InjectorImpl$1.get(InjectorImpl.java:1101)
	at org.eclipse.sisu.inject.Guice4$2.get(Guice4.java:235)
	at org.eclipse.sisu.inject.LazyBeanEntry.getValue(LazyBeanEntry.java:83)
	at org.eclipse.sisu.plexus.LazyPlexusBean.getValue(LazyPlexusBean.java:53)
	at org.codehaus.plexus.DefaultPlexusContainer.lookup(DefaultPlexusContainer.java:265)
	at org.codehaus.plexus.DefaultPlexusContainer.lookup(DefaultPlexusContainer.java:257)
	at org.apache.maven.plugin.internal.DefaultMavenPluginManager.getConfiguredMojo(DefaultMavenPluginManager.java:491)
	at org.eclipse.m2e.core.internal.embedder.MavenImpl.getConfiguredMojo(MavenImpl.java:206)
	at org.eclipse.m2e.mavenarchiver.internal.AbstractMavenArchiverConfigurator.reflectManifestGeneration(AbstractMavenArchiverConfigurator.java:439)
	at org.eclipse.m2e.mavenarchiver.internal.AbstractMavenArchiverConfigurator.lambda$3(AbstractMavenArchiverConfigurator.java:398)
	at org.eclipse.m2e.core.internal.embedder.MavenExecutionContext.executeBare(MavenExecutionContext.java:458)
	at org.eclipse.m2e.core.internal.embedder.MavenExecutionContext.execute(MavenExecutionContext.java:339)
	at org.eclipse.m2e.core.internal.embedder.MavenExecutionContext.execute(MavenExecutionContext.java:278)
	at org.eclipse.m2e.mavenarchiver.internal.AbstractMavenArchiverConfigurator.generateManifest(AbstractMavenArchiverConfigurator.java:371)
	at org.eclipse.m2e.mavenarchiver.internal.AbstractMavenArchiverConfigurator.mavenProjectChanged(AbstractMavenArchiverConfigurator.java:228)
	at org.eclipse.m2e.mavenarchiver.internal.AbstractMavenArchiverConfigurator$1.build(AbstractMavenArchiverConfigurator.java:178)
	at org.eclipse.m2e.core.internal.builder.MavenBuilderImpl.lambda$2(MavenBuilderImpl.java:159)
	at java.base/java.util.LinkedHashMap.forEach(LinkedHashMap.java:986)
	at org.eclipse.m2e.core.internal.builder.MavenBuilderImpl.build(MavenBuilderImpl.java:139)
	at org.eclipse.m2e.core.internal.builder.MavenBuilder$1.method(MavenBuilder.java:164)
	at org.eclipse.m2e.core.internal.builder.MavenBuilder$1.method(MavenBuilder.java:1)
	at org.eclipse.m2e.core.internal.builder.MavenBuilder$BuildMethod.lambda$1(MavenBuilder.java:109)
	at org.eclipse.m2e.core.internal.embedder.MavenExecutionContext.executeBare(MavenExecutionContext.java:458)
	at org.eclipse.m2e.core.internal.embedder.MavenExecutionContext.execute(MavenExecutionContext.java:292)
	at org.eclipse.m2e.core.internal.builder.MavenBuilder$BuildMethod.lambda$0(MavenBuilder.java:100)
	at org.eclipse.m2e.core.internal.embedder.MavenExecutionContext.executeBare(MavenExecutionContext.java:458)
	at org.eclipse.m2e.core.internal.embedder.MavenExecutionContext.execute(MavenExecutionContext.java:339)
	at org.eclipse.m2e.core.internal.embedder.MavenExecutionContext.execute(MavenExecutionContext.java:278)
	at org.eclipse.m2e.core.internal.builder.MavenBuilder$BuildMethod.execute(MavenBuilder.java:83)
	at org.eclipse.m2e.core.internal.builder.MavenBuilder.build(MavenBuilder.java:192)
	at org.eclipse.core.internal.events.BuildManager$2.run(BuildManager.java:1077)
	at org.eclipse.core.runtime.SafeRunner.run(SafeRunner.java:47)
	at org.eclipse.core.internal.events.BuildManager.basicBuild(BuildManager.java:296)
	at org.eclipse.core.internal.events.BuildManager.basicBuild(BuildManager.java:352)
	at org.eclipse.core.internal.events.BuildManager$1.run(BuildManager.java:441)
	at org.eclipse.core.runtime.SafeRunner.run(SafeRunner.java:47)
	at org.eclipse.core.internal.events.BuildManager.basicBuild(BuildManager.java:444)
	at org.eclipse.core.internal.events.BuildManager.basicBuildLoop(BuildManager.java:555)
	at org.eclipse.core.internal.events.BuildManager.basicBuildLoop(BuildManager.java:503)
	at org.eclipse.core.internal.events.BuildManager.build(BuildManager.java:585)
	at org.eclipse.core.internal.events.AutoBuildJob.doBuild(AutoBuildJob.java:207)
	at org.eclipse.core.internal.events.AutoBuildJob.run(AutoBuildJob.java:300)
	at org.eclipse.core.internal.jobs.Worker.run(Worker.java:63)
Caused by: com.google.inject.OutOfScopeException: Cannot access Key[type=org.apache.maven.project.MavenProject, annotation=[none]] outside of a scoping block
	at org.apache.maven.execution.scope.internal.MojoExecutionScope$2.get(MojoExecutionScope.java:99)
	at com.google.inject.internal.InternalFactoryToProviderAdapter.get(InternalFactoryToProviderAdapter.java:45)
	at com.google.inject.internal.SingleParameterInjector.inject(SingleParameterInjector.java:40)
	at com.google.inject.internal.SingleParameterInjector.getAll(SingleParameterInjector.java:60)
	at com.google.inject.internal.ConstructorInjector.provision(ConstructorInjector.java:113)
	at com.google.inject.internal.ConstructorInjector.access$000(ConstructorInjector.java:33)
	at com.google.inject.internal.ConstructorInjector$1.call(ConstructorInjector.java:98)
	at com.google.inject.internal.ProvisionListenerStackCallback$Provision.provision(ProvisionListenerStackCallback.java:109)
	at com.google.inject.internal.ProvisionListenerStackCallback$Provision.provision(ProvisionListenerStackCallback.java:124)
	at com.google.inject.internal.ProvisionListenerStackCallback.provision(ProvisionListenerStackCallback.java:66)
	at com.google.inject.internal.ConstructorInjector.construct(ConstructorInjector.java:93)
	at com.google.inject.internal.ConstructorBindingImpl$Factory.get(ConstructorBindingImpl.java:300)
	at com.google.inject.internal.InjectorImpl$1.get(InjectorImpl.java:1101)
	... 53 common frames omitted
2026-09-04 23:31:51,053 [Worker-43: Building] INFO  o.a.m.s.f.DefaultMavenResourcesFiltering - Copying 0 resource from src\main\resources to target\classes
2026-09-04 23:31:51,054 [Worker-43: Building] INFO  o.a.m.s.f.DefaultMavenResourcesFiltering - Copying 0 resource from src\main\resources to target\classes
2026-09-04 23:31:51,055 [Worker-43: Building] INFO  o.a.m.s.f.DefaultMavenResourcesFiltering - skip non existing resourceDirectory C:\Users\Abdul Rahman\OneDrive\Desktop\roshan\Payment Gateway Integration\User-Service\user-service\src\test\resources
2026-09-04 23:31:51,059 [Worker-43: Building] WARN  Sisu - Error injecting: org.apache.maven.plugins.jar.JarMojo
com.google.inject.ProvisionException: Unable to provision, see the following errors:

1) [Guice/ErrorInCustomProvider]: OutOfScopeException: Cannot access Key[type=MavenProject, annotation=[none]] outside of a scoping block
  at MojoExecutionScopeModule.configure(MojoExecutionScopeModule.java:47)
      \_ installed by: WireModule -> MojoExecutionScopeModule
  at JarMojo.<init>(JarMojo.java:72)
      \_ for 1st parameter
  while locating JarMojo

Learn more:
  https://github.com/google/guice/wiki/ERROR_IN_CUSTOM_PROVIDER

1 error

======================
Full classname legend:
======================
JarMojo:                  "org.apache.maven.plugins.jar.JarMojo"
MavenProject:             "org.apache.maven.project.MavenProject"
MojoExecutionScopeModule: "org.apache.maven.execution.scope.internal.MojoExecutionScopeModule"
OutOfScopeException:      "com.google.inject.OutOfScopeException"
WireModule:               "org.eclipse.sisu.wire.WireModule"
========================
End of classname legend:
========================

	at com.google.inject.internal.InternalProvisionException.toProvisionException(InternalProvisionException.java:251)
	at com.google.inject.internal.InjectorImpl$1.get(InjectorImpl.java:1104)
	at com.google.inject.internal.InjectorImpl.getInstance(InjectorImpl.java:1139)
	at org.eclipse.sisu.space.AbstractDeferredClass.get(AbstractDeferredClass.java:50)
	at com.google.inject.internal.ProviderInternalFactory.provision(ProviderInternalFactory.java:86)
	at com.google.inject.internal.InternalFactoryToInitializableAdapter.provision(InternalFactoryToInitializableAdapter.java:57)
	at com.google.inject.internal.ProviderInternalFactory$1.call(ProviderInternalFactory.java:67)
	at com.google.inject.internal.ProvisionListenerStackCallback$Provision.provision(ProvisionListenerStackCallback.java:109)
	at com.google.inject.internal.ProvisionListenerStackCallback$Provision.provision(ProvisionListenerStackCallback.java:124)
	at com.google.inject.internal.ProvisionListenerStackCallback.provision(ProvisionListenerStackCallback.java:66)
	at com.google.inject.internal.ProviderInternalFactory.circularGet(ProviderInternalFactory.java:62)
	at com.google.inject.internal.InternalFactoryToInitializableAdapter.get(InternalFactoryToInitializableAdapter.java:47)
	at com.google.inject.internal.InjectorImpl$1.get(InjectorImpl.java:1101)
	at org.eclipse.sisu.inject.Guice4$2.get(Guice4.java:235)
	at org.eclipse.sisu.inject.LazyBeanEntry.getValue(LazyBeanEntry.java:83)
	at org.eclipse.sisu.plexus.LazyPlexusBean.getValue(LazyPlexusBean.java:53)
	at org.codehaus.plexus.DefaultPlexusContainer.lookup(DefaultPlexusContainer.java:265)
	at org.codehaus.plexus.DefaultPlexusContainer.lookup(DefaultPlexusContainer.java:257)
	at org.apache.maven.plugin.internal.DefaultMavenPluginManager.getConfiguredMojo(DefaultMavenPluginManager.java:491)
	at org.eclipse.m2e.core.internal.embedder.MavenImpl.getConfiguredMojo(MavenImpl.java:206)
	at org.eclipse.m2e.mavenarchiver.internal.AbstractMavenArchiverConfigurator.reflectManifestGeneration(AbstractMavenArchiverConfigurator.java:439)
	at org.eclipse.m2e.mavenarchiver.internal.AbstractMavenArchiverConfigurator.lambda$3(AbstractMavenArchiverConfigurator.java:398)
	at org.eclipse.m2e.core.internal.embedder.MavenExecutionContext.executeBare(MavenExecutionContext.java:458)
	at org.eclipse.m2e.core.internal.embedder.MavenExecutionContext.execute(MavenExecutionContext.java:339)
	at org.eclipse.m2e.core.internal.embedder.MavenExecutionContext.execute(MavenExecutionContext.java:278)
	at org.eclipse.m2e.mavenarchiver.internal.AbstractMavenArchiverConfigurator.generateManifest(AbstractMavenArchiverConfigurator.java:371)
	at org.eclipse.m2e.mavenarchiver.internal.AbstractMavenArchiverConfigurator.mavenProjectChanged(AbstractMavenArchiverConfigurator.java:228)
	at org.eclipse.m2e.mavenarchiver.internal.AbstractMavenArchiverConfigurator$1.build(AbstractMavenArchiverConfigurator.java:178)
	at org.eclipse.m2e.core.internal.builder.MavenBuilderImpl.lambda$2(MavenBuilderImpl.java:159)
	at java.base/java.util.LinkedHashMap.forEach(LinkedHashMap.java:986)
	at org.eclipse.m2e.core.internal.builder.MavenBuilderImpl.build(MavenBuilderImpl.java:139)
	at org.eclipse.m2e.core.internal.builder.MavenBuilder$1.method(MavenBuilder.java:164)
	at org.eclipse.m2e.core.internal.builder.MavenBuilder$1.method(MavenBuilder.java:1)
	at org.eclipse.m2e.core.internal.builder.MavenBuilder$BuildMethod.lambda$1(MavenBuilder.java:109)
	at org.eclipse.m2e.core.internal.embedder.MavenExecutionContext.executeBare(MavenExecutionContext.java:458)
	at org.eclipse.m2e.core.internal.embedder.MavenExecutionContext.execute(MavenExecutionContext.java:292)
	at org.eclipse.m2e.core.internal.builder.MavenBuilder$BuildMethod.lambda$0(MavenBuilder.java:100)
	at org.eclipse.m2e.core.internal.embedder.MavenExecutionContext.executeBare(MavenExecutionContext.java:458)
	at org.eclipse.m2e.core.internal.embedder.MavenExecutionContext.execute(MavenExecutionContext.java:339)
	at org.eclipse.m2e.core.internal.embedder.MavenExecutionContext.execute(MavenExecutionContext.java:278)
	at org.eclipse.m2e.core.internal.builder.MavenBuilder$BuildMethod.execute(MavenBuilder.java:83)
	at org.eclipse.m2e.core.internal.builder.MavenBuilder.build(MavenBuilder.java:192)
	at org.eclipse.core.internal.events.BuildManager$2.run(BuildManager.java:1077)
	at org.eclipse.core.runtime.SafeRunner.run(SafeRunner.java:47)
	at org.eclipse.core.internal.events.BuildManager.basicBuild(BuildManager.java:296)
	at org.eclipse.core.internal.events.BuildManager.basicBuild(BuildManager.java:352)
	at org.eclipse.core.internal.events.BuildManager$1.run(BuildManager.java:441)
	at org.eclipse.core.runtime.SafeRunner.run(SafeRunner.java:47)
	at org.eclipse.core.internal.events.BuildManager.basicBuild(BuildManager.java:444)
	at org.eclipse.core.internal.events.BuildManager.basicBuildLoop(BuildManager.java:555)
	at org.eclipse.core.internal.events.BuildManager.basicBuildLoop(BuildManager.java:503)
	at org.eclipse.core.internal.events.BuildManager.build(BuildManager.java:585)
	at org.eclipse.core.internal.events.AutoBuildJob.doBuild(AutoBuildJob.java:207)
	at org.eclipse.core.internal.events.AutoBuildJob.run(AutoBuildJob.java:300)
	at org.eclipse.core.internal.jobs.Worker.run(Worker.java:63)
Caused by: com.google.inject.OutOfScopeException: Cannot access Key[type=org.apache.maven.project.MavenProject, annotation=[none]] outside of a scoping block
	at org.apache.maven.execution.scope.internal.MojoExecutionScope$2.get(MojoExecutionScope.java:99)
	at com.google.inject.internal.InternalFactoryToProviderAdapter.get(InternalFactoryToProviderAdapter.java:45)
	at com.google.inject.internal.SingleParameterInjector.inject(SingleParameterInjector.java:40)
	at com.google.inject.internal.SingleParameterInjector.getAll(SingleParameterInjector.java:60)
	at com.google.inject.internal.ConstructorInjector.provision(ConstructorInjector.java:113)
	at com.google.inject.internal.ConstructorInjector.access$000(ConstructorInjector.java:33)
	at com.google.inject.internal.ConstructorInjector$1.call(ConstructorInjector.java:98)
	at com.google.inject.internal.ProvisionListenerStackCallback$Provision.provision(ProvisionListenerStackCallback.java:109)
	at com.google.inject.internal.ProvisionListenerStackCallback$Provision.provision(ProvisionListenerStackCallback.java:124)
	at com.google.inject.internal.ProvisionListenerStackCallback.provision(ProvisionListenerStackCallback.java:66)
	at com.google.inject.internal.ConstructorInjector.construct(ConstructorInjector.java:93)
	at com.google.inject.internal.ConstructorBindingImpl$Factory.get(ConstructorBindingImpl.java:300)
	at com.google.inject.internal.InjectorImpl$1.get(InjectorImpl.java:1101)
	... 53 common frames omitted
2026-09-04 23:33:11,008 [Worker-40: Building] INFO  o.e.m.c.i.l.LifecycleMappingFactory - Using org.eclipse.m2e.jdt.JarLifecycleMapping lifecycle mapping for MavenProject: com.roshan:user-service:0.0.1-SNAPSHOT @ C:\Users\Abdul Rahman\OneDrive\Desktop\roshan\Payment Gateway Integration\User-Service\user-service\pom.xml.
2026-09-04 23:33:11,789 [Worker-40: Building] INFO  o.e.m.c.i.e.AbstractTransferListenerAdapter - Downloading https://repo.maven.apache.org/maven2/org/springframework/boot/spring-boot-devtools/4.1.1/spring-boot-devtools-4.1.1.pom
2026-09-04 23:33:11,799 [Worker-40: Building] INFO  o.e.m.c.i.e.AbstractTransferListenerAdapter - Downloaded https://repo.maven.apache.org/maven2/org/springframework/boot/spring-boot-devtools/4.1.1/spring-boot-devtools-4.1.1.pom
2026-09-04 23:33:12,024 [Worker-40: Building] INFO  o.e.m.c.i.e.AbstractTransferListenerAdapter - Downloading https://repo.maven.apache.org/maven2/org/springframework/boot/spring-boot-devtools/4.1.1/spring-boot-devtools-4.1.1.jar
2026-09-04 23:33:12,130 [Worker-40: Building] INFO  o.e.m.c.i.e.AbstractTransferListenerAdapter - Downloaded https://repo.maven.apache.org/maven2/org/springframework/boot/spring-boot-devtools/4.1.1/spring-boot-devtools-4.1.1.jar
2026-09-04 23:33:12,139 [Worker-40: Building] WARN  Sisu - Error injecting: org.apache.maven.plugins.jar.JarMojo
com.google.inject.ProvisionException: Unable to provision, see the following errors:

1) [Guice/ErrorInCustomProvider]: OutOfScopeException: Cannot access Key[type=MavenProject, annotation=[none]] outside of a scoping block
  at MojoExecutionScopeModule.configure(MojoExecutionScopeModule.java:47)
      \_ installed by: WireModule -> MojoExecutionScopeModule
  at JarMojo.<init>(JarMojo.java:72)
      \_ for 1st parameter
  while locating JarMojo

Learn more:
  https://github.com/google/guice/wiki/ERROR_IN_CUSTOM_PROVIDER

1 error

======================
Full classname legend:
======================
JarMojo:                  "org.apache.maven.plugins.jar.JarMojo"
MavenProject:             "org.apache.maven.project.MavenProject"
MojoExecutionScopeModule: "org.apache.maven.execution.scope.internal.MojoExecutionScopeModule"
OutOfScopeException:      "com.google.inject.OutOfScopeException"
WireModule:               "org.eclipse.sisu.wire.WireModule"
========================
End of classname legend:
========================

	at com.google.inject.internal.InternalProvisionException.toProvisionException(InternalProvisionException.java:251)
	at com.google.inject.internal.InjectorImpl$1.get(InjectorImpl.java:1104)
	at com.google.inject.internal.InjectorImpl.getInstance(InjectorImpl.java:1139)
	at org.eclipse.sisu.space.AbstractDeferredClass.get(AbstractDeferredClass.java:50)
	at com.google.inject.internal.ProviderInternalFactory.provision(ProviderInternalFactory.java:86)
	at com.google.inject.internal.InternalFactoryToInitializableAdapter.provision(InternalFactoryToInitializableAdapter.java:57)
	at com.google.inject.internal.ProviderInternalFactory$1.call(ProviderInternalFactory.java:67)
	at com.google.inject.internal.ProvisionListenerStackCallback$Provision.provision(ProvisionListenerStackCallback.java:109)
	at com.google.inject.internal.ProvisionListenerStackCallback$Provision.provision(ProvisionListenerStackCallback.java:124)
	at com.google.inject.internal.ProvisionListenerStackCallback.provision(ProvisionListenerStackCallback.java:66)
	at com.google.inject.internal.ProviderInternalFactory.circularGet(ProviderInternalFactory.java:62)
	at com.google.inject.internal.InternalFactoryToInitializableAdapter.get(InternalFactoryToInitializableAdapter.java:47)
	at com.google.inject.internal.InjectorImpl$1.get(InjectorImpl.java:1101)
	at org.eclipse.sisu.inject.Guice4$2.get(Guice4.java:235)
	at org.eclipse.sisu.inject.LazyBeanEntry.getValue(LazyBeanEntry.java:83)
	at org.eclipse.sisu.plexus.LazyPlexusBean.getValue(LazyPlexusBean.java:53)
	at org.codehaus.plexus.DefaultPlexusContainer.lookup(DefaultPlexusContainer.java:265)
	at org.codehaus.plexus.DefaultPlexusContainer.lookup(DefaultPlexusContainer.java:257)
	at org.apache.maven.plugin.internal.DefaultMavenPluginManager.getConfiguredMojo(DefaultMavenPluginManager.java:491)
	at org.eclipse.m2e.core.internal.embedder.MavenImpl.getConfiguredMojo(MavenImpl.java:206)
	at org.eclipse.m2e.mavenarchiver.internal.AbstractMavenArchiverConfigurator.reflectManifestGeneration(AbstractMavenArchiverConfigurator.java:439)
	at org.eclipse.m2e.mavenarchiver.internal.AbstractMavenArchiverConfigurator.lambda$3(AbstractMavenArchiverConfigurator.java:398)
	at org.eclipse.m2e.core.internal.embedder.MavenExecutionContext.executeBare(MavenExecutionContext.java:458)
	at org.eclipse.m2e.core.internal.embedder.MavenExecutionContext.execute(MavenExecutionContext.java:339)
	at org.eclipse.m2e.core.internal.embedder.MavenExecutionContext.execute(MavenExecutionContext.java:278)
	at org.eclipse.m2e.mavenarchiver.internal.AbstractMavenArchiverConfigurator.generateManifest(AbstractMavenArchiverConfigurator.java:371)
	at org.eclipse.m2e.mavenarchiver.internal.AbstractMavenArchiverConfigurator.mavenProjectChanged(AbstractMavenArchiverConfigurator.java:228)
	at org.eclipse.m2e.mavenarchiver.internal.AbstractMavenArchiverConfigurator.mavenProjectChanged(AbstractMavenArchiverConfigurator.java:220)
	at org.eclipse.m2e.core.internal.project.ProjectConfigurationManager.mavenProjectChanged(ProjectConfigurationManager.java:885)
	at org.eclipse.m2e.core.internal.project.registry.ProjectRegistryManager.notifyProjectChangeListeners(ProjectRegistryManager.java:892)
	at org.eclipse.m2e.core.internal.project.registry.ProjectRegistryManager.applyMutableProjectRegistry(ProjectRegistryManager.java:1042)
	at org.eclipse.m2e.core.internal.project.registry.ProjectRegistryManager.refresh(ProjectRegistryManager.java:324)
	at org.eclipse.m2e.core.internal.builder.MavenBuilder$BuildMethod.getProjectFacade(MavenBuilder.java:146)
	at org.eclipse.m2e.core.internal.builder.MavenBuilder$BuildMethod.lambda$0(MavenBuilder.java:84)
	at org.eclipse.m2e.core.internal.embedder.MavenExecutionContext.executeBare(MavenExecutionContext.java:458)
	at org.eclipse.m2e.core.internal.embedder.MavenExecutionContext.execute(MavenExecutionContext.java:339)
	at org.eclipse.m2e.core.internal.embedder.MavenExecutionContext.execute(MavenExecutionContext.java:278)
	at org.eclipse.m2e.core.internal.builder.MavenBuilder$BuildMethod.execute(MavenBuilder.java:83)
	at org.eclipse.m2e.core.internal.builder.MavenBuilder.build(MavenBuilder.java:192)
	at org.eclipse.core.internal.events.BuildManager$2.run(BuildManager.java:1077)
	at org.eclipse.core.runtime.SafeRunner.run(SafeRunner.java:47)
	at org.eclipse.core.internal.events.BuildManager.basicBuild(BuildManager.java:296)
	at org.eclipse.core.internal.events.BuildManager.basicBuild(BuildManager.java:352)
	at org.eclipse.core.internal.events.BuildManager$1.run(BuildManager.java:441)
	at org.eclipse.core.runtime.SafeRunner.run(SafeRunner.java:47)
	at org.eclipse.core.internal.events.BuildManager.basicBuild(BuildManager.java:444)
	at org.eclipse.core.internal.events.BuildManager.basicBuildLoop(BuildManager.java:555)
	at org.eclipse.core.internal.events.BuildManager.basicBuildLoop(BuildManager.java:503)
	at org.eclipse.core.internal.events.BuildManager.build(BuildManager.java:585)
	at org.eclipse.core.internal.events.AutoBuildJob.doBuild(AutoBuildJob.java:207)
	at org.eclipse.core.internal.events.AutoBuildJob.run(AutoBuildJob.java:300)
	at org.eclipse.core.internal.jobs.Worker.run(Worker.java:63)
Caused by: com.google.inject.OutOfScopeException: Cannot access Key[type=org.apache.maven.project.MavenProject, annotation=[none]] outside of a scoping block
	at org.apache.maven.execution.scope.internal.MojoExecutionScope$2.get(MojoExecutionScope.java:99)
	at com.google.inject.internal.InternalFactoryToProviderAdapter.get(InternalFactoryToProviderAdapter.java:45)
	at com.google.inject.internal.SingleParameterInjector.inject(SingleParameterInjector.java:40)
	at com.google.inject.internal.SingleParameterInjector.getAll(SingleParameterInjector.java:60)
	at com.google.inject.internal.ConstructorInjector.provision(ConstructorInjector.java:113)
	at com.google.inject.internal.ConstructorInjector.access$000(ConstructorInjector.java:33)
	at com.google.inject.internal.ConstructorInjector$1.call(ConstructorInjector.java:98)
	at com.google.inject.internal.ProvisionListenerStackCallback$Provision.provision(ProvisionListenerStackCallback.java:109)
	at com.google.inject.internal.ProvisionListenerStackCallback$Provision.provision(ProvisionListenerStackCallback.java:124)
	at com.google.inject.internal.ProvisionListenerStackCallback.provision(ProvisionListenerStackCallback.java:66)
	at com.google.inject.internal.ConstructorInjector.construct(ConstructorInjector.java:93)
	at com.google.inject.internal.ConstructorBindingImpl$Factory.get(ConstructorBindingImpl.java:300)
	at com.google.inject.internal.InjectorImpl$1.get(InjectorImpl.java:1101)
	... 50 common frames omitted
2026-09-04 23:33:12,556 [Worker-40: Building] INFO  o.a.m.s.f.DefaultMavenResourcesFiltering - Copying 0 resource from src\main\resources to target\classes
2026-09-04 23:33:12,558 [Worker-40: Building] INFO  o.a.m.s.f.DefaultMavenResourcesFiltering - Copying 0 resource from src\main\resources to target\classes
2026-09-04 23:33:12,563 [Worker-40: Building] INFO  o.a.m.s.f.DefaultMavenResourcesFiltering - skip non existing resourceDirectory C:\Users\Abdul Rahman\OneDrive\Desktop\roshan\Payment Gateway Integration\User-Service\user-service\src\test\resources
2026-09-04 23:33:12,570 [Worker-40: Building] WARN  Sisu - Error injecting: org.apache.maven.plugins.jar.JarMojo
com.google.inject.ProvisionException: Unable to provision, see the following errors:

1) [Guice/ErrorInCustomProvider]: OutOfScopeException: Cannot access Key[type=MavenProject, annotation=[none]] outside of a scoping block
  at MojoExecutionScopeModule.configure(MojoExecutionScopeModule.java:47)
      \_ installed by: WireModule -> MojoExecutionScopeModule
  at JarMojo.<init>(JarMojo.java:72)
      \_ for 1st parameter
  while locating JarMojo

Learn more:
  https://github.com/google/guice/wiki/ERROR_IN_CUSTOM_PROVIDER

1 error

======================
Full classname legend:
======================
JarMojo:                  "org.apache.maven.plugins.jar.JarMojo"
MavenProject:             "org.apache.maven.project.MavenProject"
MojoExecutionScopeModule: "org.apache.maven.execution.scope.internal.MojoExecutionScopeModule"
OutOfScopeException:      "com.google.inject.OutOfScopeException"
WireModule:               "org.eclipse.sisu.wire.WireModule"
========================
End of classname legend:
========================

	at com.google.inject.internal.InternalProvisionException.toProvisionException(InternalProvisionException.java:251)
	at com.google.inject.internal.InjectorImpl$1.get(InjectorImpl.java:1104)
	at com.google.inject.internal.InjectorImpl.getInstance(InjectorImpl.java:1139)
	at org.eclipse.sisu.space.AbstractDeferredClass.get(AbstractDeferredClass.java:50)
	at com.google.inject.internal.ProviderInternalFactory.provision(ProviderInternalFactory.java:86)
	at com.google.inject.internal.InternalFactoryToInitializableAdapter.provision(InternalFactoryToInitializableAdapter.java:57)
	at com.google.inject.internal.ProviderInternalFactory$1.call(ProviderInternalFactory.java:67)
	at com.google.inject.internal.ProvisionListenerStackCallback$Provision.provision(ProvisionListenerStackCallback.java:109)
	at com.google.inject.internal.ProvisionListenerStackCallback$Provision.provision(ProvisionListenerStackCallback.java:124)
	at com.google.inject.internal.ProvisionListenerStackCallback.provision(ProvisionListenerStackCallback.java:66)
	at com.google.inject.internal.ProviderInternalFactory.circularGet(ProviderInternalFactory.java:62)
	at com.google.inject.internal.InternalFactoryToInitializableAdapter.get(InternalFactoryToInitializableAdapter.java:47)
	at com.google.inject.internal.InjectorImpl$1.get(InjectorImpl.java:1101)
	at org.eclipse.sisu.inject.Guice4$2.get(Guice4.java:235)
	at org.eclipse.sisu.inject.LazyBeanEntry.getValue(LazyBeanEntry.java:83)
	at org.eclipse.sisu.plexus.LazyPlexusBean.getValue(LazyPlexusBean.java:53)
	at org.codehaus.plexus.DefaultPlexusContainer.lookup(DefaultPlexusContainer.java:265)
	at org.codehaus.plexus.DefaultPlexusContainer.lookup(DefaultPlexusContainer.java:257)
	at org.apache.maven.plugin.internal.DefaultMavenPluginManager.getConfiguredMojo(DefaultMavenPluginManager.java:491)
	at org.eclipse.m2e.core.internal.embedder.MavenImpl.getConfiguredMojo(MavenImpl.java:206)
	at org.eclipse.m2e.mavenarchiver.internal.AbstractMavenArchiverConfigurator.reflectManifestGeneration(AbstractMavenArchiverConfigurator.java:439)
	at org.eclipse.m2e.mavenarchiver.internal.AbstractMavenArchiverConfigurator.lambda$3(AbstractMavenArchiverConfigurator.java:398)
	at org.eclipse.m2e.core.internal.embedder.MavenExecutionContext.executeBare(MavenExecutionContext.java:458)
	at org.eclipse.m2e.core.internal.embedder.MavenExecutionContext.execute(MavenExecutionContext.java:339)
	at org.eclipse.m2e.core.internal.embedder.MavenExecutionContext.execute(MavenExecutionContext.java:278)
	at org.eclipse.m2e.mavenarchiver.internal.AbstractMavenArchiverConfigurator.generateManifest(AbstractMavenArchiverConfigurator.java:371)
	at org.eclipse.m2e.mavenarchiver.internal.AbstractMavenArchiverConfigurator.mavenProjectChanged(AbstractMavenArchiverConfigurator.java:228)
	at org.eclipse.m2e.mavenarchiver.internal.AbstractMavenArchiverConfigurator$1.build(AbstractMavenArchiverConfigurator.java:178)
	at org.eclipse.m2e.core.internal.builder.MavenBuilderImpl.lambda$2(MavenBuilderImpl.java:159)
	at java.base/java.util.LinkedHashMap.forEach(LinkedHashMap.java:986)
	at org.eclipse.m2e.core.internal.builder.MavenBuilderImpl.build(MavenBuilderImpl.java:139)
	at org.eclipse.m2e.core.internal.builder.MavenBuilder$1.method(MavenBuilder.java:164)
	at org.eclipse.m2e.core.internal.builder.MavenBuilder$1.method(MavenBuilder.java:1)
	at org.eclipse.m2e.core.internal.builder.MavenBuilder$BuildMethod.lambda$1(MavenBuilder.java:109)
	at org.eclipse.m2e.core.internal.embedder.MavenExecutionContext.executeBare(MavenExecutionContext.java:458)
	at org.eclipse.m2e.core.internal.embedder.MavenExecutionContext.execute(MavenExecutionContext.java:292)
	at org.eclipse.m2e.core.internal.builder.MavenBuilder$BuildMethod.lambda$0(MavenBuilder.java:100)
	at org.eclipse.m2e.core.internal.embedder.MavenExecutionContext.executeBare(MavenExecutionContext.java:458)
	at org.eclipse.m2e.core.internal.embedder.MavenExecutionContext.execute(MavenExecutionContext.java:339)
	at org.eclipse.m2e.core.internal.embedder.MavenExecutionContext.execute(MavenExecutionContext.java:278)
	at org.eclipse.m2e.core.internal.builder.MavenBuilder$BuildMethod.execute(MavenBuilder.java:83)
	at org.eclipse.m2e.core.internal.builder.MavenBuilder.build(MavenBuilder.java:192)
	at org.eclipse.core.internal.events.BuildManager$2.run(BuildManager.java:1077)
	at org.eclipse.core.runtime.SafeRunner.run(SafeRunner.java:47)
	at org.eclipse.core.internal.events.BuildManager.basicBuild(BuildManager.java:296)
	at org.eclipse.core.internal.events.BuildManager.basicBuild(BuildManager.java:352)
	at org.eclipse.core.internal.events.BuildManager$1.run(BuildManager.java:441)
	at org.eclipse.core.runtime.SafeRunner.run(SafeRunner.java:47)
	at org.eclipse.core.internal.events.BuildManager.basicBuild(BuildManager.java:444)
	at org.eclipse.core.internal.events.BuildManager.basicBuildLoop(BuildManager.java:555)
	at org.eclipse.core.internal.events.BuildManager.basicBuildLoop(BuildManager.java:503)
	at org.eclipse.core.internal.events.BuildManager.build(BuildManager.java:585)
	at org.eclipse.core.internal.events.AutoBuildJob.doBuild(AutoBuildJob.java:207)
	at org.eclipse.core.internal.events.AutoBuildJob.run(AutoBuildJob.java:300)
	at org.eclipse.core.internal.jobs.Worker.run(Worker.java:63)
Caused by: com.google.inject.OutOfScopeException: Cannot access Key[type=org.apache.maven.project.MavenProject, annotation=[none]] outside of a scoping block
	at org.apache.maven.execution.scope.internal.MojoExecutionScope$2.get(MojoExecutionScope.java:99)
	at com.google.inject.internal.InternalFactoryToProviderAdapter.get(InternalFactoryToProviderAdapter.java:45)
	at com.google.inject.internal.SingleParameterInjector.inject(SingleParameterInjector.java:40)
	at com.google.inject.internal.SingleParameterInjector.getAll(SingleParameterInjector.java:60)
	at com.google.inject.internal.ConstructorInjector.provision(ConstructorInjector.java:113)
	at com.google.inject.internal.ConstructorInjector.access$000(ConstructorInjector.java:33)
	at com.google.inject.internal.ConstructorInjector$1.call(ConstructorInjector.java:98)
	at com.google.inject.internal.ProvisionListenerStackCallback$Provision.provision(ProvisionListenerStackCallback.java:109)
	at com.google.inject.internal.ProvisionListenerStackCallback$Provision.provision(ProvisionListenerStackCallback.java:124)
	at com.google.inject.internal.ProvisionListenerStackCallback.provision(ProvisionListenerStackCallback.java:66)
	at com.google.inject.internal.ConstructorInjector.construct(ConstructorInjector.java:93)
	at com.google.inject.internal.ConstructorBindingImpl$Factory.get(ConstructorBindingImpl.java:300)
	at com.google.inject.internal.InjectorImpl$1.get(InjectorImpl.java:1101)
	... 53 common frames omitted
2026-09-04 23:33:13,543 [Worker-39: Download sources and javadoc] INFO  o.e.m.c.i.e.AbstractTransferListenerAdapter - Downloading https://repo.maven.apache.org/maven2/org/springframework/boot/spring-boot-devtools/4.1.1/spring-boot-devtools-4.1.1-sources.jar
2026-09-04 23:33:13,630 [Worker-39: Download sources and javadoc] INFO  o.e.m.c.i.e.AbstractTransferListenerAdapter - Downloaded https://repo.maven.apache.org/maven2/org/springframework/boot/spring-boot-devtools/4.1.1/spring-boot-devtools-4.1.1-sources.jar
2026-09-04 23:33:13,635 [Worker-39: Download sources and javadoc] INFO  o.e.m.j.internal.DownloadSourcesJob - Downloaded sources for org.springframework.boot:spring-boot-devtools:4.1.1
2026-09-04 23:33:14,026 [Worker-43: Building] INFO  o.a.m.s.f.DefaultMavenResourcesFiltering - Copying 1 resource from src\main\resources to target\classes
2026-09-04 23:33:14,034 [Worker-43: Building] INFO  o.a.m.s.f.DefaultMavenResourcesFiltering - Copying 0 resource from src\main\resources to target\classes
2026-09-04 23:33:14,036 [Worker-43: Building] INFO  o.a.m.s.f.DefaultMavenResourcesFiltering - skip non existing resourceDirectory C:\Users\Abdul Rahman\OneDrive\Desktop\roshan\Payment Gateway Integration\User-Service\user-service\src\test\resources
2026-09-04 23:33:14,041 [Worker-43: Building] WARN  Sisu - Error injecting: org.apache.maven.plugins.jar.JarMojo
com.google.inject.ProvisionException: Unable to provision, see the following errors:

1) [Guice/ErrorInCustomProvider]: OutOfScopeException: Cannot access Key[type=MavenProject, annotation=[none]] outside of a scoping block
  at MojoExecutionScopeModule.configure(MojoExecutionScopeModule.java:47)
      \_ installed by: WireModule -> MojoExecutionScopeModule
  at JarMojo.<init>(JarMojo.java:72)
      \_ for 1st parameter
  while locating JarMojo

Learn more:
  https://github.com/google/guice/wiki/ERROR_IN_CUSTOM_PROVIDER

1 error

======================
Full classname legend:
======================
JarMojo:                  "org.apache.maven.plugins.jar.JarMojo"
MavenProject:             "org.apache.maven.project.MavenProject"
MojoExecutionScopeModule: "org.apache.maven.execution.scope.internal.MojoExecutionScopeModule"
OutOfScopeException:      "com.google.inject.OutOfScopeException"
WireModule:               "org.eclipse.sisu.wire.WireModule"
========================
End of classname legend:
========================

	at com.google.inject.internal.InternalProvisionException.toProvisionException(InternalProvisionException.java:251)
	at com.google.inject.internal.InjectorImpl$1.get(InjectorImpl.java:1104)
	at com.google.inject.internal.InjectorImpl.getInstance(InjectorImpl.java:1139)
	at org.eclipse.sisu.space.AbstractDeferredClass.get(AbstractDeferredClass.java:50)
	at com.google.inject.internal.ProviderInternalFactory.provision(ProviderInternalFactory.java:86)
	at com.google.inject.internal.InternalFactoryToInitializableAdapter.provision(InternalFactoryToInitializableAdapter.java:57)
	at com.google.inject.internal.ProviderInternalFactory$1.call(ProviderInternalFactory.java:67)
	at com.google.inject.internal.ProvisionListenerStackCallback$Provision.provision(ProvisionListenerStackCallback.java:109)
	at com.google.inject.internal.ProvisionListenerStackCallback$Provision.provision(ProvisionListenerStackCallback.java:124)
	at com.google.inject.internal.ProvisionListenerStackCallback.provision(ProvisionListenerStackCallback.java:66)
	at com.google.inject.internal.ProviderInternalFactory.circularGet(ProviderInternalFactory.java:62)
	at com.google.inject.internal.InternalFactoryToInitializableAdapter.get(InternalFactoryToInitializableAdapter.java:47)
	at com.google.inject.internal.InjectorImpl$1.get(InjectorImpl.java:1101)
	at org.eclipse.sisu.inject.Guice4$2.get(Guice4.java:235)
	at org.eclipse.sisu.inject.LazyBeanEntry.getValue(LazyBeanEntry.java:83)
	at org.eclipse.sisu.plexus.LazyPlexusBean.getValue(LazyPlexusBean.java:53)
	at org.codehaus.plexus.DefaultPlexusContainer.lookup(DefaultPlexusContainer.java:265)
	at org.codehaus.plexus.DefaultPlexusContainer.lookup(DefaultPlexusContainer.java:257)
	at org.apache.maven.plugin.internal.DefaultMavenPluginManager.getConfiguredMojo(DefaultMavenPluginManager.java:491)
	at org.eclipse.m2e.core.internal.embedder.MavenImpl.getConfiguredMojo(MavenImpl.java:206)
	at org.eclipse.m2e.mavenarchiver.internal.AbstractMavenArchiverConfigurator.reflectManifestGeneration(AbstractMavenArchiverConfigurator.java:439)
	at org.eclipse.m2e.mavenarchiver.internal.AbstractMavenArchiverConfigurator.lambda$3(AbstractMavenArchiverConfigurator.java:398)
	at org.eclipse.m2e.core.internal.embedder.MavenExecutionContext.executeBare(MavenExecutionContext.java:458)
	at org.eclipse.m2e.core.internal.embedder.MavenExecutionContext.execute(MavenExecutionContext.java:339)
	at org.eclipse.m2e.core.internal.embedder.MavenExecutionContext.execute(MavenExecutionContext.java:278)
	at org.eclipse.m2e.mavenarchiver.internal.AbstractMavenArchiverConfigurator.generateManifest(AbstractMavenArchiverConfigurator.java:371)
	at org.eclipse.m2e.mavenarchiver.internal.AbstractMavenArchiverConfigurator.mavenProjectChanged(AbstractMavenArchiverConfigurator.java:228)
	at org.eclipse.m2e.mavenarchiver.internal.AbstractMavenArchiverConfigurator$1.build(AbstractMavenArchiverConfigurator.java:178)
	at org.eclipse.m2e.core.internal.builder.MavenBuilderImpl.lambda$2(MavenBuilderImpl.java:159)
	at java.base/java.util.LinkedHashMap.forEach(LinkedHashMap.java:986)
	at org.eclipse.m2e.core.internal.builder.MavenBuilderImpl.build(MavenBuilderImpl.java:139)
	at org.eclipse.m2e.core.internal.builder.MavenBuilder$1.method(MavenBuilder.java:164)
	at org.eclipse.m2e.core.internal.builder.MavenBuilder$1.method(MavenBuilder.java:1)
	at org.eclipse.m2e.core.internal.builder.MavenBuilder$BuildMethod.lambda$1(MavenBuilder.java:109)
	at org.eclipse.m2e.core.internal.embedder.MavenExecutionContext.executeBare(MavenExecutionContext.java:458)
	at org.eclipse.m2e.core.internal.embedder.MavenExecutionContext.execute(MavenExecutionContext.java:292)
	at org.eclipse.m2e.core.internal.builder.MavenBuilder$BuildMethod.lambda$0(MavenBuilder.java:100)
	at org.eclipse.m2e.core.internal.embedder.MavenExecutionContext.executeBare(MavenExecutionContext.java:458)
	at org.eclipse.m2e.core.internal.embedder.MavenExecutionContext.execute(MavenExecutionContext.java:339)
	at org.eclipse.m2e.core.internal.embedder.MavenExecutionContext.execute(MavenExecutionContext.java:278)
	at org.eclipse.m2e.core.internal.builder.MavenBuilder$BuildMethod.execute(MavenBuilder.java:83)
	at org.eclipse.m2e.core.internal.builder.MavenBuilder.build(MavenBuilder.java:192)
	at org.eclipse.core.internal.events.BuildManager$2.run(BuildManager.java:1077)
	at org.eclipse.core.runtime.SafeRunner.run(SafeRunner.java:47)
	at org.eclipse.core.internal.events.BuildManager.basicBuild(BuildManager.java:296)
	at org.eclipse.core.internal.events.BuildManager.basicBuild(BuildManager.java:352)
	at org.eclipse.core.internal.events.BuildManager$1.run(BuildManager.java:441)
	at org.eclipse.core.runtime.SafeRunner.run(SafeRunner.java:47)
	at org.eclipse.core.internal.events.BuildManager.basicBuild(BuildManager.java:444)
	at org.eclipse.core.internal.events.BuildManager.basicBuildLoop(BuildManager.java:555)
	at org.eclipse.core.internal.events.BuildManager.basicBuildLoop(BuildManager.java:503)
	at org.eclipse.core.internal.events.BuildManager.build(BuildManager.java:585)
	at org.eclipse.core.internal.events.AutoBuildJob.doBuild(AutoBuildJob.java:207)
	at org.eclipse.core.internal.events.AutoBuildJob.run(AutoBuildJob.java:300)
	at org.eclipse.core.internal.jobs.Worker.run(Worker.java:63)
Caused by: com.google.inject.OutOfScopeException: Cannot access Key[type=org.apache.maven.project.MavenProject, annotation=[none]] outside of a scoping block
	at org.apache.maven.execution.scope.internal.MojoExecutionScope$2.get(MojoExecutionScope.java:99)
	at com.google.inject.internal.InternalFactoryToProviderAdapter.get(InternalFactoryToProviderAdapter.java:45)
	at com.google.inject.internal.SingleParameterInjector.inject(SingleParameterInjector.java:40)
	at com.google.inject.internal.SingleParameterInjector.getAll(SingleParameterInjector.java:60)
	at com.google.inject.internal.ConstructorInjector.provision(ConstructorInjector.java:113)
	at com.google.inject.internal.ConstructorInjector.access$000(ConstructorInjector.java:33)
	at com.google.inject.internal.ConstructorInjector$1.call(ConstructorInjector.java:98)
	at com.google.inject.internal.ProvisionListenerStackCallback$Provision.provision(ProvisionListenerStackCallback.java:109)
	at com.google.inject.internal.ProvisionListenerStackCallback$Provision.provision(ProvisionListenerStackCallback.java:124)
	at com.google.inject.internal.ProvisionListenerStackCallback.provision(ProvisionListenerStackCallback.java:66)
	at com.google.inject.internal.ConstructorInjector.construct(ConstructorInjector.java:93)
	at com.google.inject.internal.ConstructorBindingImpl$Factory.get(ConstructorBindingImpl.java:300)
	at com.google.inject.internal.InjectorImpl$1.get(InjectorImpl.java:1101)
	... 53 common frames omitted
2026-09-04 23:33:15,419 [Worker-36: Updating Maven Project] INFO  o.e.m.c.i.p.ProjectConfigurationManager - Update started
2026-09-04 23:33:15,698 [Worker-36: Updating Maven Project] INFO  o.e.m.c.i.l.LifecycleMappingFactory - Using org.eclipse.m2e.jdt.JarLifecycleMapping lifecycle mapping for MavenProject: com.roshan:user-service:0.0.1-SNAPSHOT @ C:\Users\Abdul Rahman\OneDrive\Desktop\roshan\Payment Gateway Integration\User-Service\user-service\pom.xml.
2026-09-04 23:33:16,177 [Worker-36: Updating Maven Project] WARN  Sisu - Error injecting: org.apache.maven.plugins.jar.JarMojo
com.google.inject.ProvisionException: Unable to provision, see the following errors:

1) [Guice/ErrorInCustomProvider]: OutOfScopeException: Cannot access Key[type=MavenProject, annotation=[none]] outside of a scoping block
  at MojoExecutionScopeModule.configure(MojoExecutionScopeModule.java:47)
      \_ installed by: WireModule -> MojoExecutionScopeModule
  at JarMojo.<init>(JarMojo.java:72)
      \_ for 1st parameter
  while locating JarMojo

Learn more:
  https://github.com/google/guice/wiki/ERROR_IN_CUSTOM_PROVIDER

1 error

======================
Full classname legend:
======================
JarMojo:                  "org.apache.maven.plugins.jar.JarMojo"
MavenProject:             "org.apache.maven.project.MavenProject"
MojoExecutionScopeModule: "org.apache.maven.execution.scope.internal.MojoExecutionScopeModule"
OutOfScopeException:      "com.google.inject.OutOfScopeException"
WireModule:               "org.eclipse.sisu.wire.WireModule"
========================
End of classname legend:
========================

	at com.google.inject.internal.InternalProvisionException.toProvisionException(InternalProvisionException.java:251)
	at com.google.inject.internal.InjectorImpl$1.get(InjectorImpl.java:1104)
	at com.google.inject.internal.InjectorImpl.getInstance(InjectorImpl.java:1139)
	at org.eclipse.sisu.space.AbstractDeferredClass.get(AbstractDeferredClass.java:50)
	at com.google.inject.internal.ProviderInternalFactory.provision(ProviderInternalFactory.java:86)
	at com.google.inject.internal.InternalFactoryToInitializableAdapter.provision(InternalFactoryToInitializableAdapter.java:57)
	at com.google.inject.internal.ProviderInternalFactory$1.call(ProviderInternalFactory.java:67)
	at com.google.inject.internal.ProvisionListenerStackCallback$Provision.provision(ProvisionListenerStackCallback.java:109)
	at com.google.inject.internal.ProvisionListenerStackCallback$Provision.provision(ProvisionListenerStackCallback.java:124)
	at com.google.inject.internal.ProvisionListenerStackCallback.provision(ProvisionListenerStackCallback.java:66)
	at com.google.inject.internal.ProviderInternalFactory.circularGet(ProviderInternalFactory.java:62)
	at com.google.inject.internal.InternalFactoryToInitializableAdapter.get(InternalFactoryToInitializableAdapter.java:47)
	at com.google.inject.internal.InjectorImpl$1.get(InjectorImpl.java:1101)
	at org.eclipse.sisu.inject.Guice4$2.get(Guice4.java:235)
	at org.eclipse.sisu.inject.LazyBeanEntry.getValue(LazyBeanEntry.java:83)
	at org.eclipse.sisu.plexus.LazyPlexusBean.getValue(LazyPlexusBean.java:53)
	at org.codehaus.plexus.DefaultPlexusContainer.lookup(DefaultPlexusContainer.java:265)
	at org.codehaus.plexus.DefaultPlexusContainer.lookup(DefaultPlexusContainer.java:257)
	at org.apache.maven.plugin.internal.DefaultMavenPluginManager.getConfiguredMojo(DefaultMavenPluginManager.java:491)
	at org.eclipse.m2e.core.internal.embedder.MavenImpl.getConfiguredMojo(MavenImpl.java:206)
	at org.eclipse.m2e.mavenarchiver.internal.AbstractMavenArchiverConfigurator.reflectManifestGeneration(AbstractMavenArchiverConfigurator.java:439)
	at org.eclipse.m2e.mavenarchiver.internal.AbstractMavenArchiverConfigurator.lambda$3(AbstractMavenArchiverConfigurator.java:398)
	at org.eclipse.m2e.core.internal.embedder.MavenExecutionContext.executeBare(MavenExecutionContext.java:458)
	at org.eclipse.m2e.core.internal.embedder.MavenExecutionContext.execute(MavenExecutionContext.java:339)
	at org.eclipse.m2e.core.internal.embedder.MavenExecutionContext.execute(MavenExecutionContext.java:278)
	at org.eclipse.m2e.mavenarchiver.internal.AbstractMavenArchiverConfigurator.generateManifest(AbstractMavenArchiverConfigurator.java:371)
	at org.eclipse.m2e.mavenarchiver.internal.AbstractMavenArchiverConfigurator.mavenProjectChanged(AbstractMavenArchiverConfigurator.java:228)
	at org.eclipse.m2e.mavenarchiver.internal.AbstractMavenArchiverConfigurator.mavenProjectChanged(AbstractMavenArchiverConfigurator.java:220)
	at org.eclipse.m2e.core.internal.project.ProjectConfigurationManager.mavenProjectChanged(ProjectConfigurationManager.java:885)
	at org.eclipse.m2e.core.internal.project.registry.ProjectRegistryManager.notifyProjectChangeListeners(ProjectRegistryManager.java:892)
	at org.eclipse.m2e.core.internal.project.registry.ProjectRegistryManager.applyMutableProjectRegistry(ProjectRegistryManager.java:1042)
	at org.eclipse.m2e.core.internal.project.registry.ProjectRegistryManager.refresh(ProjectRegistryManager.java:324)
	at org.eclipse.m2e.core.internal.project.ProjectConfigurationManager.updateProjectConfiguration0(ProjectConfigurationManager.java:388)
	at org.eclipse.m2e.core.internal.project.ProjectConfigurationManager.lambda$3(ProjectConfigurationManager.java:340)
	at org.eclipse.m2e.core.internal.embedder.MavenExecutionContext.executeBare(MavenExecutionContext.java:458)
	at org.eclipse.m2e.core.internal.embedder.MavenExecutionContext.execute(MavenExecutionContext.java:339)
	at org.eclipse.m2e.core.internal.embedder.MavenExecutionContext.execute(MavenExecutionContext.java:278)
	at org.eclipse.m2e.core.internal.embedder.MavenImpl.execute(MavenImpl.java:1053)
	at org.eclipse.m2e.core.internal.project.ProjectConfigurationManager.updateProjectConfiguration(ProjectConfigurationManager.java:339)
	at org.eclipse.m2e.core.ui.internal.UpdateMavenProjectJob.runInWorkspace(UpdateMavenProjectJob.java:80)
	at org.eclipse.core.internal.resources.InternalWorkspaceJob.run(InternalWorkspaceJob.java:43)
	at org.eclipse.core.internal.jobs.Worker.run(Worker.java:63)
Caused by: com.google.inject.OutOfScopeException: Cannot access Key[type=org.apache.maven.project.MavenProject, annotation=[none]] outside of a scoping block
	at org.apache.maven.execution.scope.internal.MojoExecutionScope$2.get(MojoExecutionScope.java:99)
	at com.google.inject.internal.InternalFactoryToProviderAdapter.get(InternalFactoryToProviderAdapter.java:45)
	at com.google.inject.internal.SingleParameterInjector.inject(SingleParameterInjector.java:40)
	at com.google.inject.internal.SingleParameterInjector.getAll(SingleParameterInjector.java:60)
	at com.google.inject.internal.ConstructorInjector.provision(ConstructorInjector.java:113)
	at com.google.inject.internal.ConstructorInjector.access$000(ConstructorInjector.java:33)
	at com.google.inject.internal.ConstructorInjector$1.call(ConstructorInjector.java:98)
	at com.google.inject.internal.ProvisionListenerStackCallback$Provision.provision(ProvisionListenerStackCallback.java:109)
	at com.google.inject.internal.ProvisionListenerStackCallback$Provision.provision(ProvisionListenerStackCallback.java:124)
	at com.google.inject.internal.ProvisionListenerStackCallback.provision(ProvisionListenerStackCallback.java:66)
	at com.google.inject.internal.ConstructorInjector.construct(ConstructorInjector.java:93)
	at com.google.inject.internal.ConstructorBindingImpl$Factory.get(ConstructorBindingImpl.java:300)
	at com.google.inject.internal.InjectorImpl$1.get(InjectorImpl.java:1101)
	... 40 common frames omitted
2026-09-04 23:33:16,418 [Worker-36: Updating Maven Project] INFO  o.e.m.j.i.AbstractJavaProjectConfigurator - Adding source folder /user-service/src/main/java
2026-09-04 23:33:16,418 [Worker-36: Updating Maven Project] INFO  o.e.m.j.i.AbstractJavaProjectConfigurator - Adding resource folder /user-service/src/main/resources
2026-09-04 23:33:16,419 [Worker-36: Updating Maven Project] INFO  o.e.m.j.i.AbstractJavaProjectConfigurator - Adding resource folder /user-service/src/main/resources
2026-09-04 23:33:16,419 [Worker-36: Updating Maven Project] INFO  o.e.m.j.i.AbstractJavaProjectConfigurator - Adding source folder /user-service/src/test/java
2026-09-04 23:33:16,420 [Worker-36: Updating Maven Project] INFO  o.e.m.j.i.AbstractJavaProjectConfigurator - Adding resource folder /user-service/src/test/resources
2026-09-04 23:33:16,655 [Worker-36: Updating Maven Project] INFO  o.e.m.c.i.p.ProjectConfigurationManager - Update completed for 1 poms: local refresh takes 0.00 sec, refresh facades takes 0.00 sec, update config takes 0.00 sec 
2026-09-04 23:33:16,923 [Worker-43: Building] INFO  o.a.m.s.f.DefaultMavenResourcesFiltering - Copying 1 resource from src\main\resources to target\classes
2026-09-04 23:33:16,935 [Worker-43: Building] INFO  o.a.m.s.f.DefaultMavenResourcesFiltering - Copying 0 resource from src\main\resources to target\classes
2026-09-04 23:33:16,939 [Worker-43: Building] INFO  o.a.m.s.f.DefaultMavenResourcesFiltering - skip non existing resourceDirectory C:\Users\Abdul Rahman\OneDrive\Desktop\roshan\Payment Gateway Integration\User-Service\user-service\src\test\resources
2026-09-04 23:33:16,948 [Worker-43: Building] WARN  Sisu - Error injecting: org.apache.maven.plugins.jar.JarMojo
com.google.inject.ProvisionException: Unable to provision, see the following errors:

1) [Guice/ErrorInCustomProvider]: OutOfScopeException: Cannot access Key[type=MavenProject, annotation=[none]] outside of a scoping block
  at MojoExecutionScopeModule.configure(MojoExecutionScopeModule.java:47)
      \_ installed by: WireModule -> MojoExecutionScopeModule
  at JarMojo.<init>(JarMojo.java:72)
      \_ for 1st parameter
  while locating JarMojo

Learn more:
  https://github.com/google/guice/wiki/ERROR_IN_CUSTOM_PROVIDER

1 error

======================
Full classname legend:
======================
JarMojo:                  "org.apache.maven.plugins.jar.JarMojo"
MavenProject:             "org.apache.maven.project.MavenProject"
MojoExecutionScopeModule: "org.apache.maven.execution.scope.internal.MojoExecutionScopeModule"
OutOfScopeException:      "com.google.inject.OutOfScopeException"
WireModule:               "org.eclipse.sisu.wire.WireModule"
========================
End of classname legend:
========================

	at com.google.inject.internal.InternalProvisionException.toProvisionException(InternalProvisionException.java:251)
	at com.google.inject.internal.InjectorImpl$1.get(InjectorImpl.java:1104)
	at com.google.inject.internal.InjectorImpl.getInstance(InjectorImpl.java:1139)
	at org.eclipse.sisu.space.AbstractDeferredClass.get(AbstractDeferredClass.java:50)
	at com.google.inject.internal.ProviderInternalFactory.provision(ProviderInternalFactory.java:86)
	at com.google.inject.internal.InternalFactoryToInitializableAdapter.provision(InternalFactoryToInitializableAdapter.java:57)
	at com.google.inject.internal.ProviderInternalFactory$1.call(ProviderInternalFactory.java:67)
	at com.google.inject.internal.ProvisionListenerStackCallback$Provision.provision(ProvisionListenerStackCallback.java:109)
	at com.google.inject.internal.ProvisionListenerStackCallback$Provision.provision(ProvisionListenerStackCallback.java:124)
	at com.google.inject.internal.ProvisionListenerStackCallback.provision(ProvisionListenerStackCallback.java:66)
	at com.google.inject.internal.ProviderInternalFactory.circularGet(ProviderInternalFactory.java:62)
	at com.google.inject.internal.InternalFactoryToInitializableAdapter.get(InternalFactoryToInitializableAdapter.java:47)
	at com.google.inject.internal.InjectorImpl$1.get(InjectorImpl.java:1101)
	at org.eclipse.sisu.inject.Guice4$2.get(Guice4.java:235)
	at org.eclipse.sisu.inject.LazyBeanEntry.getValue(LazyBeanEntry.java:83)
	at org.eclipse.sisu.plexus.LazyPlexusBean.getValue(LazyPlexusBean.java:53)
	at org.codehaus.plexus.DefaultPlexusContainer.lookup(DefaultPlexusContainer.java:265)
	at org.codehaus.plexus.DefaultPlexusContainer.lookup(DefaultPlexusContainer.java:257)
	at org.apache.maven.plugin.internal.DefaultMavenPluginManager.getConfiguredMojo(DefaultMavenPluginManager.java:491)
	at org.eclipse.m2e.core.internal.embedder.MavenImpl.getConfiguredMojo(MavenImpl.java:206)
	at org.eclipse.m2e.mavenarchiver.internal.AbstractMavenArchiverConfigurator.reflectManifestGeneration(AbstractMavenArchiverConfigurator.java:439)
	at org.eclipse.m2e.mavenarchiver.internal.AbstractMavenArchiverConfigurator.lambda$3(AbstractMavenArchiverConfigurator.java:398)
	at org.eclipse.m2e.core.internal.embedder.MavenExecutionContext.executeBare(MavenExecutionContext.java:458)
	at org.eclipse.m2e.core.internal.embedder.MavenExecutionContext.execute(MavenExecutionContext.java:339)
	at org.eclipse.m2e.core.internal.embedder.MavenExecutionContext.execute(MavenExecutionContext.java:278)
	at org.eclipse.m2e.mavenarchiver.internal.AbstractMavenArchiverConfigurator.generateManifest(AbstractMavenArchiverConfigurator.java:371)
	at org.eclipse.m2e.mavenarchiver.internal.AbstractMavenArchiverConfigurator.mavenProjectChanged(AbstractMavenArchiverConfigurator.java:228)
	at org.eclipse.m2e.mavenarchiver.internal.AbstractMavenArchiverConfigurator$1.build(AbstractMavenArchiverConfigurator.java:178)
	at org.eclipse.m2e.core.internal.builder.MavenBuilderImpl.lambda$2(MavenBuilderImpl.java:159)
	at java.base/java.util.LinkedHashMap.forEach(LinkedHashMap.java:986)
	at org.eclipse.m2e.core.internal.builder.MavenBuilderImpl.build(MavenBuilderImpl.java:139)
	at org.eclipse.m2e.core.internal.builder.MavenBuilder$1.method(MavenBuilder.java:164)
	at org.eclipse.m2e.core.internal.builder.MavenBuilder$1.method(MavenBuilder.java:1)
	at org.eclipse.m2e.core.internal.builder.MavenBuilder$BuildMethod.lambda$1(MavenBuilder.java:109)
	at org.eclipse.m2e.core.internal.embedder.MavenExecutionContext.executeBare(MavenExecutionContext.java:458)
	at org.eclipse.m2e.core.internal.embedder.MavenExecutionContext.execute(MavenExecutionContext.java:292)
	at org.eclipse.m2e.core.internal.builder.MavenBuilder$BuildMethod.lambda$0(MavenBuilder.java:100)
	at org.eclipse.m2e.core.internal.embedder.MavenExecutionContext.executeBare(MavenExecutionContext.java:458)
	at org.eclipse.m2e.core.internal.embedder.MavenExecutionContext.execute(MavenExecutionContext.java:339)
	at org.eclipse.m2e.core.internal.embedder.MavenExecutionContext.execute(MavenExecutionContext.java:278)
	at org.eclipse.m2e.core.internal.builder.MavenBuilder$BuildMethod.execute(MavenBuilder.java:83)
	at org.eclipse.m2e.core.internal.builder.MavenBuilder.build(MavenBuilder.java:192)
	at org.eclipse.core.internal.events.BuildManager$2.run(BuildManager.java:1077)
	at org.eclipse.core.runtime.SafeRunner.run(SafeRunner.java:47)
	at org.eclipse.core.internal.events.BuildManager.basicBuild(BuildManager.java:296)
	at org.eclipse.core.internal.events.BuildManager.basicBuild(BuildManager.java:352)
	at org.eclipse.core.internal.events.BuildManager$1.run(BuildManager.java:441)
	at org.eclipse.core.runtime.SafeRunner.run(SafeRunner.java:47)
	at org.eclipse.core.internal.events.BuildManager.basicBuild(BuildManager.java:444)
	at org.eclipse.core.internal.events.BuildManager.basicBuildLoop(BuildManager.java:555)
	at org.eclipse.core.internal.events.BuildManager.basicBuildLoop(BuildManager.java:503)
	at org.eclipse.core.internal.events.BuildManager.build(BuildManager.java:585)
	at org.eclipse.core.internal.events.AutoBuildJob.doBuild(AutoBuildJob.java:207)
	at org.eclipse.core.internal.events.AutoBuildJob.run(AutoBuildJob.java:300)
	at org.eclipse.core.internal.jobs.Worker.run(Worker.java:63)
Caused by: com.google.inject.OutOfScopeException: Cannot access Key[type=org.apache.maven.project.MavenProject, annotation=[none]] outside of a scoping block
	at org.apache.maven.execution.scope.internal.MojoExecutionScope$2.get(MojoExecutionScope.java:99)
	at com.google.inject.internal.InternalFactoryToProviderAdapter.get(InternalFactoryToProviderAdapter.java:45)
	at com.google.inject.internal.SingleParameterInjector.inject(SingleParameterInjector.java:40)
	at com.google.inject.internal.SingleParameterInjector.getAll(SingleParameterInjector.java:60)
	at com.google.inject.internal.ConstructorInjector.provision(ConstructorInjector.java:113)
	at com.google.inject.internal.ConstructorInjector.access$000(ConstructorInjector.java:33)
	at com.google.inject.internal.ConstructorInjector$1.call(ConstructorInjector.java:98)
	at com.google.inject.internal.ProvisionListenerStackCallback$Provision.provision(ProvisionListenerStackCallback.java:109)
	at com.google.inject.internal.ProvisionListenerStackCallback$Provision.provision(ProvisionListenerStackCallback.java:124)
	at com.google.inject.internal.ProvisionListenerStackCallback.provision(ProvisionListenerStackCallback.java:66)
	at com.google.inject.internal.ConstructorInjector.construct(ConstructorInjector.java:93)
	at com.google.inject.internal.ConstructorBindingImpl$Factory.get(ConstructorBindingImpl.java:300)
	at com.google.inject.internal.InjectorImpl$1.get(InjectorImpl.java:1101)
	... 53 common frames omitted
2026-09-04 23:35:01,192 [Worker-41: Building] INFO  o.a.m.s.f.DefaultMavenResourcesFiltering - Copying 0 resource from src\main\resources to target\classes
2026-09-04 23:35:01,193 [Worker-41: Building] INFO  o.a.m.s.f.DefaultMavenResourcesFiltering - Copying 0 resource from src\main\resources to target\classes
2026-09-04 23:35:01,194 [Worker-41: Building] INFO  o.a.m.s.f.DefaultMavenResourcesFiltering - skip non existing resourceDirectory C:\Users\Abdul Rahman\OneDrive\Desktop\roshan\Payment Gateway Integration\User-Service\user-service\src\test\resources
2026-09-04 23:35:01,198 [Worker-41: Building] WARN  Sisu - Error injecting: org.apache.maven.plugins.jar.JarMojo
com.google.inject.ProvisionException: Unable to provision, see the following errors:

1) [Guice/ErrorInCustomProvider]: OutOfScopeException: Cannot access Key[type=MavenProject, annotation=[none]] outside of a scoping block
  at MojoExecutionScopeModule.configure(MojoExecutionScopeModule.java:47)
      \_ installed by: WireModule -> MojoExecutionScopeModule
  at JarMojo.<init>(JarMojo.java:72)
      \_ for 1st parameter
  while locating JarMojo

Learn more:
  https://github.com/google/guice/wiki/ERROR_IN_CUSTOM_PROVIDER

1 error

======================
Full classname legend:
======================
JarMojo:                  "org.apache.maven.plugins.jar.JarMojo"
MavenProject:             "org.apache.maven.project.MavenProject"
MojoExecutionScopeModule: "org.apache.maven.execution.scope.internal.MojoExecutionScopeModule"
OutOfScopeException:      "com.google.inject.OutOfScopeException"
WireModule:               "org.eclipse.sisu.wire.WireModule"
========================
End of classname legend:
========================

	at com.google.inject.internal.InternalProvisionException.toProvisionException(InternalProvisionException.java:251)
	at com.google.inject.internal.InjectorImpl$1.get(InjectorImpl.java:1104)
	at com.google.inject.internal.InjectorImpl.getInstance(InjectorImpl.java:1139)
	at org.eclipse.sisu.space.AbstractDeferredClass.get(AbstractDeferredClass.java:50)
	at com.google.inject.internal.ProviderInternalFactory.provision(ProviderInternalFactory.java:86)
	at com.google.inject.internal.InternalFactoryToInitializableAdapter.provision(InternalFactoryToInitializableAdapter.java:57)
	at com.google.inject.internal.ProviderInternalFactory$1.call(ProviderInternalFactory.java:67)
	at com.google.inject.internal.ProvisionListenerStackCallback$Provision.provision(ProvisionListenerStackCallback.java:109)
	at com.google.inject.internal.ProvisionListenerStackCallback$Provision.provision(ProvisionListenerStackCallback.java:124)
	at com.google.inject.internal.ProvisionListenerStackCallback.provision(ProvisionListenerStackCallback.java:66)
	at com.google.inject.internal.ProviderInternalFactory.circularGet(ProviderInternalFactory.java:62)
	at com.google.inject.internal.InternalFactoryToInitializableAdapter.get(InternalFactoryToInitializableAdapter.java:47)
	at com.google.inject.internal.InjectorImpl$1.get(InjectorImpl.java:1101)
	at org.eclipse.sisu.inject.Guice4$2.get(Guice4.java:235)
	at org.eclipse.sisu.inject.LazyBeanEntry.getValue(LazyBeanEntry.java:83)
	at org.eclipse.sisu.plexus.LazyPlexusBean.getValue(LazyPlexusBean.java:53)
	at org.codehaus.plexus.DefaultPlexusContainer.lookup(DefaultPlexusContainer.java:265)
	at org.codehaus.plexus.DefaultPlexusContainer.lookup(DefaultPlexusContainer.java:257)
	at org.apache.maven.plugin.internal.DefaultMavenPluginManager.getConfiguredMojo(DefaultMavenPluginManager.java:491)
	at org.eclipse.m2e.core.internal.embedder.MavenImpl.getConfiguredMojo(MavenImpl.java:206)
	at org.eclipse.m2e.mavenarchiver.internal.AbstractMavenArchiverConfigurator.reflectManifestGeneration(AbstractMavenArchiverConfigurator.java:439)
	at org.eclipse.m2e.mavenarchiver.internal.AbstractMavenArchiverConfigurator.lambda$3(AbstractMavenArchiverConfigurator.java:398)
	at org.eclipse.m2e.core.internal.embedder.MavenExecutionContext.executeBare(MavenExecutionContext.java:458)
	at org.eclipse.m2e.core.internal.embedder.MavenExecutionContext.execute(MavenExecutionContext.java:339)
	at org.eclipse.m2e.core.internal.embedder.MavenExecutionContext.execute(MavenExecutionContext.java:278)
	at org.eclipse.m2e.mavenarchiver.internal.AbstractMavenArchiverConfigurator.generateManifest(AbstractMavenArchiverConfigurator.java:371)
	at org.eclipse.m2e.mavenarchiver.internal.AbstractMavenArchiverConfigurator.mavenProjectChanged(AbstractMavenArchiverConfigurator.java:228)
	at org.eclipse.m2e.mavenarchiver.internal.AbstractMavenArchiverConfigurator$1.build(AbstractMavenArchiverConfigurator.java:178)
	at org.eclipse.m2e.core.internal.builder.MavenBuilderImpl.lambda$2(MavenBuilderImpl.java:159)
	at java.base/java.util.LinkedHashMap.forEach(LinkedHashMap.java:986)
	at org.eclipse.m2e.core.internal.builder.MavenBuilderImpl.build(MavenBuilderImpl.java:139)
	at org.eclipse.m2e.core.internal.builder.MavenBuilder$1.method(MavenBuilder.java:164)
	at org.eclipse.m2e.core.internal.builder.MavenBuilder$1.method(MavenBuilder.java:1)
	at org.eclipse.m2e.core.internal.builder.MavenBuilder$BuildMethod.lambda$1(MavenBuilder.java:109)
	at org.eclipse.m2e.core.internal.embedder.MavenExecutionContext.executeBare(MavenExecutionContext.java:458)
	at org.eclipse.m2e.core.internal.embedder.MavenExecutionContext.execute(MavenExecutionContext.java:292)
	at org.eclipse.m2e.core.internal.builder.MavenBuilder$BuildMethod.lambda$0(MavenBuilder.java:100)
	at org.eclipse.m2e.core.internal.embedder.MavenExecutionContext.executeBare(MavenExecutionContext.java:458)
	at org.eclipse.m2e.core.internal.embedder.MavenExecutionContext.execute(MavenExecutionContext.java:339)
	at org.eclipse.m2e.core.internal.embedder.MavenExecutionContext.execute(MavenExecutionContext.java:278)
	at org.eclipse.m2e.core.internal.builder.MavenBuilder$BuildMethod.execute(MavenBuilder.java:83)
	at org.eclipse.m2e.core.internal.builder.MavenBuilder.build(MavenBuilder.java:192)
	at org.eclipse.core.internal.events.BuildManager$2.run(BuildManager.java:1077)
	at org.eclipse.core.runtime.SafeRunner.run(SafeRunner.java:47)
	at org.eclipse.core.internal.events.BuildManager.basicBuild(BuildManager.java:296)
	at org.eclipse.core.internal.events.BuildManager.basicBuild(BuildManager.java:352)
	at org.eclipse.core.internal.events.BuildManager$1.run(BuildManager.java:441)
	at org.eclipse.core.runtime.SafeRunner.run(SafeRunner.java:47)
	at org.eclipse.core.internal.events.BuildManager.basicBuild(BuildManager.java:444)
	at org.eclipse.core.internal.events.BuildManager.basicBuildLoop(BuildManager.java:555)
	at org.eclipse.core.internal.events.BuildManager.basicBuildLoop(BuildManager.java:503)
	at org.eclipse.core.internal.events.BuildManager.build(BuildManager.java:585)
	at org.eclipse.core.internal.events.AutoBuildJob.doBuild(AutoBuildJob.java:207)
	at org.eclipse.core.internal.events.AutoBuildJob.run(AutoBuildJob.java:300)
	at org.eclipse.core.internal.jobs.Worker.run(Worker.java:63)
Caused by: com.google.inject.OutOfScopeException: Cannot access Key[type=org.apache.maven.project.MavenProject, annotation=[none]] outside of a scoping block
	at org.apache.maven.execution.scope.internal.MojoExecutionScope$2.get(MojoExecutionScope.java:99)
	at com.google.inject.internal.InternalFactoryToProviderAdapter.get(InternalFactoryToProviderAdapter.java:45)
	at com.google.inject.internal.SingleParameterInjector.inject(SingleParameterInjector.java:40)
	at com.google.inject.internal.SingleParameterInjector.getAll(SingleParameterInjector.java:60)
	at com.google.inject.internal.ConstructorInjector.provision(ConstructorInjector.java:113)
	at com.google.inject.internal.ConstructorInjector.access$000(ConstructorInjector.java:33)
	at com.google.inject.internal.ConstructorInjector$1.call(ConstructorInjector.java:98)
	at com.google.inject.internal.ProvisionListenerStackCallback$Provision.provision(ProvisionListenerStackCallback.java:109)
	at com.google.inject.internal.ProvisionListenerStackCallback$Provision.provision(ProvisionListenerStackCallback.java:124)
	at com.google.inject.internal.ProvisionListenerStackCallback.provision(ProvisionListenerStackCallback.java:66)
	at com.google.inject.internal.ConstructorInjector.construct(ConstructorInjector.java:93)
	at com.google.inject.internal.ConstructorBindingImpl$Factory.get(ConstructorBindingImpl.java:300)
	at com.google.inject.internal.InjectorImpl$1.get(InjectorImpl.java:1101)
	... 53 common frames omitted
2026-09-04 23:38:37,301 [Worker-40: Building] INFO  o.a.m.s.f.DefaultMavenResourcesFiltering - Copying 0 resource from src\main\resources to target\classes
2026-09-04 23:38:37,301 [Worker-40: Building] INFO  o.a.m.s.f.DefaultMavenResourcesFiltering - Copying 0 resource from src\main\resources to target\classes
2026-09-04 23:38:37,303 [Worker-40: Building] INFO  o.a.m.s.f.DefaultMavenResourcesFiltering - skip non existing resourceDirectory C:\Users\Abdul Rahman\OneDrive\Desktop\roshan\Payment Gateway Integration\User-Service\user-service\src\test\resources
2026-09-04 23:38:37,308 [Worker-40: Building] WARN  Sisu - Error injecting: org.apache.maven.plugins.jar.JarMojo
com.google.inject.ProvisionException: Unable to provision, see the following errors:

1) [Guice/ErrorInCustomProvider]: OutOfScopeException: Cannot access Key[type=MavenProject, annotation=[none]] outside of a scoping block
  at MojoExecutionScopeModule.configure(MojoExecutionScopeModule.java:47)
      \_ installed by: WireModule -> MojoExecutionScopeModule
  at JarMojo.<init>(JarMojo.java:72)
      \_ for 1st parameter
  while locating JarMojo

Learn more:
  https://github.com/google/guice/wiki/ERROR_IN_CUSTOM_PROVIDER

1 error

======================
Full classname legend:
======================
JarMojo:                  "org.apache.maven.plugins.jar.JarMojo"
MavenProject:             "org.apache.maven.project.MavenProject"
MojoExecutionScopeModule: "org.apache.maven.execution.scope.internal.MojoExecutionScopeModule"
OutOfScopeException:      "com.google.inject.OutOfScopeException"
WireModule:               "org.eclipse.sisu.wire.WireModule"
========================
End of classname legend:
========================

	at com.google.inject.internal.InternalProvisionException.toProvisionException(InternalProvisionException.java:251)
	at com.google.inject.internal.InjectorImpl$1.get(InjectorImpl.java:1104)
	at com.google.inject.internal.InjectorImpl.getInstance(InjectorImpl.java:1139)
	at org.eclipse.sisu.space.AbstractDeferredClass.get(AbstractDeferredClass.java:50)
	at com.google.inject.internal.ProviderInternalFactory.provision(ProviderInternalFactory.java:86)
	at com.google.inject.internal.InternalFactoryToInitializableAdapter.provision(InternalFactoryToInitializableAdapter.java:57)
	at com.google.inject.internal.ProviderInternalFactory$1.call(ProviderInternalFactory.java:67)
	at com.google.inject.internal.ProvisionListenerStackCallback$Provision.provision(ProvisionListenerStackCallback.java:109)
	at com.google.inject.internal.ProvisionListenerStackCallback$Provision.provision(ProvisionListenerStackCallback.java:124)
	at com.google.inject.internal.ProvisionListenerStackCallback.provision(ProvisionListenerStackCallback.java:66)
	at com.google.inject.internal.ProviderInternalFactory.circularGet(ProviderInternalFactory.java:62)
	at com.google.inject.internal.InternalFactoryToInitializableAdapter.get(InternalFactoryToInitializableAdapter.java:47)
	at com.google.inject.internal.InjectorImpl$1.get(InjectorImpl.java:1101)
	at org.eclipse.sisu.inject.Guice4$2.get(Guice4.java:235)
	at org.eclipse.sisu.inject.LazyBeanEntry.getValue(LazyBeanEntry.java:83)
	at org.eclipse.sisu.plexus.LazyPlexusBean.getValue(LazyPlexusBean.java:53)
	at org.codehaus.plexus.DefaultPlexusContainer.lookup(DefaultPlexusContainer.java:265)
	at org.codehaus.plexus.DefaultPlexusContainer.lookup(DefaultPlexusContainer.java:257)
	at org.apache.maven.plugin.internal.DefaultMavenPluginManager.getConfiguredMojo(DefaultMavenPluginManager.java:491)
	at org.eclipse.m2e.core.internal.embedder.MavenImpl.getConfiguredMojo(MavenImpl.java:206)
	at org.eclipse.m2e.mavenarchiver.internal.AbstractMavenArchiverConfigurator.reflectManifestGeneration(AbstractMavenArchiverConfigurator.java:439)
	at org.eclipse.m2e.mavenarchiver.internal.AbstractMavenArchiverConfigurator.lambda$3(AbstractMavenArchiverConfigurator.java:398)
	at org.eclipse.m2e.core.internal.embedder.MavenExecutionContext.executeBare(MavenExecutionContext.java:458)
	at org.eclipse.m2e.core.internal.embedder.MavenExecutionContext.execute(MavenExecutionContext.java:339)
	at org.eclipse.m2e.core.internal.embedder.MavenExecutionContext.execute(MavenExecutionContext.java:278)
	at org.eclipse.m2e.mavenarchiver.internal.AbstractMavenArchiverConfigurator.generateManifest(AbstractMavenArchiverConfigurator.java:371)
	at org.eclipse.m2e.mavenarchiver.internal.AbstractMavenArchiverConfigurator.mavenProjectChanged(AbstractMavenArchiverConfigurator.java:228)
	at org.eclipse.m2e.mavenarchiver.internal.AbstractMavenArchiverConfigurator$1.build(AbstractMavenArchiverConfigurator.java:178)
	at org.eclipse.m2e.core.internal.builder.MavenBuilderImpl.lambda$2(MavenBuilderImpl.java:159)
	at java.base/java.util.LinkedHashMap.forEach(LinkedHashMap.java:986)
	at org.eclipse.m2e.core.internal.builder.MavenBuilderImpl.build(MavenBuilderImpl.java:139)
	at org.eclipse.m2e.core.internal.builder.MavenBuilder$1.method(MavenBuilder.java:164)
	at org.eclipse.m2e.core.internal.builder.MavenBuilder$1.method(MavenBuilder.java:1)
	at org.eclipse.m2e.core.internal.builder.MavenBuilder$BuildMethod.lambda$1(MavenBuilder.java:109)
	at org.eclipse.m2e.core.internal.embedder.MavenExecutionContext.executeBare(MavenExecutionContext.java:458)
	at org.eclipse.m2e.core.internal.embedder.MavenExecutionContext.execute(MavenExecutionContext.java:292)
	at org.eclipse.m2e.core.internal.builder.MavenBuilder$BuildMethod.lambda$0(MavenBuilder.java:100)
	at org.eclipse.m2e.core.internal.embedder.MavenExecutionContext.executeBare(MavenExecutionContext.java:458)
	at org.eclipse.m2e.core.internal.embedder.MavenExecutionContext.execute(MavenExecutionContext.java:339)
	at org.eclipse.m2e.core.internal.embedder.MavenExecutionContext.execute(MavenExecutionContext.java:278)
	at org.eclipse.m2e.core.internal.builder.MavenBuilder$BuildMethod.execute(MavenBuilder.java:83)
	at org.eclipse.m2e.core.internal.builder.MavenBuilder.build(MavenBuilder.java:192)
	at org.eclipse.core.internal.events.BuildManager$2.run(BuildManager.java:1077)
	at org.eclipse.core.runtime.SafeRunner.run(SafeRunner.java:47)
	at org.eclipse.core.internal.events.BuildManager.basicBuild(BuildManager.java:296)
	at org.eclipse.core.internal.events.BuildManager.basicBuild(BuildManager.java:352)
	at org.eclipse.core.internal.events.BuildManager$1.run(BuildManager.java:441)
	at org.eclipse.core.runtime.SafeRunner.run(SafeRunner.java:47)
	at org.eclipse.core.internal.events.BuildManager.basicBuild(BuildManager.java:444)
	at org.eclipse.core.internal.events.BuildManager.basicBuildLoop(BuildManager.java:555)
	at org.eclipse.core.internal.events.BuildManager.basicBuildLoop(BuildManager.java:503)
	at org.eclipse.core.internal.events.BuildManager.build(BuildManager.java:585)
	at org.eclipse.core.internal.events.AutoBuildJob.doBuild(AutoBuildJob.java:207)
	at org.eclipse.core.internal.events.AutoBuildJob.run(AutoBuildJob.java:300)
	at org.eclipse.core.internal.jobs.Worker.run(Worker.java:63)
Caused by: com.google.inject.OutOfScopeException: Cannot access Key[type=org.apache.maven.project.MavenProject, annotation=[none]] outside of a scoping block
	at org.apache.maven.execution.scope.internal.MojoExecutionScope$2.get(MojoExecutionScope.java:99)
	at com.google.inject.internal.InternalFactoryToProviderAdapter.get(InternalFactoryToProviderAdapter.java:45)
	at com.google.inject.internal.SingleParameterInjector.inject(SingleParameterInjector.java:40)
	at com.google.inject.internal.SingleParameterInjector.getAll(SingleParameterInjector.java:60)
	at com.google.inject.internal.ConstructorInjector.provision(ConstructorInjector.java:113)
	at com.google.inject.internal.ConstructorInjector.access$000(ConstructorInjector.java:33)
	at com.google.inject.internal.ConstructorInjector$1.call(ConstructorInjector.java:98)
	at com.google.inject.internal.ProvisionListenerStackCallback$Provision.provision(ProvisionListenerStackCallback.java:109)
	at com.google.inject.internal.ProvisionListenerStackCallback$Provision.provision(ProvisionListenerStackCallback.java:124)
	at com.google.inject.internal.ProvisionListenerStackCallback.provision(ProvisionListenerStackCallback.java:66)
	at com.google.inject.internal.ConstructorInjector.construct(ConstructorInjector.java:93)
	at com.google.inject.internal.ConstructorBindingImpl$Factory.get(ConstructorBindingImpl.java:300)
	at com.google.inject.internal.InjectorImpl$1.get(InjectorImpl.java:1101)
	... 53 common frames omitted
2026-09-04 23:45:20,734 [Worker-41: Building] INFO  o.a.m.s.f.DefaultMavenResourcesFiltering - Copying 0 resource from src\main\resources to target\classes
2026-09-04 23:45:20,734 [Worker-41: Building] INFO  o.a.m.s.f.DefaultMavenResourcesFiltering - Copying 0 resource from src\main\resources to target\classes
2026-09-04 23:45:20,736 [Worker-41: Building] INFO  o.a.m.s.f.DefaultMavenResourcesFiltering - skip non existing resourceDirectory C:\Users\Abdul Rahman\OneDrive\Desktop\roshan\Payment Gateway Integration\User-Service\user-service\src\test\resources
2026-09-04 23:45:20,740 [Worker-41: Building] WARN  Sisu - Error injecting: org.apache.maven.plugins.jar.JarMojo
com.google.inject.ProvisionException: Unable to provision, see the following errors:

1) [Guice/ErrorInCustomProvider]: OutOfScopeException: Cannot access Key[type=MavenProject, annotation=[none]] outside of a scoping block
  at MojoExecutionScopeModule.configure(MojoExecutionScopeModule.java:47)
      \_ installed by: WireModule -> MojoExecutionScopeModule
  at JarMojo.<init>(JarMojo.java:72)
      \_ for 1st parameter
  while locating JarMojo

Learn more:
  https://github.com/google/guice/wiki/ERROR_IN_CUSTOM_PROVIDER

1 error

======================
Full classname legend:
======================
JarMojo:                  "org.apache.maven.plugins.jar.JarMojo"
MavenProject:             "org.apache.maven.project.MavenProject"
MojoExecutionScopeModule: "org.apache.maven.execution.scope.internal.MojoExecutionScopeModule"
OutOfScopeException:      "com.google.inject.OutOfScopeException"
WireModule:               "org.eclipse.sisu.wire.WireModule"
========================
End of classname legend:
========================

	at com.google.inject.internal.InternalProvisionException.toProvisionException(InternalProvisionException.java:251)
	at com.google.inject.internal.InjectorImpl$1.get(InjectorImpl.java:1104)
	at com.google.inject.internal.InjectorImpl.getInstance(InjectorImpl.java:1139)
	at org.eclipse.sisu.space.AbstractDeferredClass.get(AbstractDeferredClass.java:50)
	at com.google.inject.internal.ProviderInternalFactory.provision(ProviderInternalFactory.java:86)
	at com.google.inject.internal.InternalFactoryToInitializableAdapter.provision(InternalFactoryToInitializableAdapter.java:57)
	at com.google.inject.internal.ProviderInternalFactory$1.call(ProviderInternalFactory.java:67)
	at com.google.inject.internal.ProvisionListenerStackCallback$Provision.provision(ProvisionListenerStackCallback.java:109)
	at com.google.inject.internal.ProvisionListenerStackCallback$Provision.provision(ProvisionListenerStackCallback.java:124)
	at com.google.inject.internal.ProvisionListenerStackCallback.provision(ProvisionListenerStackCallback.java:66)
	at com.google.inject.internal.ProviderInternalFactory.circularGet(ProviderInternalFactory.java:62)
	at com.google.inject.internal.InternalFactoryToInitializableAdapter.get(InternalFactoryToInitializableAdapter.java:47)
	at com.google.inject.internal.InjectorImpl$1.get(InjectorImpl.java:1101)
	at org.eclipse.sisu.inject.Guice4$2.get(Guice4.java:235)
	at org.eclipse.sisu.inject.LazyBeanEntry.getValue(LazyBeanEntry.java:83)
	at org.eclipse.sisu.plexus.LazyPlexusBean.getValue(LazyPlexusBean.java:53)
	at org.codehaus.plexus.DefaultPlexusContainer.lookup(DefaultPlexusContainer.java:265)
	at org.codehaus.plexus.DefaultPlexusContainer.lookup(DefaultPlexusContainer.java:257)
	at org.apache.maven.plugin.internal.DefaultMavenPluginManager.getConfiguredMojo(DefaultMavenPluginManager.java:491)
	at org.eclipse.m2e.core.internal.embedder.MavenImpl.getConfiguredMojo(MavenImpl.java:206)
	at org.eclipse.m2e.mavenarchiver.internal.AbstractMavenArchiverConfigurator.reflectManifestGeneration(AbstractMavenArchiverConfigurator.java:439)
	at org.eclipse.m2e.mavenarchiver.internal.AbstractMavenArchiverConfigurator.lambda$3(AbstractMavenArchiverConfigurator.java:398)
	at org.eclipse.m2e.core.internal.embedder.MavenExecutionContext.executeBare(MavenExecutionContext.java:458)
	at org.eclipse.m2e.core.internal.embedder.MavenExecutionContext.execute(MavenExecutionContext.java:339)
	at org.eclipse.m2e.core.internal.embedder.MavenExecutionContext.execute(MavenExecutionContext.java:278)
	at org.eclipse.m2e.mavenarchiver.internal.AbstractMavenArchiverConfigurator.generateManifest(AbstractMavenArchiverConfigurator.java:371)
	at org.eclipse.m2e.mavenarchiver.internal.AbstractMavenArchiverConfigurator.mavenProjectChanged(AbstractMavenArchiverConfigurator.java:228)
	at org.eclipse.m2e.mavenarchiver.internal.AbstractMavenArchiverConfigurator$1.build(AbstractMavenArchiverConfigurator.java:178)
	at org.eclipse.m2e.core.internal.builder.MavenBuilderImpl.lambda$2(MavenBuilderImpl.java:159)
	at java.base/java.util.LinkedHashMap.forEach(LinkedHashMap.java:986)
	at org.eclipse.m2e.core.internal.builder.MavenBuilderImpl.build(MavenBuilderImpl.java:139)
	at org.eclipse.m2e.core.internal.builder.MavenBuilder$1.method(MavenBuilder.java:164)
	at org.eclipse.m2e.core.internal.builder.MavenBuilder$1.method(MavenBuilder.java:1)
	at org.eclipse.m2e.core.internal.builder.MavenBuilder$BuildMethod.lambda$1(MavenBuilder.java:109)
	at org.eclipse.m2e.core.internal.embedder.MavenExecutionContext.executeBare(MavenExecutionContext.java:458)
	at org.eclipse.m2e.core.internal.embedder.MavenExecutionContext.execute(MavenExecutionContext.java:292)
	at org.eclipse.m2e.core.internal.builder.MavenBuilder$BuildMethod.lambda$0(MavenBuilder.java:100)
	at org.eclipse.m2e.core.internal.embedder.MavenExecutionContext.executeBare(MavenExecutionContext.java:458)
	at org.eclipse.m2e.core.internal.embedder.MavenExecutionContext.execute(MavenExecutionContext.java:339)
	at org.eclipse.m2e.core.internal.embedder.MavenExecutionContext.execute(MavenExecutionContext.java:278)
	at org.eclipse.m2e.core.internal.builder.MavenBuilder$BuildMethod.execute(MavenBuilder.java:83)
	at org.eclipse.m2e.core.internal.builder.MavenBuilder.build(MavenBuilder.java:192)
	at org.eclipse.core.internal.events.BuildManager$2.run(BuildManager.java:1077)
	at org.eclipse.core.runtime.SafeRunner.run(SafeRunner.java:47)
	at org.eclipse.core.internal.events.BuildManager.basicBuild(BuildManager.java:296)
	at org.eclipse.core.internal.events.BuildManager.basicBuild(BuildManager.java:352)
	at org.eclipse.core.internal.events.BuildManager$1.run(BuildManager.java:441)
	at org.eclipse.core.runtime.SafeRunner.run(SafeRunner.java:47)
	at org.eclipse.core.internal.events.BuildManager.basicBuild(BuildManager.java:444)
	at org.eclipse.core.internal.events.BuildManager.basicBuildLoop(BuildManager.java:555)
	at org.eclipse.core.internal.events.BuildManager.basicBuildLoop(BuildManager.java:503)
	at org.eclipse.core.internal.events.BuildManager.build(BuildManager.java:585)
	at org.eclipse.core.internal.events.AutoBuildJob.doBuild(AutoBuildJob.java:207)
	at org.eclipse.core.internal.events.AutoBuildJob.run(AutoBuildJob.java:300)
	at org.eclipse.core.internal.jobs.Worker.run(Worker.java:63)
Caused by: com.google.inject.OutOfScopeException: Cannot access Key[type=org.apache.maven.project.MavenProject, annotation=[none]] outside of a scoping block
	at org.apache.maven.execution.scope.internal.MojoExecutionScope$2.get(MojoExecutionScope.java:99)
	at com.google.inject.internal.InternalFactoryToProviderAdapter.get(InternalFactoryToProviderAdapter.java:45)
	at com.google.inject.internal.SingleParameterInjector.inject(SingleParameterInjector.java:40)
	at com.google.inject.internal.SingleParameterInjector.getAll(SingleParameterInjector.java:60)
	at com.google.inject.internal.ConstructorInjector.provision(ConstructorInjector.java:113)
	at com.google.inject.internal.ConstructorInjector.access$000(ConstructorInjector.java:33)
	at com.google.inject.internal.ConstructorInjector$1.call(ConstructorInjector.java:98)
	at com.google.inject.internal.ProvisionListenerStackCallback$Provision.provision(ProvisionListenerStackCallback.java:109)
	at com.google.inject.internal.ProvisionListenerStackCallback$Provision.provision(ProvisionListenerStackCallback.java:124)
	at com.google.inject.internal.ProvisionListenerStackCallback.provision(ProvisionListenerStackCallback.java:66)
	at com.google.inject.internal.ConstructorInjector.construct(ConstructorInjector.java:93)
	at com.google.inject.internal.ConstructorBindingImpl$Factory.get(ConstructorBindingImpl.java:300)
	at com.google.inject.internal.InjectorImpl$1.get(InjectorImpl.java:1101)
	... 53 common frames omitted
2026-09-04 23:47:20,808 [Worker-41: Building] INFO  o.a.m.s.f.DefaultMavenResourcesFiltering - Copying 0 resource from src\main\resources to target\classes
2026-09-04 23:47:20,808 [Worker-41: Building] INFO  o.a.m.s.f.DefaultMavenResourcesFiltering - Copying 0 resource from src\main\resources to target\classes
2026-09-04 23:47:20,810 [Worker-41: Building] INFO  o.a.m.s.f.DefaultMavenResourcesFiltering - skip non existing resourceDirectory C:\Users\Abdul Rahman\OneDrive\Desktop\roshan\Payment Gateway Integration\User-Service\user-service\src\test\resources
2026-09-04 23:47:20,815 [Worker-41: Building] WARN  Sisu - Error injecting: org.apache.maven.plugins.jar.JarMojo
com.google.inject.ProvisionException: Unable to provision, see the following errors:

1) [Guice/ErrorInCustomProvider]: OutOfScopeException: Cannot access Key[type=MavenProject, annotation=[none]] outside of a scoping block
  at MojoExecutionScopeModule.configure(MojoExecutionScopeModule.java:47)
      \_ installed by: WireModule -> MojoExecutionScopeModule
  at JarMojo.<init>(JarMojo.java:72)
      \_ for 1st parameter
  while locating JarMojo

Learn more:
  https://github.com/google/guice/wiki/ERROR_IN_CUSTOM_PROVIDER

1 error

======================
Full classname legend:
======================
JarMojo:                  "org.apache.maven.plugins.jar.JarMojo"
MavenProject:             "org.apache.maven.project.MavenProject"
MojoExecutionScopeModule: "org.apache.maven.execution.scope.internal.MojoExecutionScopeModule"
OutOfScopeException:      "com.google.inject.OutOfScopeException"
WireModule:               "org.eclipse.sisu.wire.WireModule"
========================
End of classname legend:
========================

	at com.google.inject.internal.InternalProvisionException.toProvisionException(InternalProvisionException.java:251)
	at com.google.inject.internal.InjectorImpl$1.get(InjectorImpl.java:1104)
	at com.google.inject.internal.InjectorImpl.getInstance(InjectorImpl.java:1139)
	at org.eclipse.sisu.space.AbstractDeferredClass.get(AbstractDeferredClass.java:50)
	at com.google.inject.internal.ProviderInternalFactory.provision(ProviderInternalFactory.java:86)
	at com.google.inject.internal.InternalFactoryToInitializableAdapter.provision(InternalFactoryToInitializableAdapter.java:57)
	at com.google.inject.internal.ProviderInternalFactory$1.call(ProviderInternalFactory.java:67)
	at com.google.inject.internal.ProvisionListenerStackCallback$Provision.provision(ProvisionListenerStackCallback.java:109)
	at com.google.inject.internal.ProvisionListenerStackCallback$Provision.provision(ProvisionListenerStackCallback.java:124)
	at com.google.inject.internal.ProvisionListenerStackCallback.provision(ProvisionListenerStackCallback.java:66)
	at com.google.inject.internal.ProviderInternalFactory.circularGet(ProviderInternalFactory.java:62)
	at com.google.inject.internal.InternalFactoryToInitializableAdapter.get(InternalFactoryToInitializableAdapter.java:47)
	at com.google.inject.internal.InjectorImpl$1.get(InjectorImpl.java:1101)
	at org.eclipse.sisu.inject.Guice4$2.get(Guice4.java:235)
	at org.eclipse.sisu.inject.LazyBeanEntry.getValue(LazyBeanEntry.java:83)
	at org.eclipse.sisu.plexus.LazyPlexusBean.getValue(LazyPlexusBean.java:53)
	at org.codehaus.plexus.DefaultPlexusContainer.lookup(DefaultPlexusContainer.java:265)
	at org.codehaus.plexus.DefaultPlexusContainer.lookup(DefaultPlexusContainer.java:257)
	at org.apache.maven.plugin.internal.DefaultMavenPluginManager.getConfiguredMojo(DefaultMavenPluginManager.java:491)
	at org.eclipse.m2e.core.internal.embedder.MavenImpl.getConfiguredMojo(MavenImpl.java:206)
	at org.eclipse.m2e.mavenarchiver.internal.AbstractMavenArchiverConfigurator.reflectManifestGeneration(AbstractMavenArchiverConfigurator.java:439)
	at org.eclipse.m2e.mavenarchiver.internal.AbstractMavenArchiverConfigurator.lambda$3(AbstractMavenArchiverConfigurator.java:398)
	at org.eclipse.m2e.core.internal.embedder.MavenExecutionContext.executeBare(MavenExecutionContext.java:458)
	at org.eclipse.m2e.core.internal.embedder.MavenExecutionContext.execute(MavenExecutionContext.java:339)
	at org.eclipse.m2e.core.internal.embedder.MavenExecutionContext.execute(MavenExecutionContext.java:278)
	at org.eclipse.m2e.mavenarchiver.internal.AbstractMavenArchiverConfigurator.generateManifest(AbstractMavenArchiverConfigurator.java:371)
	at org.eclipse.m2e.mavenarchiver.internal.AbstractMavenArchiverConfigurator.mavenProjectChanged(AbstractMavenArchiverConfigurator.java:228)
	at org.eclipse.m2e.mavenarchiver.internal.AbstractMavenArchiverConfigurator$1.build(AbstractMavenArchiverConfigurator.java:178)
	at org.eclipse.m2e.core.internal.builder.MavenBuilderImpl.lambda$2(MavenBuilderImpl.java:159)
	at java.base/java.util.LinkedHashMap.forEach(LinkedHashMap.java:986)
	at org.eclipse.m2e.core.internal.builder.MavenBuilderImpl.build(MavenBuilderImpl.java:139)
	at org.eclipse.m2e.core.internal.builder.MavenBuilder$1.method(MavenBuilder.java:164)
	at org.eclipse.m2e.core.internal.builder.MavenBuilder$1.method(MavenBuilder.java:1)
	at org.eclipse.m2e.core.internal.builder.MavenBuilder$BuildMethod.lambda$1(MavenBuilder.java:109)
	at org.eclipse.m2e.core.internal.embedder.MavenExecutionContext.executeBare(MavenExecutionContext.java:458)
	at org.eclipse.m2e.core.internal.embedder.MavenExecutionContext.execute(MavenExecutionContext.java:292)
	at org.eclipse.m2e.core.internal.builder.MavenBuilder$BuildMethod.lambda$0(MavenBuilder.java:100)
	at org.eclipse.m2e.core.internal.embedder.MavenExecutionContext.executeBare(MavenExecutionContext.java:458)
	at org.eclipse.m2e.core.internal.embedder.MavenExecutionContext.execute(MavenExecutionContext.java:339)
	at org.eclipse.m2e.core.internal.embedder.MavenExecutionContext.execute(MavenExecutionContext.java:278)
	at org.eclipse.m2e.core.internal.builder.MavenBuilder$BuildMethod.execute(MavenBuilder.java:83)
	at org.eclipse.m2e.core.internal.builder.MavenBuilder.build(MavenBuilder.java:192)
	at org.eclipse.core.internal.events.BuildManager$2.run(BuildManager.java:1077)
	at org.eclipse.core.runtime.SafeRunner.run(SafeRunner.java:47)
	at org.eclipse.core.internal.events.BuildManager.basicBuild(BuildManager.java:296)
	at org.eclipse.core.internal.events.BuildManager.basicBuild(BuildManager.java:352)
	at org.eclipse.core.internal.events.BuildManager$1.run(BuildManager.java:441)
	at org.eclipse.core.runtime.SafeRunner.run(SafeRunner.java:47)
	at org.eclipse.core.internal.events.BuildManager.basicBuild(BuildManager.java:444)
	at org.eclipse.core.internal.events.BuildManager.basicBuildLoop(BuildManager.java:555)
	at org.eclipse.core.internal.events.BuildManager.basicBuildLoop(BuildManager.java:503)
	at org.eclipse.core.internal.events.BuildManager.build(BuildManager.java:585)
	at org.eclipse.core.internal.events.AutoBuildJob.doBuild(AutoBuildJob.java:207)
	at org.eclipse.core.internal.events.AutoBuildJob.run(AutoBuildJob.java:300)
	at org.eclipse.core.internal.jobs.Worker.run(Worker.java:63)
Caused by: com.google.inject.OutOfScopeException: Cannot access Key[type=org.apache.maven.project.MavenProject, annotation=[none]] outside of a scoping block
	at org.apache.maven.execution.scope.internal.MojoExecutionScope$2.get(MojoExecutionScope.java:99)
	at com.google.inject.internal.InternalFactoryToProviderAdapter.get(InternalFactoryToProviderAdapter.java:45)
	at com.google.inject.internal.SingleParameterInjector.inject(SingleParameterInjector.java:40)
	at com.google.inject.internal.SingleParameterInjector.getAll(SingleParameterInjector.java:60)
	at com.google.inject.internal.ConstructorInjector.provision(ConstructorInjector.java:113)
	at com.google.inject.internal.ConstructorInjector.access$000(ConstructorInjector.java:33)
	at com.google.inject.internal.ConstructorInjector$1.call(ConstructorInjector.java:98)
	at com.google.inject.internal.ProvisionListenerStackCallback$Provision.provision(ProvisionListenerStackCallback.java:109)
	at com.google.inject.internal.ProvisionListenerStackCallback$Provision.provision(ProvisionListenerStackCallback.java:124)
	at com.google.inject.internal.ProvisionListenerStackCallback.provision(ProvisionListenerStackCallback.java:66)
	at com.google.inject.internal.ConstructorInjector.construct(ConstructorInjector.java:93)
	at com.google.inject.internal.ConstructorBindingImpl$Factory.get(ConstructorBindingImpl.java:300)
	at com.google.inject.internal.InjectorImpl$1.get(InjectorImpl.java:1101)
	... 53 common frames omitted
2026-09-04 23:47:46,658 [Worker-35: Building] INFO  o.a.m.s.f.DefaultMavenResourcesFiltering - Copying 0 resource from src\main\resources to target\classes
2026-09-04 23:47:46,658 [Worker-35: Building] INFO  o.a.m.s.f.DefaultMavenResourcesFiltering - Copying 0 resource from src\main\resources to target\classes
2026-09-04 23:47:46,660 [Worker-35: Building] INFO  o.a.m.s.f.DefaultMavenResourcesFiltering - skip non existing resourceDirectory C:\Users\Abdul Rahman\OneDrive\Desktop\roshan\Payment Gateway Integration\User-Service\user-service\src\test\resources
2026-09-04 23:47:46,664 [Worker-35: Building] WARN  Sisu - Error injecting: org.apache.maven.plugins.jar.JarMojo
com.google.inject.ProvisionException: Unable to provision, see the following errors:

1) [Guice/ErrorInCustomProvider]: OutOfScopeException: Cannot access Key[type=MavenProject, annotation=[none]] outside of a scoping block
  at MojoExecutionScopeModule.configure(MojoExecutionScopeModule.java:47)
      \_ installed by: WireModule -> MojoExecutionScopeModule
  at JarMojo.<init>(JarMojo.java:72)
      \_ for 1st parameter
  while locating JarMojo

Learn more:
  https://github.com/google/guice/wiki/ERROR_IN_CUSTOM_PROVIDER

1 error

======================
Full classname legend:
======================
JarMojo:                  "org.apache.maven.plugins.jar.JarMojo"
MavenProject:             "org.apache.maven.project.MavenProject"
MojoExecutionScopeModule: "org.apache.maven.execution.scope.internal.MojoExecutionScopeModule"
OutOfScopeException:      "com.google.inject.OutOfScopeException"
WireModule:               "org.eclipse.sisu.wire.WireModule"
========================
End of classname legend:
========================

	at com.google.inject.internal.InternalProvisionException.toProvisionException(InternalProvisionException.java:251)
	at com.google.inject.internal.InjectorImpl$1.get(InjectorImpl.java:1104)
	at com.google.inject.internal.InjectorImpl.getInstance(InjectorImpl.java:1139)
	at org.eclipse.sisu.space.AbstractDeferredClass.get(AbstractDeferredClass.java:50)
	at com.google.inject.internal.ProviderInternalFactory.provision(ProviderInternalFactory.java:86)
	at com.google.inject.internal.InternalFactoryToInitializableAdapter.provision(InternalFactoryToInitializableAdapter.java:57)
	at com.google.inject.internal.ProviderInternalFactory$1.call(ProviderInternalFactory.java:67)
	at com.google.inject.internal.ProvisionListenerStackCallback$Provision.provision(ProvisionListenerStackCallback.java:109)
	at com.google.inject.internal.ProvisionListenerStackCallback$Provision.provision(ProvisionListenerStackCallback.java:124)
	at com.google.inject.internal.ProvisionListenerStackCallback.provision(ProvisionListenerStackCallback.java:66)
	at com.google.inject.internal.ProviderInternalFactory.circularGet(ProviderInternalFactory.java:62)
	at com.google.inject.internal.InternalFactoryToInitializableAdapter.get(InternalFactoryToInitializableAdapter.java:47)
	at com.google.inject.internal.InjectorImpl$1.get(InjectorImpl.java:1101)
	at org.eclipse.sisu.inject.Guice4$2.get(Guice4.java:235)
	at org.eclipse.sisu.inject.LazyBeanEntry.getValue(LazyBeanEntry.java:83)
	at org.eclipse.sisu.plexus.LazyPlexusBean.getValue(LazyPlexusBean.java:53)
	at org.codehaus.plexus.DefaultPlexusContainer.lookup(DefaultPlexusContainer.java:265)
	at org.codehaus.plexus.DefaultPlexusContainer.lookup(DefaultPlexusContainer.java:257)
	at org.apache.maven.plugin.internal.DefaultMavenPluginManager.getConfiguredMojo(DefaultMavenPluginManager.java:491)
	at org.eclipse.m2e.core.internal.embedder.MavenImpl.getConfiguredMojo(MavenImpl.java:206)
	at org.eclipse.m2e.mavenarchiver.internal.AbstractMavenArchiverConfigurator.reflectManifestGeneration(AbstractMavenArchiverConfigurator.java:439)
	at org.eclipse.m2e.mavenarchiver.internal.AbstractMavenArchiverConfigurator.lambda$3(AbstractMavenArchiverConfigurator.java:398)
	at org.eclipse.m2e.core.internal.embedder.MavenExecutionContext.executeBare(MavenExecutionContext.java:458)
	at org.eclipse.m2e.core.internal.embedder.MavenExecutionContext.execute(MavenExecutionContext.java:339)
	at org.eclipse.m2e.core.internal.embedder.MavenExecutionContext.execute(MavenExecutionContext.java:278)
	at org.eclipse.m2e.mavenarchiver.internal.AbstractMavenArchiverConfigurator.generateManifest(AbstractMavenArchiverConfigurator.java:371)
	at org.eclipse.m2e.mavenarchiver.internal.AbstractMavenArchiverConfigurator.mavenProjectChanged(AbstractMavenArchiverConfigurator.java:228)
	at org.eclipse.m2e.mavenarchiver.internal.AbstractMavenArchiverConfigurator$1.build(AbstractMavenArchiverConfigurator.java:178)
	at org.eclipse.m2e.core.internal.builder.MavenBuilderImpl.lambda$2(MavenBuilderImpl.java:159)
	at java.base/java.util.LinkedHashMap.forEach(LinkedHashMap.java:986)
	at org.eclipse.m2e.core.internal.builder.MavenBuilderImpl.build(MavenBuilderImpl.java:139)
	at org.eclipse.m2e.core.internal.builder.MavenBuilder$1.method(MavenBuilder.java:164)
	at org.eclipse.m2e.core.internal.builder.MavenBuilder$1.method(MavenBuilder.java:1)
	at org.eclipse.m2e.core.internal.builder.MavenBuilder$BuildMethod.lambda$1(MavenBuilder.java:109)
	at org.eclipse.m2e.core.internal.embedder.MavenExecutionContext.executeBare(MavenExecutionContext.java:458)
	at org.eclipse.m2e.core.internal.embedder.MavenExecutionContext.execute(MavenExecutionContext.java:292)
	at org.eclipse.m2e.core.internal.builder.MavenBuilder$BuildMethod.lambda$0(MavenBuilder.java:100)
	at org.eclipse.m2e.core.internal.embedder.MavenExecutionContext.executeBare(MavenExecutionContext.java:458)
	at org.eclipse.m2e.core.internal.embedder.MavenExecutionContext.execute(MavenExecutionContext.java:339)
	at org.eclipse.m2e.core.internal.embedder.MavenExecutionContext.execute(MavenExecutionContext.java:278)
	at org.eclipse.m2e.core.internal.builder.MavenBuilder$BuildMethod.execute(MavenBuilder.java:83)
	at org.eclipse.m2e.core.internal.builder.MavenBuilder.build(MavenBuilder.java:192)
	at org.eclipse.core.internal.events.BuildManager$2.run(BuildManager.java:1077)
	at org.eclipse.core.runtime.SafeRunner.run(SafeRunner.java:47)
	at org.eclipse.core.internal.events.BuildManager.basicBuild(BuildManager.java:296)
	at org.eclipse.core.internal.events.BuildManager.basicBuild(BuildManager.java:352)
	at org.eclipse.core.internal.events.BuildManager$1.run(BuildManager.java:441)
	at org.eclipse.core.runtime.SafeRunner.run(SafeRunner.java:47)
	at org.eclipse.core.internal.events.BuildManager.basicBuild(BuildManager.java:444)
	at org.eclipse.core.internal.events.BuildManager.basicBuildLoop(BuildManager.java:555)
	at org.eclipse.core.internal.events.BuildManager.basicBuildLoop(BuildManager.java:503)
	at org.eclipse.core.internal.events.BuildManager.build(BuildManager.java:585)
	at org.eclipse.core.internal.events.AutoBuildJob.doBuild(AutoBuildJob.java:207)
	at org.eclipse.core.internal.events.AutoBuildJob.run(AutoBuildJob.java:300)
	at org.eclipse.core.internal.jobs.Worker.run(Worker.java:63)
Caused by: com.google.inject.OutOfScopeException: Cannot access Key[type=org.apache.maven.project.MavenProject, annotation=[none]] outside of a scoping block
	at org.apache.maven.execution.scope.internal.MojoExecutionScope$2.get(MojoExecutionScope.java:99)
	at com.google.inject.internal.InternalFactoryToProviderAdapter.get(InternalFactoryToProviderAdapter.java:45)
	at com.google.inject.internal.SingleParameterInjector.inject(SingleParameterInjector.java:40)
	at com.google.inject.internal.SingleParameterInjector.getAll(SingleParameterInjector.java:60)
	at com.google.inject.internal.ConstructorInjector.provision(ConstructorInjector.java:113)
	at com.google.inject.internal.ConstructorInjector.access$000(ConstructorInjector.java:33)
	at com.google.inject.internal.ConstructorInjector$1.call(ConstructorInjector.java:98)
	at com.google.inject.internal.ProvisionListenerStackCallback$Provision.provision(ProvisionListenerStackCallback.java:109)
	at com.google.inject.internal.ProvisionListenerStackCallback$Provision.provision(ProvisionListenerStackCallback.java:124)
	at com.google.inject.internal.ProvisionListenerStackCallback.provision(ProvisionListenerStackCallback.java:66)
	at com.google.inject.internal.ConstructorInjector.construct(ConstructorInjector.java:93)
	at com.google.inject.internal.ConstructorBindingImpl$Factory.get(ConstructorBindingImpl.java:300)
	at com.google.inject.internal.InjectorImpl$1.get(InjectorImpl.java:1101)
	... 53 common frames omitted
2026-09-04 23:49:57,146 [Worker-39: Updating Maven Project] INFO  o.e.m.c.i.p.ProjectConfigurationManager - Update started
2026-09-04 23:49:57,382 [Worker-39: Updating Maven Project] INFO  o.e.m.c.i.l.LifecycleMappingFactory - Using org.eclipse.m2e.jdt.JarLifecycleMapping lifecycle mapping for MavenProject: com.roshan:user-service:0.0.1-SNAPSHOT @ C:\Users\Abdul Rahman\OneDrive\Desktop\roshan\Payment Gateway Integration\User-Service\user-service\pom.xml.
2026-09-04 23:49:57,823 [Worker-39: Updating Maven Project] WARN  Sisu - Error injecting: org.apache.maven.plugins.jar.JarMojo
com.google.inject.ProvisionException: Unable to provision, see the following errors:

1) [Guice/ErrorInCustomProvider]: OutOfScopeException: Cannot access Key[type=MavenProject, annotation=[none]] outside of a scoping block
  at MojoExecutionScopeModule.configure(MojoExecutionScopeModule.java:47)
      \_ installed by: WireModule -> MojoExecutionScopeModule
  at JarMojo.<init>(JarMojo.java:72)
      \_ for 1st parameter
  while locating JarMojo

Learn more:
  https://github.com/google/guice/wiki/ERROR_IN_CUSTOM_PROVIDER

1 error

======================
Full classname legend:
======================
JarMojo:                  "org.apache.maven.plugins.jar.JarMojo"
MavenProject:             "org.apache.maven.project.MavenProject"
MojoExecutionScopeModule: "org.apache.maven.execution.scope.internal.MojoExecutionScopeModule"
OutOfScopeException:      "com.google.inject.OutOfScopeException"
WireModule:               "org.eclipse.sisu.wire.WireModule"
========================
End of classname legend:
========================

	at com.google.inject.internal.InternalProvisionException.toProvisionException(InternalProvisionException.java:251)
	at com.google.inject.internal.InjectorImpl$1.get(InjectorImpl.java:1104)
	at com.google.inject.internal.InjectorImpl.getInstance(InjectorImpl.java:1139)
	at org.eclipse.sisu.space.AbstractDeferredClass.get(AbstractDeferredClass.java:50)
	at com.google.inject.internal.ProviderInternalFactory.provision(ProviderInternalFactory.java:86)
	at com.google.inject.internal.InternalFactoryToInitializableAdapter.provision(InternalFactoryToInitializableAdapter.java:57)
	at com.google.inject.internal.ProviderInternalFactory$1.call(ProviderInternalFactory.java:67)
	at com.google.inject.internal.ProvisionListenerStackCallback$Provision.provision(ProvisionListenerStackCallback.java:109)
	at com.google.inject.internal.ProvisionListenerStackCallback$Provision.provision(ProvisionListenerStackCallback.java:124)
	at com.google.inject.internal.ProvisionListenerStackCallback.provision(ProvisionListenerStackCallback.java:66)
	at com.google.inject.internal.ProviderInternalFactory.circularGet(ProviderInternalFactory.java:62)
	at com.google.inject.internal.InternalFactoryToInitializableAdapter.get(InternalFactoryToInitializableAdapter.java:47)
	at com.google.inject.internal.InjectorImpl$1.get(InjectorImpl.java:1101)
	at org.eclipse.sisu.inject.Guice4$2.get(Guice4.java:235)
	at org.eclipse.sisu.inject.LazyBeanEntry.getValue(LazyBeanEntry.java:83)
	at org.eclipse.sisu.plexus.LazyPlexusBean.getValue(LazyPlexusBean.java:53)
	at org.codehaus.plexus.DefaultPlexusContainer.lookup(DefaultPlexusContainer.java:265)
	at org.codehaus.plexus.DefaultPlexusContainer.lookup(DefaultPlexusContainer.java:257)
	at org.apache.maven.plugin.internal.DefaultMavenPluginManager.getConfiguredMojo(DefaultMavenPluginManager.java:491)
	at org.eclipse.m2e.core.internal.embedder.MavenImpl.getConfiguredMojo(MavenImpl.java:206)
	at org.eclipse.m2e.mavenarchiver.internal.AbstractMavenArchiverConfigurator.reflectManifestGeneration(AbstractMavenArchiverConfigurator.java:439)
	at org.eclipse.m2e.mavenarchiver.internal.AbstractMavenArchiverConfigurator.lambda$3(AbstractMavenArchiverConfigurator.java:398)
	at org.eclipse.m2e.core.internal.embedder.MavenExecutionContext.executeBare(MavenExecutionContext.java:458)
	at org.eclipse.m2e.core.internal.embedder.MavenExecutionContext.execute(MavenExecutionContext.java:339)
	at org.eclipse.m2e.core.internal.embedder.MavenExecutionContext.execute(MavenExecutionContext.java:278)
	at org.eclipse.m2e.mavenarchiver.internal.AbstractMavenArchiverConfigurator.generateManifest(AbstractMavenArchiverConfigurator.java:371)
	at org.eclipse.m2e.mavenarchiver.internal.AbstractMavenArchiverConfigurator.mavenProjectChanged(AbstractMavenArchiverConfigurator.java:228)
	at org.eclipse.m2e.mavenarchiver.internal.AbstractMavenArchiverConfigurator.mavenProjectChanged(AbstractMavenArchiverConfigurator.java:220)
	at org.eclipse.m2e.core.internal.project.ProjectConfigurationManager.mavenProjectChanged(ProjectConfigurationManager.java:885)
	at org.eclipse.m2e.core.internal.project.registry.ProjectRegistryManager.notifyProjectChangeListeners(ProjectRegistryManager.java:892)
	at org.eclipse.m2e.core.internal.project.registry.ProjectRegistryManager.applyMutableProjectRegistry(ProjectRegistryManager.java:1042)
	at org.eclipse.m2e.core.internal.project.registry.ProjectRegistryManager.refresh(ProjectRegistryManager.java:324)
	at org.eclipse.m2e.core.internal.project.ProjectConfigurationManager.updateProjectConfiguration0(ProjectConfigurationManager.java:388)
	at org.eclipse.m2e.core.internal.project.ProjectConfigurationManager.lambda$3(ProjectConfigurationManager.java:340)
	at org.eclipse.m2e.core.internal.embedder.MavenExecutionContext.executeBare(MavenExecutionContext.java:458)
	at org.eclipse.m2e.core.internal.embedder.MavenExecutionContext.execute(MavenExecutionContext.java:339)
	at org.eclipse.m2e.core.internal.embedder.MavenExecutionContext.execute(MavenExecutionContext.java:278)
	at org.eclipse.m2e.core.internal.embedder.MavenImpl.execute(MavenImpl.java:1053)
	at org.eclipse.m2e.core.internal.project.ProjectConfigurationManager.updateProjectConfiguration(ProjectConfigurationManager.java:339)
	at org.eclipse.m2e.core.ui.internal.UpdateMavenProjectJob.runInWorkspace(UpdateMavenProjectJob.java:80)
	at org.eclipse.core.internal.resources.InternalWorkspaceJob.run(InternalWorkspaceJob.java:43)
	at org.eclipse.core.internal.jobs.Worker.run(Worker.java:63)
Caused by: com.google.inject.OutOfScopeException: Cannot access Key[type=org.apache.maven.project.MavenProject, annotation=[none]] outside of a scoping block
	at org.apache.maven.execution.scope.internal.MojoExecutionScope$2.get(MojoExecutionScope.java:99)
	at com.google.inject.internal.InternalFactoryToProviderAdapter.get(InternalFactoryToProviderAdapter.java:45)
	at com.google.inject.internal.SingleParameterInjector.inject(SingleParameterInjector.java:40)
	at com.google.inject.internal.SingleParameterInjector.getAll(SingleParameterInjector.java:60)
	at com.google.inject.internal.ConstructorInjector.provision(ConstructorInjector.java:113)
	at com.google.inject.internal.ConstructorInjector.access$000(ConstructorInjector.java:33)
	at com.google.inject.internal.ConstructorInjector$1.call(ConstructorInjector.java:98)
	at com.google.inject.internal.ProvisionListenerStackCallback$Provision.provision(ProvisionListenerStackCallback.java:109)
	at com.google.inject.internal.ProvisionListenerStackCallback$Provision.provision(ProvisionListenerStackCallback.java:124)
	at com.google.inject.internal.ProvisionListenerStackCallback.provision(ProvisionListenerStackCallback.java:66)
	at com.google.inject.internal.ConstructorInjector.construct(ConstructorInjector.java:93)
	at com.google.inject.internal.ConstructorBindingImpl$Factory.get(ConstructorBindingImpl.java:300)
	at com.google.inject.internal.InjectorImpl$1.get(InjectorImpl.java:1101)
	... 40 common frames omitted
2026-09-04 23:49:58,047 [Worker-39: Updating Maven Project] INFO  o.e.m.j.i.AbstractJavaProjectConfigurator - Adding source folder /user-service/src/main/java
2026-09-04 23:49:58,047 [Worker-39: Updating Maven Project] INFO  o.e.m.j.i.AbstractJavaProjectConfigurator - Adding resource folder /user-service/src/main/resources
2026-09-04 23:49:58,048 [Worker-39: Updating Maven Project] INFO  o.e.m.j.i.AbstractJavaProjectConfigurator - Adding resource folder /user-service/src/main/resources
2026-09-04 23:49:58,048 [Worker-39: Updating Maven Project] INFO  o.e.m.j.i.AbstractJavaProjectConfigurator - Adding source folder /user-service/src/test/java
2026-09-04 23:49:58,048 [Worker-39: Updating Maven Project] INFO  o.e.m.j.i.AbstractJavaProjectConfigurator - Adding resource folder /user-service/src/test/resources
2026-09-04 23:49:58,239 [Worker-39: Updating Maven Project] INFO  o.e.m.c.i.p.ProjectConfigurationManager - Update completed for 1 poms: local refresh takes 0.00 sec, refresh facades takes 0.00 sec, update config takes 0.00 sec 
2026-09-04 23:49:58,487 [Worker-36: Building] INFO  o.a.m.s.f.DefaultMavenResourcesFiltering - Copying 1 resource from src\main\resources to target\classes
2026-09-04 23:49:58,497 [Worker-36: Building] INFO  o.a.m.s.f.DefaultMavenResourcesFiltering - Copying 0 resource from src\main\resources to target\classes
2026-09-04 23:49:58,500 [Worker-36: Building] INFO  o.a.m.s.f.DefaultMavenResourcesFiltering - skip non existing resourceDirectory C:\Users\Abdul Rahman\OneDrive\Desktop\roshan\Payment Gateway Integration\User-Service\user-service\src\test\resources
2026-09-04 23:49:58,508 [Worker-36: Building] WARN  Sisu - Error injecting: org.apache.maven.plugins.jar.JarMojo
com.google.inject.ProvisionException: Unable to provision, see the following errors:

1) [Guice/ErrorInCustomProvider]: OutOfScopeException: Cannot access Key[type=MavenProject, annotation=[none]] outside of a scoping block
  at MojoExecutionScopeModule.configure(MojoExecutionScopeModule.java:47)
      \_ installed by: WireModule -> MojoExecutionScopeModule
  at JarMojo.<init>(JarMojo.java:72)
      \_ for 1st parameter
  while locating JarMojo

Learn more:
  https://github.com/google/guice/wiki/ERROR_IN_CUSTOM_PROVIDER

1 error

======================
Full classname legend:
======================
JarMojo:                  "org.apache.maven.plugins.jar.JarMojo"
MavenProject:             "org.apache.maven.project.MavenProject"
MojoExecutionScopeModule: "org.apache.maven.execution.scope.internal.MojoExecutionScopeModule"
OutOfScopeException:      "com.google.inject.OutOfScopeException"
WireModule:               "org.eclipse.sisu.wire.WireModule"
========================
End of classname legend:
========================

	at com.google.inject.internal.InternalProvisionException.toProvisionException(InternalProvisionException.java:251)
	at com.google.inject.internal.InjectorImpl$1.get(InjectorImpl.java:1104)
	at com.google.inject.internal.InjectorImpl.getInstance(InjectorImpl.java:1139)
	at org.eclipse.sisu.space.AbstractDeferredClass.get(AbstractDeferredClass.java:50)
	at com.google.inject.internal.ProviderInternalFactory.provision(ProviderInternalFactory.java:86)
	at com.google.inject.internal.InternalFactoryToInitializableAdapter.provision(InternalFactoryToInitializableAdapter.java:57)
	at com.google.inject.internal.ProviderInternalFactory$1.call(ProviderInternalFactory.java:67)
	at com.google.inject.internal.ProvisionListenerStackCallback$Provision.provision(ProvisionListenerStackCallback.java:109)
	at com.google.inject.internal.ProvisionListenerStackCallback$Provision.provision(ProvisionListenerStackCallback.java:124)
	at com.google.inject.internal.ProvisionListenerStackCallback.provision(ProvisionListenerStackCallback.java:66)
	at com.google.inject.internal.ProviderInternalFactory.circularGet(ProviderInternalFactory.java:62)
	at com.google.inject.internal.InternalFactoryToInitializableAdapter.get(InternalFactoryToInitializableAdapter.java:47)
	at com.google.inject.internal.InjectorImpl$1.get(InjectorImpl.java:1101)
	at org.eclipse.sisu.inject.Guice4$2.get(Guice4.java:235)
	at org.eclipse.sisu.inject.LazyBeanEntry.getValue(LazyBeanEntry.java:83)
	at org.eclipse.sisu.plexus.LazyPlexusBean.getValue(LazyPlexusBean.java:53)
	at org.codehaus.plexus.DefaultPlexusContainer.lookup(DefaultPlexusContainer.java:265)
	at org.codehaus.plexus.DefaultPlexusContainer.lookup(DefaultPlexusContainer.java:257)
	at org.apache.maven.plugin.internal.DefaultMavenPluginManager.getConfiguredMojo(DefaultMavenPluginManager.java:491)
	at org.eclipse.m2e.core.internal.embedder.MavenImpl.getConfiguredMojo(MavenImpl.java:206)
	at org.eclipse.m2e.mavenarchiver.internal.AbstractMavenArchiverConfigurator.reflectManifestGeneration(AbstractMavenArchiverConfigurator.java:439)
	at org.eclipse.m2e.mavenarchiver.internal.AbstractMavenArchiverConfigurator.lambda$3(AbstractMavenArchiverConfigurator.java:398)
	at org.eclipse.m2e.core.internal.embedder.MavenExecutionContext.executeBare(MavenExecutionContext.java:458)
	at org.eclipse.m2e.core.internal.embedder.MavenExecutionContext.execute(MavenExecutionContext.java:339)
	at org.eclipse.m2e.core.internal.embedder.MavenExecutionContext.execute(MavenExecutionContext.java:278)
	at org.eclipse.m2e.mavenarchiver.internal.AbstractMavenArchiverConfigurator.generateManifest(AbstractMavenArchiverConfigurator.java:371)
	at org.eclipse.m2e.mavenarchiver.internal.AbstractMavenArchiverConfigurator.mavenProjectChanged(AbstractMavenArchiverConfigurator.java:228)
	at org.eclipse.m2e.mavenarchiver.internal.AbstractMavenArchiverConfigurator$1.build(AbstractMavenArchiverConfigurator.java:178)
	at org.eclipse.m2e.core.internal.builder.MavenBuilderImpl.lambda$2(MavenBuilderImpl.java:159)
	at java.base/java.util.LinkedHashMap.forEach(LinkedHashMap.java:986)
	at org.eclipse.m2e.core.internal.builder.MavenBuilderImpl.build(MavenBuilderImpl.java:139)
	at org.eclipse.m2e.core.internal.builder.MavenBuilder$1.method(MavenBuilder.java:164)
	at org.eclipse.m2e.core.internal.builder.MavenBuilder$1.method(MavenBuilder.java:1)
	at org.eclipse.m2e.core.internal.builder.MavenBuilder$BuildMethod.lambda$1(MavenBuilder.java:109)
	at org.eclipse.m2e.core.internal.embedder.MavenExecutionContext.executeBare(MavenExecutionContext.java:458)
	at org.eclipse.m2e.core.internal.embedder.MavenExecutionContext.execute(MavenExecutionContext.java:292)
	at org.eclipse.m2e.core.internal.builder.MavenBuilder$BuildMethod.lambda$0(MavenBuilder.java:100)
	at org.eclipse.m2e.core.internal.embedder.MavenExecutionContext.executeBare(MavenExecutionContext.java:458)
	at org.eclipse.m2e.core.internal.embedder.MavenExecutionContext.execute(MavenExecutionContext.java:339)
	at org.eclipse.m2e.core.internal.embedder.MavenExecutionContext.execute(MavenExecutionContext.java:278)
	at org.eclipse.m2e.core.internal.builder.MavenBuilder$BuildMethod.execute(MavenBuilder.java:83)
	at org.eclipse.m2e.core.internal.builder.MavenBuilder.build(MavenBuilder.java:192)
	at org.eclipse.core.internal.events.BuildManager$2.run(BuildManager.java:1077)
	at org.eclipse.core.runtime.SafeRunner.run(SafeRunner.java:47)
	at org.eclipse.core.internal.events.BuildManager.basicBuild(BuildManager.java:296)
	at org.eclipse.core.internal.events.BuildManager.basicBuild(BuildManager.java:352)
	at org.eclipse.core.internal.events.BuildManager$1.run(BuildManager.java:441)
	at org.eclipse.core.runtime.SafeRunner.run(SafeRunner.java:47)
	at org.eclipse.core.internal.events.BuildManager.basicBuild(BuildManager.java:444)
	at org.eclipse.core.internal.events.BuildManager.basicBuildLoop(BuildManager.java:555)
	at org.eclipse.core.internal.events.BuildManager.basicBuildLoop(BuildManager.java:503)
	at org.eclipse.core.internal.events.BuildManager.build(BuildManager.java:585)
	at org.eclipse.core.internal.events.AutoBuildJob.doBuild(AutoBuildJob.java:207)
	at org.eclipse.core.internal.events.AutoBuildJob.run(AutoBuildJob.java:300)
	at org.eclipse.core.internal.jobs.Worker.run(Worker.java:63)
Caused by: com.google.inject.OutOfScopeException: Cannot access Key[type=org.apache.maven.project.MavenProject, annotation=[none]] outside of a scoping block
	at org.apache.maven.execution.scope.internal.MojoExecutionScope$2.get(MojoExecutionScope.java:99)
	at com.google.inject.internal.InternalFactoryToProviderAdapter.get(InternalFactoryToProviderAdapter.java:45)
	at com.google.inject.internal.SingleParameterInjector.inject(SingleParameterInjector.java:40)
	at com.google.inject.internal.SingleParameterInjector.getAll(SingleParameterInjector.java:60)
	at com.google.inject.internal.ConstructorInjector.provision(ConstructorInjector.java:113)
	at com.google.inject.internal.ConstructorInjector.access$000(ConstructorInjector.java:33)
	at com.google.inject.internal.ConstructorInjector$1.call(ConstructorInjector.java:98)
	at com.google.inject.internal.ProvisionListenerStackCallback$Provision.provision(ProvisionListenerStackCallback.java:109)
	at com.google.inject.internal.ProvisionListenerStackCallback$Provision.provision(ProvisionListenerStackCallback.java:124)
	at com.google.inject.internal.ProvisionListenerStackCallback.provision(ProvisionListenerStackCallback.java:66)
	at com.google.inject.internal.ConstructorInjector.construct(ConstructorInjector.java:93)
	at com.google.inject.internal.ConstructorBindingImpl$Factory.get(ConstructorBindingImpl.java:300)
	at com.google.inject.internal.InjectorImpl$1.get(InjectorImpl.java:1101)
	... 53 common frames omitted
2026-09-04 23:54:50,108 [Worker-42: Building] INFO  o.a.m.s.f.DefaultMavenResourcesFiltering - Copying 1 resource from src\main\resources to target\classes
2026-09-04 23:54:50,113 [Worker-42: Building] INFO  o.a.m.s.f.DefaultMavenResourcesFiltering - Copying 0 resource from src\main\resources to target\classes
2026-09-04 23:54:50,117 [Worker-42: Building] INFO  o.a.m.s.f.DefaultMavenResourcesFiltering - skip non existing resourceDirectory C:\Users\Abdul Rahman\OneDrive\Desktop\roshan\Payment Gateway Integration\User-Service\user-service\src\test\resources
2026-09-04 23:54:50,135 [Worker-42: Building] WARN  Sisu - Error injecting: org.apache.maven.plugins.jar.JarMojo
com.google.inject.ProvisionException: Unable to provision, see the following errors:

1) [Guice/ErrorInCustomProvider]: OutOfScopeException: Cannot access Key[type=MavenProject, annotation=[none]] outside of a scoping block
  at MojoExecutionScopeModule.configure(MojoExecutionScopeModule.java:47)
      \_ installed by: WireModule -> MojoExecutionScopeModule
  at JarMojo.<init>(JarMojo.java:72)
      \_ for 1st parameter
  while locating JarMojo

Learn more:
  https://github.com/google/guice/wiki/ERROR_IN_CUSTOM_PROVIDER

1 error

======================
Full classname legend:
======================
JarMojo:                  "org.apache.maven.plugins.jar.JarMojo"
MavenProject:             "org.apache.maven.project.MavenProject"
MojoExecutionScopeModule: "org.apache.maven.execution.scope.internal.MojoExecutionScopeModule"
OutOfScopeException:      "com.google.inject.OutOfScopeException"
WireModule:               "org.eclipse.sisu.wire.WireModule"
========================
End of classname legend:
========================

	at com.google.inject.internal.InternalProvisionException.toProvisionException(InternalProvisionException.java:251)
	at com.google.inject.internal.InjectorImpl$1.get(InjectorImpl.java:1104)
	at com.google.inject.internal.InjectorImpl.getInstance(InjectorImpl.java:1139)
	at org.eclipse.sisu.space.AbstractDeferredClass.get(AbstractDeferredClass.java:50)
	at com.google.inject.internal.ProviderInternalFactory.provision(ProviderInternalFactory.java:86)
	at com.google.inject.internal.InternalFactoryToInitializableAdapter.provision(InternalFactoryToInitializableAdapter.java:57)
	at com.google.inject.internal.ProviderInternalFactory$1.call(ProviderInternalFactory.java:67)
	at com.google.inject.internal.ProvisionListenerStackCallback$Provision.provision(ProvisionListenerStackCallback.java:109)
	at com.google.inject.internal.ProvisionListenerStackCallback$Provision.provision(ProvisionListenerStackCallback.java:124)
	at com.google.inject.internal.ProvisionListenerStackCallback.provision(ProvisionListenerStackCallback.java:66)
	at com.google.inject.internal.ProviderInternalFactory.circularGet(ProviderInternalFactory.java:62)
	at com.google.inject.internal.InternalFactoryToInitializableAdapter.get(InternalFactoryToInitializableAdapter.java:47)
	at com.google.inject.internal.InjectorImpl$1.get(InjectorImpl.java:1101)
	at org.eclipse.sisu.inject.Guice4$2.get(Guice4.java:235)
	at org.eclipse.sisu.inject.LazyBeanEntry.getValue(LazyBeanEntry.java:83)
	at org.eclipse.sisu.plexus.LazyPlexusBean.getValue(LazyPlexusBean.java:53)
	at org.codehaus.plexus.DefaultPlexusContainer.lookup(DefaultPlexusContainer.java:265)
	at org.codehaus.plexus.DefaultPlexusContainer.lookup(DefaultPlexusContainer.java:257)
	at org.apache.maven.plugin.internal.DefaultMavenPluginManager.getConfiguredMojo(DefaultMavenPluginManager.java:491)
	at org.eclipse.m2e.core.internal.embedder.MavenImpl.getConfiguredMojo(MavenImpl.java:206)
	at org.eclipse.m2e.mavenarchiver.internal.AbstractMavenArchiverConfigurator.reflectManifestGeneration(AbstractMavenArchiverConfigurator.java:439)
	at org.eclipse.m2e.mavenarchiver.internal.AbstractMavenArchiverConfigurator.lambda$3(AbstractMavenArchiverConfigurator.java:398)
	at org.eclipse.m2e.core.internal.embedder.MavenExecutionContext.executeBare(MavenExecutionContext.java:458)
	at org.eclipse.m2e.core.internal.embedder.MavenExecutionContext.execute(MavenExecutionContext.java:339)
	at org.eclipse.m2e.core.internal.embedder.MavenExecutionContext.execute(MavenExecutionContext.java:278)
	at org.eclipse.m2e.mavenarchiver.internal.AbstractMavenArchiverConfigurator.generateManifest(AbstractMavenArchiverConfigurator.java:371)
	at org.eclipse.m2e.mavenarchiver.internal.AbstractMavenArchiverConfigurator.mavenProjectChanged(AbstractMavenArchiverConfigurator.java:228)
	at org.eclipse.m2e.mavenarchiver.internal.AbstractMavenArchiverConfigurator$1.build(AbstractMavenArchiverConfigurator.java:178)
	at org.eclipse.m2e.core.internal.builder.MavenBuilderImpl.lambda$2(MavenBuilderImpl.java:159)
	at java.base/java.util.LinkedHashMap.forEach(LinkedHashMap.java:986)
	at org.eclipse.m2e.core.internal.builder.MavenBuilderImpl.build(MavenBuilderImpl.java:139)
	at org.eclipse.m2e.core.internal.builder.MavenBuilder$1.method(MavenBuilder.java:164)
	at org.eclipse.m2e.core.internal.builder.MavenBuilder$1.method(MavenBuilder.java:1)
	at org.eclipse.m2e.core.internal.builder.MavenBuilder$BuildMethod.lambda$1(MavenBuilder.java:109)
	at org.eclipse.m2e.core.internal.embedder.MavenExecutionContext.executeBare(MavenExecutionContext.java:458)
	at org.eclipse.m2e.core.internal.embedder.MavenExecutionContext.execute(MavenExecutionContext.java:292)
	at org.eclipse.m2e.core.internal.builder.MavenBuilder$BuildMethod.lambda$0(MavenBuilder.java:100)
	at org.eclipse.m2e.core.internal.embedder.MavenExecutionContext.executeBare(MavenExecutionContext.java:458)
	at org.eclipse.m2e.core.internal.embedder.MavenExecutionContext.execute(MavenExecutionContext.java:339)
	at org.eclipse.m2e.core.internal.embedder.MavenExecutionContext.execute(MavenExecutionContext.java:278)
	at org.eclipse.m2e.core.internal.builder.MavenBuilder$BuildMethod.execute(MavenBuilder.java:83)
	at org.eclipse.m2e.core.internal.builder.MavenBuilder.build(MavenBuilder.java:192)
	at org.eclipse.core.internal.events.BuildManager$2.run(BuildManager.java:1077)
	at org.eclipse.core.runtime.SafeRunner.run(SafeRunner.java:47)
	at org.eclipse.core.internal.events.BuildManager.basicBuild(BuildManager.java:296)
	at org.eclipse.core.internal.events.BuildManager.basicBuild(BuildManager.java:352)
	at org.eclipse.core.internal.events.BuildManager$1.run(BuildManager.java:441)
	at org.eclipse.core.runtime.SafeRunner.run(SafeRunner.java:47)
	at org.eclipse.core.internal.events.BuildManager.basicBuild(BuildManager.java:444)
	at org.eclipse.core.internal.events.BuildManager.basicBuildLoop(BuildManager.java:555)
	at org.eclipse.core.internal.events.BuildManager.basicBuildLoop(BuildManager.java:503)
	at org.eclipse.core.internal.events.BuildManager.build(BuildManager.java:585)
	at org.eclipse.core.internal.events.AutoBuildJob.doBuild(AutoBuildJob.java:207)
	at org.eclipse.core.internal.events.AutoBuildJob.run(AutoBuildJob.java:300)
	at org.eclipse.core.internal.jobs.Worker.run(Worker.java:63)
Caused by: com.google.inject.OutOfScopeException: Cannot access Key[type=org.apache.maven.project.MavenProject, annotation=[none]] outside of a scoping block
	at org.apache.maven.execution.scope.internal.MojoExecutionScope$2.get(MojoExecutionScope.java:99)
	at com.google.inject.internal.InternalFactoryToProviderAdapter.get(InternalFactoryToProviderAdapter.java:45)
	at com.google.inject.internal.SingleParameterInjector.inject(SingleParameterInjector.java:40)
	at com.google.inject.internal.SingleParameterInjector.getAll(SingleParameterInjector.java:60)
	at com.google.inject.internal.ConstructorInjector.provision(ConstructorInjector.java:113)
	at com.google.inject.internal.ConstructorInjector.access$000(ConstructorInjector.java:33)
	at com.google.inject.internal.ConstructorInjector$1.call(ConstructorInjector.java:98)
	at com.google.inject.internal.ProvisionListenerStackCallback$Provision.provision(ProvisionListenerStackCallback.java:109)
	at com.google.inject.internal.ProvisionListenerStackCallback$Provision.provision(ProvisionListenerStackCallback.java:124)
	at com.google.inject.internal.ProvisionListenerStackCallback.provision(ProvisionListenerStackCallback.java:66)
	at com.google.inject.internal.ConstructorInjector.construct(ConstructorInjector.java:93)
	at com.google.inject.internal.ConstructorBindingImpl$Factory.get(ConstructorBindingImpl.java:300)
	at com.google.inject.internal.InjectorImpl$1.get(InjectorImpl.java:1101)
	... 53 common frames omitted
2026-09-04 23:55:44,227 [Worker-36: Building] INFO  o.a.m.s.f.DefaultMavenResourcesFiltering - Copying 1 resource from src\main\resources to target\classes
2026-09-04 23:55:44,234 [Worker-36: Building] INFO  o.a.m.s.f.DefaultMavenResourcesFiltering - Copying 0 resource from src\main\resources to target\classes
2026-09-04 23:55:44,241 [Worker-36: Building] INFO  o.a.m.s.f.DefaultMavenResourcesFiltering - skip non existing resourceDirectory C:\Users\Abdul Rahman\OneDrive\Desktop\roshan\Payment Gateway Integration\User-Service\user-service\src\test\resources
2026-09-04 23:55:44,259 [Worker-36: Building] WARN  Sisu - Error injecting: org.apache.maven.plugins.jar.JarMojo
com.google.inject.ProvisionException: Unable to provision, see the following errors:

1) [Guice/ErrorInCustomProvider]: OutOfScopeException: Cannot access Key[type=MavenProject, annotation=[none]] outside of a scoping block
  at MojoExecutionScopeModule.configure(MojoExecutionScopeModule.java:47)
      \_ installed by: WireModule -> MojoExecutionScopeModule
  at JarMojo.<init>(JarMojo.java:72)
      \_ for 1st parameter
  while locating JarMojo

Learn more:
  https://github.com/google/guice/wiki/ERROR_IN_CUSTOM_PROVIDER

1 error

======================
Full classname legend:
======================
JarMojo:                  "org.apache.maven.plugins.jar.JarMojo"
MavenProject:             "org.apache.maven.project.MavenProject"
MojoExecutionScopeModule: "org.apache.maven.execution.scope.internal.MojoExecutionScopeModule"
OutOfScopeException:      "com.google.inject.OutOfScopeException"
WireModule:               "org.eclipse.sisu.wire.WireModule"
========================
End of classname legend:
========================

	at com.google.inject.internal.InternalProvisionException.toProvisionException(InternalProvisionException.java:251)
	at com.google.inject.internal.InjectorImpl$1.get(InjectorImpl.java:1104)
	at com.google.inject.internal.InjectorImpl.getInstance(InjectorImpl.java:1139)
	at org.eclipse.sisu.space.AbstractDeferredClass.get(AbstractDeferredClass.java:50)
	at com.google.inject.internal.ProviderInternalFactory.provision(ProviderInternalFactory.java:86)
	at com.google.inject.internal.InternalFactoryToInitializableAdapter.provision(InternalFactoryToInitializableAdapter.java:57)
	at com.google.inject.internal.ProviderInternalFactory$1.call(ProviderInternalFactory.java:67)
	at com.google.inject.internal.ProvisionListenerStackCallback$Provision.provision(ProvisionListenerStackCallback.java:109)
	at com.google.inject.internal.ProvisionListenerStackCallback$Provision.provision(ProvisionListenerStackCallback.java:124)
	at com.google.inject.internal.ProvisionListenerStackCallback.provision(ProvisionListenerStackCallback.java:66)
	at com.google.inject.internal.ProviderInternalFactory.circularGet(ProviderInternalFactory.java:62)
	at com.google.inject.internal.InternalFactoryToInitializableAdapter.get(InternalFactoryToInitializableAdapter.java:47)
	at com.google.inject.internal.InjectorImpl$1.get(InjectorImpl.java:1101)
	at org.eclipse.sisu.inject.Guice4$2.get(Guice4.java:235)
	at org.eclipse.sisu.inject.LazyBeanEntry.getValue(LazyBeanEntry.java:83)
	at org.eclipse.sisu.plexus.LazyPlexusBean.getValue(LazyPlexusBean.java:53)
	at org.codehaus.plexus.DefaultPlexusContainer.lookup(DefaultPlexusContainer.java:265)
	at org.codehaus.plexus.DefaultPlexusContainer.lookup(DefaultPlexusContainer.java:257)
	at org.apache.maven.plugin.internal.DefaultMavenPluginManager.getConfiguredMojo(DefaultMavenPluginManager.java:491)
	at org.eclipse.m2e.core.internal.embedder.MavenImpl.getConfiguredMojo(MavenImpl.java:206)
	at org.eclipse.m2e.mavenarchiver.internal.AbstractMavenArchiverConfigurator.reflectManifestGeneration(AbstractMavenArchiverConfigurator.java:439)
	at org.eclipse.m2e.mavenarchiver.internal.AbstractMavenArchiverConfigurator.lambda$3(AbstractMavenArchiverConfigurator.java:398)
	at org.eclipse.m2e.core.internal.embedder.MavenExecutionContext.executeBare(MavenExecutionContext.java:458)
	at org.eclipse.m2e.core.internal.embedder.MavenExecutionContext.execute(MavenExecutionContext.java:339)
	at org.eclipse.m2e.core.internal.embedder.MavenExecutionContext.execute(MavenExecutionContext.java:278)
	at org.eclipse.m2e.mavenarchiver.internal.AbstractMavenArchiverConfigurator.generateManifest(AbstractMavenArchiverConfigurator.java:371)
	at org.eclipse.m2e.mavenarchiver.internal.AbstractMavenArchiverConfigurator.mavenProjectChanged(AbstractMavenArchiverConfigurator.java:228)
	at org.eclipse.m2e.mavenarchiver.internal.AbstractMavenArchiverConfigurator$1.build(AbstractMavenArchiverConfigurator.java:178)
	at org.eclipse.m2e.core.internal.builder.MavenBuilderImpl.lambda$2(MavenBuilderImpl.java:159)
	at java.base/java.util.LinkedHashMap.forEach(LinkedHashMap.java:986)
	at org.eclipse.m2e.core.internal.builder.MavenBuilderImpl.build(MavenBuilderImpl.java:139)
	at org.eclipse.m2e.core.internal.builder.MavenBuilder$1.method(MavenBuilder.java:164)
	at org.eclipse.m2e.core.internal.builder.MavenBuilder$1.method(MavenBuilder.java:1)
	at org.eclipse.m2e.core.internal.builder.MavenBuilder$BuildMethod.lambda$1(MavenBuilder.java:109)
	at org.eclipse.m2e.core.internal.embedder.MavenExecutionContext.executeBare(MavenExecutionContext.java:458)
	at org.eclipse.m2e.core.internal.embedder.MavenExecutionContext.execute(MavenExecutionContext.java:292)
	at org.eclipse.m2e.core.internal.builder.MavenBuilder$BuildMethod.lambda$0(MavenBuilder.java:100)
	at org.eclipse.m2e.core.internal.embedder.MavenExecutionContext.executeBare(MavenExecutionContext.java:458)
	at org.eclipse.m2e.core.internal.embedder.MavenExecutionContext.execute(MavenExecutionContext.java:339)
	at org.eclipse.m2e.core.internal.embedder.MavenExecutionContext.execute(MavenExecutionContext.java:278)
	at org.eclipse.m2e.core.internal.builder.MavenBuilder$BuildMethod.execute(MavenBuilder.java:83)
	at org.eclipse.m2e.core.internal.builder.MavenBuilder.build(MavenBuilder.java:192)
	at org.eclipse.core.internal.events.BuildManager$2.run(BuildManager.java:1077)
	at org.eclipse.core.runtime.SafeRunner.run(SafeRunner.java:47)
	at org.eclipse.core.internal.events.BuildManager.basicBuild(BuildManager.java:296)
	at org.eclipse.core.internal.events.BuildManager.basicBuild(BuildManager.java:352)
	at org.eclipse.core.internal.events.BuildManager$1.run(BuildManager.java:441)
	at org.eclipse.core.runtime.SafeRunner.run(SafeRunner.java:47)
	at org.eclipse.core.internal.events.BuildManager.basicBuild(BuildManager.java:444)
	at org.eclipse.core.internal.events.BuildManager.basicBuildLoop(BuildManager.java:555)
	at org.eclipse.core.internal.events.BuildManager.basicBuildLoop(BuildManager.java:503)
	at org.eclipse.core.internal.events.BuildManager.build(BuildManager.java:585)
	at org.eclipse.core.internal.events.AutoBuildJob.doBuild(AutoBuildJob.java:207)
	at org.eclipse.core.internal.events.AutoBuildJob.run(AutoBuildJob.java:300)
	at org.eclipse.core.internal.jobs.Worker.run(Worker.java:63)
Caused by: com.google.inject.OutOfScopeException: Cannot access Key[type=org.apache.maven.project.MavenProject, annotation=[none]] outside of a scoping block
	at org.apache.maven.execution.scope.internal.MojoExecutionScope$2.get(MojoExecutionScope.java:99)
	at com.google.inject.internal.InternalFactoryToProviderAdapter.get(InternalFactoryToProviderAdapter.java:45)
	at com.google.inject.internal.SingleParameterInjector.inject(SingleParameterInjector.java:40)
	at com.google.inject.internal.SingleParameterInjector.getAll(SingleParameterInjector.java:60)
	at com.google.inject.internal.ConstructorInjector.provision(ConstructorInjector.java:113)
	at com.google.inject.internal.ConstructorInjector.access$000(ConstructorInjector.java:33)
	at com.google.inject.internal.ConstructorInjector$1.call(ConstructorInjector.java:98)
	at com.google.inject.internal.ProvisionListenerStackCallback$Provision.provision(ProvisionListenerStackCallback.java:109)
	at com.google.inject.internal.ProvisionListenerStackCallback$Provision.provision(ProvisionListenerStackCallback.java:124)
	at com.google.inject.internal.ProvisionListenerStackCallback.provision(ProvisionListenerStackCallback.java:66)
	at com.google.inject.internal.ConstructorInjector.construct(ConstructorInjector.java:93)
	at com.google.inject.internal.ConstructorBindingImpl$Factory.get(ConstructorBindingImpl.java:300)
	at com.google.inject.internal.InjectorImpl$1.get(InjectorImpl.java:1101)
	... 53 common frames omitted
2026-09-04 23:56:51,627 [Worker-40: Building] INFO  o.a.m.s.f.DefaultMavenResourcesFiltering - Copying 1 resource from src\main\resources to target\classes
2026-09-04 23:56:51,632 [Worker-40: Building] INFO  o.a.m.s.f.DefaultMavenResourcesFiltering - Copying 0 resource from src\main\resources to target\classes
2026-09-04 23:56:51,637 [Worker-40: Building] INFO  o.a.m.s.f.DefaultMavenResourcesFiltering - skip non existing resourceDirectory C:\Users\Abdul Rahman\OneDrive\Desktop\roshan\Payment Gateway Integration\User-Service\user-service\src\test\resources
2026-09-04 23:56:51,653 [Worker-40: Building] WARN  Sisu - Error injecting: org.apache.maven.plugins.jar.JarMojo
com.google.inject.ProvisionException: Unable to provision, see the following errors:

1) [Guice/ErrorInCustomProvider]: OutOfScopeException: Cannot access Key[type=MavenProject, annotation=[none]] outside of a scoping block
  at MojoExecutionScopeModule.configure(MojoExecutionScopeModule.java:47)
      \_ installed by: WireModule -> MojoExecutionScopeModule
  at JarMojo.<init>(JarMojo.java:72)
      \_ for 1st parameter
  while locating JarMojo

Learn more:
  https://github.com/google/guice/wiki/ERROR_IN_CUSTOM_PROVIDER

1 error

======================
Full classname legend:
======================
JarMojo:                  "org.apache.maven.plugins.jar.JarMojo"
MavenProject:             "org.apache.maven.project.MavenProject"
MojoExecutionScopeModule: "org.apache.maven.execution.scope.internal.MojoExecutionScopeModule"
OutOfScopeException:      "com.google.inject.OutOfScopeException"
WireModule:               "org.eclipse.sisu.wire.WireModule"
========================
End of classname legend:
========================

	at com.google.inject.internal.InternalProvisionException.toProvisionException(InternalProvisionException.java:251)
	at com.google.inject.internal.InjectorImpl$1.get(InjectorImpl.java:1104)
	at com.google.inject.internal.InjectorImpl.getInstance(InjectorImpl.java:1139)
	at org.eclipse.sisu.space.AbstractDeferredClass.get(AbstractDeferredClass.java:50)
	at com.google.inject.internal.ProviderInternalFactory.provision(ProviderInternalFactory.java:86)
	at com.google.inject.internal.InternalFactoryToInitializableAdapter.provision(InternalFactoryToInitializableAdapter.java:57)
	at com.google.inject.internal.ProviderInternalFactory$1.call(ProviderInternalFactory.java:67)
	at com.google.inject.internal.ProvisionListenerStackCallback$Provision.provision(ProvisionListenerStackCallback.java:109)
	at com.google.inject.internal.ProvisionListenerStackCallback$Provision.provision(ProvisionListenerStackCallback.java:124)
	at com.google.inject.internal.ProvisionListenerStackCallback.provision(ProvisionListenerStackCallback.java:66)
	at com.google.inject.internal.ProviderInternalFactory.circularGet(ProviderInternalFactory.java:62)
	at com.google.inject.internal.InternalFactoryToInitializableAdapter.get(InternalFactoryToInitializableAdapter.java:47)
	at com.google.inject.internal.InjectorImpl$1.get(InjectorImpl.java:1101)
	at org.eclipse.sisu.inject.Guice4$2.get(Guice4.java:235)
	at org.eclipse.sisu.inject.LazyBeanEntry.getValue(LazyBeanEntry.java:83)
	at org.eclipse.sisu.plexus.LazyPlexusBean.getValue(LazyPlexusBean.java:53)
	at org.codehaus.plexus.DefaultPlexusContainer.lookup(DefaultPlexusContainer.java:265)
	at org.codehaus.plexus.DefaultPlexusContainer.lookup(DefaultPlexusContainer.java:257)
	at org.apache.maven.plugin.internal.DefaultMavenPluginManager.getConfiguredMojo(DefaultMavenPluginManager.java:491)
	at org.eclipse.m2e.core.internal.embedder.MavenImpl.getConfiguredMojo(MavenImpl.java:206)
	at org.eclipse.m2e.mavenarchiver.internal.AbstractMavenArchiverConfigurator.reflectManifestGeneration(AbstractMavenArchiverConfigurator.java:439)
	at org.eclipse.m2e.mavenarchiver.internal.AbstractMavenArchiverConfigurator.lambda$3(AbstractMavenArchiverConfigurator.java:398)
	at org.eclipse.m2e.core.internal.embedder.MavenExecutionContext.executeBare(MavenExecutionContext.java:458)
	at org.eclipse.m2e.core.internal.embedder.MavenExecutionContext.execute(MavenExecutionContext.java:339)
	at org.eclipse.m2e.core.internal.embedder.MavenExecutionContext.execute(MavenExecutionContext.java:278)
	at org.eclipse.m2e.mavenarchiver.internal.AbstractMavenArchiverConfigurator.generateManifest(AbstractMavenArchiverConfigurator.java:371)
	at org.eclipse.m2e.mavenarchiver.internal.AbstractMavenArchiverConfigurator.mavenProjectChanged(AbstractMavenArchiverConfigurator.java:228)
	at org.eclipse.m2e.mavenarchiver.internal.AbstractMavenArchiverConfigurator$1.build(AbstractMavenArchiverConfigurator.java:178)
	at org.eclipse.m2e.core.internal.builder.MavenBuilderImpl.lambda$2(MavenBuilderImpl.java:159)
	at java.base/java.util.LinkedHashMap.forEach(LinkedHashMap.java:986)
	at org.eclipse.m2e.core.internal.builder.MavenBuilderImpl.build(MavenBuilderImpl.java:139)
	at org.eclipse.m2e.core.internal.builder.MavenBuilder$1.method(MavenBuilder.java:164)
	at org.eclipse.m2e.core.internal.builder.MavenBuilder$1.method(MavenBuilder.java:1)
	at org.eclipse.m2e.core.internal.builder.MavenBuilder$BuildMethod.lambda$1(MavenBuilder.java:109)
	at org.eclipse.m2e.core.internal.embedder.MavenExecutionContext.executeBare(MavenExecutionContext.java:458)
	at org.eclipse.m2e.core.internal.embedder.MavenExecutionContext.execute(MavenExecutionContext.java:292)
	at org.eclipse.m2e.core.internal.builder.MavenBuilder$BuildMethod.lambda$0(MavenBuilder.java:100)
	at org.eclipse.m2e.core.internal.embedder.MavenExecutionContext.executeBare(MavenExecutionContext.java:458)
	at org.eclipse.m2e.core.internal.embedder.MavenExecutionContext.execute(MavenExecutionContext.java:339)
	at org.eclipse.m2e.core.internal.embedder.MavenExecutionContext.execute(MavenExecutionContext.java:278)
	at org.eclipse.m2e.core.internal.builder.MavenBuilder$BuildMethod.execute(MavenBuilder.java:83)
	at org.eclipse.m2e.core.internal.builder.MavenBuilder.build(MavenBuilder.java:192)
	at org.eclipse.core.internal.events.BuildManager$2.run(BuildManager.java:1077)
	at org.eclipse.core.runtime.SafeRunner.run(SafeRunner.java:47)
	at org.eclipse.core.internal.events.BuildManager.basicBuild(BuildManager.java:296)
	at org.eclipse.core.internal.events.BuildManager.basicBuild(BuildManager.java:352)
	at org.eclipse.core.internal.events.BuildManager$1.run(BuildManager.java:441)
	at org.eclipse.core.runtime.SafeRunner.run(SafeRunner.java:47)
	at org.eclipse.core.internal.events.BuildManager.basicBuild(BuildManager.java:444)
	at org.eclipse.core.internal.events.BuildManager.basicBuildLoop(BuildManager.java:555)
	at org.eclipse.core.internal.events.BuildManager.basicBuildLoop(BuildManager.java:503)
	at org.eclipse.core.internal.events.BuildManager.build(BuildManager.java:585)
	at org.eclipse.core.internal.events.AutoBuildJob.doBuild(AutoBuildJob.java:207)
	at org.eclipse.core.internal.events.AutoBuildJob.run(AutoBuildJob.java:300)
	at org.eclipse.core.internal.jobs.Worker.run(Worker.java:63)
Caused by: com.google.inject.OutOfScopeException: Cannot access Key[type=org.apache.maven.project.MavenProject, annotation=[none]] outside of a scoping block
	at org.apache.maven.execution.scope.internal.MojoExecutionScope$2.get(MojoExecutionScope.java:99)
	at com.google.inject.internal.InternalFactoryToProviderAdapter.get(InternalFactoryToProviderAdapter.java:45)
	at com.google.inject.internal.SingleParameterInjector.inject(SingleParameterInjector.java:40)
	at com.google.inject.internal.SingleParameterInjector.getAll(SingleParameterInjector.java:60)
	at com.google.inject.internal.ConstructorInjector.provision(ConstructorInjector.java:113)
	at com.google.inject.internal.ConstructorInjector.access$000(ConstructorInjector.java:33)
	at com.google.inject.internal.ConstructorInjector$1.call(ConstructorInjector.java:98)
	at com.google.inject.internal.ProvisionListenerStackCallback$Provision.provision(ProvisionListenerStackCallback.java:109)
	at com.google.inject.internal.ProvisionListenerStackCallback$Provision.provision(ProvisionListenerStackCallback.java:124)
	at com.google.inject.internal.ProvisionListenerStackCallback.provision(ProvisionListenerStackCallback.java:66)
	at com.google.inject.internal.ConstructorInjector.construct(ConstructorInjector.java:93)
	at com.google.inject.internal.ConstructorBindingImpl$Factory.get(ConstructorBindingImpl.java:300)
	at com.google.inject.internal.InjectorImpl$1.get(InjectorImpl.java:1101)
	... 53 common frames omitted
2026-09-04 23:56:57,911 [Worker-35: Building] INFO  o.a.m.s.f.DefaultMavenResourcesFiltering - Copying 1 resource from src\main\resources to target\classes
2026-09-04 23:56:57,915 [Worker-35: Building] INFO  o.a.m.s.f.DefaultMavenResourcesFiltering - Copying 0 resource from src\main\resources to target\classes
2026-09-04 23:56:57,920 [Worker-35: Building] INFO  o.a.m.s.f.DefaultMavenResourcesFiltering - skip non existing resourceDirectory C:\Users\Abdul Rahman\OneDrive\Desktop\roshan\Payment Gateway Integration\User-Service\user-service\src\test\resources
2026-09-04 23:56:57,932 [Worker-35: Building] WARN  Sisu - Error injecting: org.apache.maven.plugins.jar.JarMojo
com.google.inject.ProvisionException: Unable to provision, see the following errors:

1) [Guice/ErrorInCustomProvider]: OutOfScopeException: Cannot access Key[type=MavenProject, annotation=[none]] outside of a scoping block
  at MojoExecutionScopeModule.configure(MojoExecutionScopeModule.java:47)
      \_ installed by: WireModule -> MojoExecutionScopeModule
  at JarMojo.<init>(JarMojo.java:72)
      \_ for 1st parameter
  while locating JarMojo

Learn more:
  https://github.com/google/guice/wiki/ERROR_IN_CUSTOM_PROVIDER

1 error

======================
Full classname legend:
======================
JarMojo:                  "org.apache.maven.plugins.jar.JarMojo"
MavenProject:             "org.apache.maven.project.MavenProject"
MojoExecutionScopeModule: "org.apache.maven.execution.scope.internal.MojoExecutionScopeModule"
OutOfScopeException:      "com.google.inject.OutOfScopeException"
WireModule:               "org.eclipse.sisu.wire.WireModule"
========================
End of classname legend:
========================

	at com.google.inject.internal.InternalProvisionException.toProvisionException(InternalProvisionException.java:251)
	at com.google.inject.internal.InjectorImpl$1.get(InjectorImpl.java:1104)
	at com.google.inject.internal.InjectorImpl.getInstance(InjectorImpl.java:1139)
	at org.eclipse.sisu.space.AbstractDeferredClass.get(AbstractDeferredClass.java:50)
	at com.google.inject.internal.ProviderInternalFactory.provision(ProviderInternalFactory.java:86)
	at com.google.inject.internal.InternalFactoryToInitializableAdapter.provision(InternalFactoryToInitializableAdapter.java:57)
	at com.google.inject.internal.ProviderInternalFactory$1.call(ProviderInternalFactory.java:67)
	at com.google.inject.internal.ProvisionListenerStackCallback$Provision.provision(ProvisionListenerStackCallback.java:109)
	at com.google.inject.internal.ProvisionListenerStackCallback$Provision.provision(ProvisionListenerStackCallback.java:124)
	at com.google.inject.internal.ProvisionListenerStackCallback.provision(ProvisionListenerStackCallback.java:66)
	at com.google.inject.internal.ProviderInternalFactory.circularGet(ProviderInternalFactory.java:62)
	at com.google.inject.internal.InternalFactoryToInitializableAdapter.get(InternalFactoryToInitializableAdapter.java:47)
	at com.google.inject.internal.InjectorImpl$1.get(InjectorImpl.java:1101)
	at org.eclipse.sisu.inject.Guice4$2.get(Guice4.java:235)
	at org.eclipse.sisu.inject.LazyBeanEntry.getValue(LazyBeanEntry.java:83)
	at org.eclipse.sisu.plexus.LazyPlexusBean.getValue(LazyPlexusBean.java:53)
	at org.codehaus.plexus.DefaultPlexusContainer.lookup(DefaultPlexusContainer.java:265)
	at org.codehaus.plexus.DefaultPlexusContainer.lookup(DefaultPlexusContainer.java:257)
	at org.apache.maven.plugin.internal.DefaultMavenPluginManager.getConfiguredMojo(DefaultMavenPluginManager.java:491)
	at org.eclipse.m2e.core.internal.embedder.MavenImpl.getConfiguredMojo(MavenImpl.java:206)
	at org.eclipse.m2e.mavenarchiver.internal.AbstractMavenArchiverConfigurator.reflectManifestGeneration(AbstractMavenArchiverConfigurator.java:439)
	at org.eclipse.m2e.mavenarchiver.internal.AbstractMavenArchiverConfigurator.lambda$3(AbstractMavenArchiverConfigurator.java:398)
	at org.eclipse.m2e.core.internal.embedder.MavenExecutionContext.executeBare(MavenExecutionContext.java:458)
	at org.eclipse.m2e.core.internal.embedder.MavenExecutionContext.execute(MavenExecutionContext.java:339)
	at org.eclipse.m2e.core.internal.embedder.MavenExecutionContext.execute(MavenExecutionContext.java:278)
	at org.eclipse.m2e.mavenarchiver.internal.AbstractMavenArchiverConfigurator.generateManifest(AbstractMavenArchiverConfigurator.java:371)
	at org.eclipse.m2e.mavenarchiver.internal.AbstractMavenArchiverConfigurator.mavenProjectChanged(AbstractMavenArchiverConfigurator.java:228)
	at org.eclipse.m2e.mavenarchiver.internal.AbstractMavenArchiverConfigurator$1.build(AbstractMavenArchiverConfigurator.java:178)
	at org.eclipse.m2e.core.internal.builder.MavenBuilderImpl.lambda$2(MavenBuilderImpl.java:159)
	at java.base/java.util.LinkedHashMap.forEach(LinkedHashMap.java:986)
	at org.eclipse.m2e.core.internal.builder.MavenBuilderImpl.build(MavenBuilderImpl.java:139)
	at org.eclipse.m2e.core.internal.builder.MavenBuilder$1.method(MavenBuilder.java:164)
	at org.eclipse.m2e.core.internal.builder.MavenBuilder$1.method(MavenBuilder.java:1)
	at org.eclipse.m2e.core.internal.builder.MavenBuilder$BuildMethod.lambda$1(MavenBuilder.java:109)
	at org.eclipse.m2e.core.internal.embedder.MavenExecutionContext.executeBare(MavenExecutionContext.java:458)
	at org.eclipse.m2e.core.internal.embedder.MavenExecutionContext.execute(MavenExecutionContext.java:292)
	at org.eclipse.m2e.core.internal.builder.MavenBuilder$BuildMethod.lambda$0(MavenBuilder.java:100)
	at org.eclipse.m2e.core.internal.embedder.MavenExecutionContext.executeBare(MavenExecutionContext.java:458)
	at org.eclipse.m2e.core.internal.embedder.MavenExecutionContext.execute(MavenExecutionContext.java:339)
	at org.eclipse.m2e.core.internal.embedder.MavenExecutionContext.execute(MavenExecutionContext.java:278)
	at org.eclipse.m2e.core.internal.builder.MavenBuilder$BuildMethod.execute(MavenBuilder.java:83)
	at org.eclipse.m2e.core.internal.builder.MavenBuilder.build(MavenBuilder.java:192)
	at org.eclipse.core.internal.events.BuildManager$2.run(BuildManager.java:1077)
	at org.eclipse.core.runtime.SafeRunner.run(SafeRunner.java:47)
	at org.eclipse.core.internal.events.BuildManager.basicBuild(BuildManager.java:296)
	at org.eclipse.core.internal.events.BuildManager.basicBuild(BuildManager.java:352)
	at org.eclipse.core.internal.events.BuildManager$1.run(BuildManager.java:441)
	at org.eclipse.core.runtime.SafeRunner.run(SafeRunner.java:47)
	at org.eclipse.core.internal.events.BuildManager.basicBuild(BuildManager.java:444)
	at org.eclipse.core.internal.events.BuildManager.basicBuildLoop(BuildManager.java:555)
	at org.eclipse.core.internal.events.BuildManager.basicBuildLoop(BuildManager.java:503)
	at org.eclipse.core.internal.events.BuildManager.build(BuildManager.java:585)
	at org.eclipse.core.internal.events.AutoBuildJob.doBuild(AutoBuildJob.java:207)
	at org.eclipse.core.internal.events.AutoBuildJob.run(AutoBuildJob.java:300)
	at org.eclipse.core.internal.jobs.Worker.run(Worker.java:63)
Caused by: com.google.inject.OutOfScopeException: Cannot access Key[type=org.apache.maven.project.MavenProject, annotation=[none]] outside of a scoping block
	at org.apache.maven.execution.scope.internal.MojoExecutionScope$2.get(MojoExecutionScope.java:99)
	at com.google.inject.internal.InternalFactoryToProviderAdapter.get(InternalFactoryToProviderAdapter.java:45)
	at com.google.inject.internal.SingleParameterInjector.inject(SingleParameterInjector.java:40)
	at com.google.inject.internal.SingleParameterInjector.getAll(SingleParameterInjector.java:60)
	at com.google.inject.internal.ConstructorInjector.provision(ConstructorInjector.java:113)
	at com.google.inject.internal.ConstructorInjector.access$000(ConstructorInjector.java:33)
	at com.google.inject.internal.ConstructorInjector$1.call(ConstructorInjector.java:98)
	at com.google.inject.internal.ProvisionListenerStackCallback$Provision.provision(ProvisionListenerStackCallback.java:109)
	at com.google.inject.internal.ProvisionListenerStackCallback$Provision.provision(ProvisionListenerStackCallback.java:124)
	at com.google.inject.internal.ProvisionListenerStackCallback.provision(ProvisionListenerStackCallback.java:66)
	at com.google.inject.internal.ConstructorInjector.construct(ConstructorInjector.java:93)
	at com.google.inject.internal.ConstructorBindingImpl$Factory.get(ConstructorBindingImpl.java:300)
	at com.google.inject.internal.InjectorImpl$1.get(InjectorImpl.java:1101)
	... 53 common frames omitted
2026-09-06 19:02:09,081 [Worker-0: Loading available Gradle versions] INFO  o.e.b.c.i.u.g.PublishedGradleVersions - Gradle version information cache is out-of-date. Trying to update.
2026-09-06 19:02:48,873 [Worker-0: Loading available Gradle versions] INFO  o.e.b.c.i.u.g.PublishedGradleVersions - Updating Gradle version information cache failed. Using outdated cache.
2026-09-08 19:22:40,019 [Worker-4: Loading available Gradle versions] INFO  o.e.b.c.i.u.g.PublishedGradleVersions - Gradle version information cache is out-of-date. Trying to update.
